time,n_sites,final_field,prob_up,prob_down,return_echo,rate_up,rate_down,rate_total,rate_lower_envelope,delta_rate,magnetization_z
0.0,400,0.7,0.9999999999999996,2.9199035423487045e-30,0.9999999999999996,1.1102230246251568e-18,0.17001500551882257,1.1102230246251568e-18,1.1102230246251568e-18,-0.17001500551882257,0.9999999999999994
0.004,400,0.7,0.996868924616847,2.9649776667563224e-30,0.996868924616847,7.839968639350164e-06,0.16997670822422836,7.839968639350164e-06,7.839968639350164e-06,-0.16996886825558902,0.9999843201241845
0.008,400,0.7,0.9875345462402495,2.8733653932211244e-30,0.9875345462402495,3.135949821084953e-05,0.17005517209035637,3.135949821084953e-05,3.135949821084953e-05,-0.17002381259214552,0.9999372819869017
0.012,400,0.7,0.9721715641074093,2.781216749885339e-30,0.9721715641074093,7.055745953439079e-05,0.17013666069514458,7.055745953439079e-05,7.055745953439079e-05,-0.1700661032356102,0.9998588900582186
0.016,400,0.7,0.9510650776033511,2.7087513845026738e-30,0.9510650776033511,0.00012543197017493872,0.1702026625120768,0.00012543197017493872,0.00012543197017493872,-0.17007723054190185,0.9997491517868359
0.02,400,0.7,0.9246017659247086,2.508469709778412e-30,0.9246017659247086,0.000195980393740314,0.17039469974996407,0.000195980393740314,0.000195980393740314,-0.17019871935622377,0.9996080775979778
0.024,400,0.7,0.8932580808399346,2.391493386216256e-30,0.8932580808399346,0.0002821993388982437,0.17051408692806205,0.0002821993388982437,0.0002821993388982437,-0.1702318875891638,0.9994356808904334
0.028,400,0.7,0.8575859572755645,2.1946208899197874e-30,0.8575859572755645,0.0003840846581128317,0.17072885868377438,0.0003840846581128317,0.0003840846581128317,-0.17034477402566156,0.9992319780327613
0.032,400,0.7,0.8181966413340033,2.0121954448671886e-30,0.8181966413340033,0.0005016314461006535,0.17094581600676403,0.0005016314461006535,0.0005016314461006535,-0.17044418456066338,0.9989969883586457
0.036000000000000004,400,0.7,0.7757432978987965,1.712446869361239e-30,0.7757432978987965,0.0006348340380066779,0.17134907381084732,0.0006348340380066779,0.0006348340380066779,-0.17071423977284064,0.9987307341614294
0.04,400,0.7,0.7309030877488574,1.5179926975181234e-30,0.7309030877488574,0.0007836860073003779,0.17165040980363408,0.0007836860073003779,0.0007836860073003779,-0.1708667237963337,0.9984332406877913
0.044,400,0.7,0.6843593968524251,1.4218314047368332e-30,0.6843593968524251,0.0009481801633922987,0.17181401756884773,0.0009481801633922987,0.0009481801633922987,-0.17086583740545544,0.9981045361306121
0.048,400,0.7,0.6367848601729661,1.2312374608500146e-30,0.6367848601729661,0.0011283085489715017,0.1721738326511257,0.0011283085489715017,0.0011283085489715017,-0.1710455241021542,0.997744651621
0.052000000000000005,400,0.7,0.5888257527567009,9.98605732930638e-31,0.5888257527567009,0.0013240624370643363,0.1726973700744637,0.0013240624370643363,0.0013240624370643363,-0.17137330763739936,0.9973536212194958
0.056,400,0.7,0.5410882275276145,8.355033951535951e-31,0.5410882275276145,0.0015354323278150065,0.17314318414289354,0.0015354323278150065,0.0015354323278150065,-0.17160775181507854,0.9969314819064593
0.06,400,0.7,0.49412676865931043,6.01970802736704e-31,0.49412676865931043,0.0017624079449885027,0.1739627478127706,0.0017624079449885027,0.0017624079449885027,-0.1722003398677821,0.9964782735716401
0.064,400,0.7,0.4484351088100437,5.954484726172111e-31,0.4484351088100437,0.002004978232196497,0.17398998302920676,0.002004978232196497,0.002004978232196497,-0.17198500479701026,0.9959940390029425
0.068,400,0.7,0.4044397351809364,3.771039769427281e-31,0.4044397351809364,0.002263131348846896,0.1751319677961812,0.002263131348846896,0.002263131348846896,-0.1728688364473343,0.9954788238743768
0.07200000000000001,400,0.7,0.3624959901777905,2.430050677728977e-31,0.3624959901777905,0.0025368546658177406,0.1762305644266198,0.0025368546658177406,0.0025368546658177406,-0.17369370976080206,0.9949326767332273
0.076,400,0.7,0.3228866634964845,2.4246135336127575e-31,0.3228866634964845,0.0028261347608562973,0.17623616434677175,0.0028261347608562973,0.0028261347608562973,-0.17341002958591545,0.994355648986421
0.08,400,0.7,0.2858228786354199,1.5945974125986746e-31,0.2858228786354199,0.003130957413704225,0.17728379146083145,0.003130957413704225,0.003130957413704225,-0.17415283404712723,0.9937477948861113
0.084,400,0.7,0.25144700172412243,2.97866604846513e-31,0.25144700172412243,0.0034513076009497134,0.17572165579314925,0.0034513076009497134,0.0034513076009497134,-0.17227034819219952,0.9931091715144916
0.088,400,0.7,0.21983724623657158,1.3183298340668469e-31,0.21983724623657158,0.003787169490607687,0.17775943056144572,0.003787169490607687,0.003787169490607687,-0.17397226107083802,0.992439838767831
0.092,400,0.7,0.1910136142706798,1.3347335810937537e-31,0.1910136142706798,0.004138526436429112,0.17772851543900667,0.004138526436429112,0.004138526436429112,-0.17358998900257755,0.9917398593397612
0.096,400,0.7,0.16494480292490443,2.178863579047791e-31,0.16494480292490443,0.004505360971940727,0.17650333608987537,0.004505360971940727,0.004505360971940727,-0.17199797511793463,0.9910092987037945
0.1,400,0.7,0.1415557110543797,1.6022028837138108e-31,0.1415557110543797,0.004887654804216309,0.17727189599542953,0.004887654804216309,0.004887654804216309,-0.17238424119121323,0.9902482250951168
0.10400000000000001,400,0.7,0.12073520462377156,4.2448590384599295e-31,0.12073520462377156,0.005285388807381066,0.17483607317522776,0.005285388807381066,0.005285388807381066,-0.1695506843678467,0.9894567094916306
0.108,400,0.7,0.10234383467642058,5.49055197261389e-31,0.10234383467642058,0.005698543015850485,0.17419277272722053,0.005698543015850485,0.005698543015850485,-0.16849422971137004,0.98863482559428
0.112,400,0.7,0.08622124698654851,6.051337795394944e-31,0.08622124698654851,0.006127096617305311,0.17394964628002757,0.006127096617305311,0.006127096617305311,-0.16782254966272225,0.987782649806662
0.116,400,0.7,0.07219307309764596,5.2742296751806285e-31,0.07219307309764596,0.00657102794540439,0.1742932631181457,0.00657102794540439,0.00657102794540439,-0.1677222351727413,0.9869002612139237
0.12,400,0.7,0.060077145224322254,6.88155314293622e-31,0.060077145224322254,0.007030314472237082,0.17362823377206876,0.007030314472237082,0.007030314472237082,-0.16659791929983167,0.985987741560979
0.124,400,0.7,0.04968892934910179,7.073848685477382e-31,0.04968892934910179,0.007504932800517417,0.17355933295623985,0.007504932800517417,0.007504932800517417,-0.16605440015572243,0.9850451752300259
0.128,400,0.7,0.040846119249191105,9.419338183676119e-31,0.040846119249191105,0.007994858655521787,0.17284343263301302,0.007994858655521787,0.007994858655521787,-0.16484857397749123,0.9840726492174028
0.132,400,0.7,0.033372377213630816,6.676952244039832e-31,0.033372377213630816,0.008500066876772728,0.173703690625683,0.008500066876772728,0.008500066876772728,-0.16520362374891026,0.9830702531097772
0.136,400,0.7,0.02710024355714571,1.550084972232929e-30,0.02710024355714571,0.009020531409470794,0.17159810759899347,0.009020531409470794,0.009020531409470794,-0.16257757618952268,0.9820380790596863
0.14,400,0.7,0.021873266003955134,1.0265718976073537e-30,0.021873266003955134,0.009556225295677467,0.17262831948322474,0.009556225295677467,0.009556225295677467,-0.16307209418754728,0.9809762217604387
0.14400000000000002,400,0.7,0.01754742144456646,1.3492450681648418e-30,0.01754742144456646,0.01010712066525127,0.1719450189063834,0.01010712066525127,0.01010712066525127,-0.16183789824113212,0.9798847784203938
0.148,400,0.7,0.013991916756937724,1.5493446945455516e-30,0.013991916756937724,0.01067318872654043,0.17159930181499614,0.01067318872654043,0.01067318872654043,-0.1609261130884557,0.9787638487366208
0.152,400,0.7,0.011089462978488162,2.0118884636765613e-30,0.011089462978488162,0.011254399756834732,0.17094619743667228,0.011254399756834732,0.011254399756834732,-0.15969179767983754,0.977613534867968
0.156,400,0.7,0.008736119010880897,1.3144299150805367e-30,0.008736119010880897,0.011850723092579962,0.1720103743571105,0.011850723092579962,0.011850723092579962,-0.16015965126453055,0.9764339414075319
0.16,400,0.7,0.006840798271872213,2.1676712713159956e-30,0.006840798271872213,0.012462127119358188,0.1707597483634059,0.012462127119358188,0.012462127119358188,-0.15829762124404773,0.9752251753545644
0.164,400,0.7,0.005324525365199967,2.5784144957769803e-30,0.005324525365199967,0.013088579261637595,0.17032594529078338,0.013088579261637595,0.013088579261637595,-0.1572373660291458,0.9739873460858101
0.168,400,0.7,0.004119520981863451,1.6883370467975493e-30,0.004119520981863451,0.013730045972295444,0.17138452185326508,0.013730045972295444,0.013730045972295444,-0.15765447588096965,0.9727205653262977
0.17200000000000001,400,0.7,0.0031681828503963907,3.412912480685679e-30,0.0031681828503963907,0.014386492721918548,0.16962496690788473,0.014386492721918548,0.014386492721918548,-0.15523847418596617,0.9714249471196044
0.176,400,0.7,0.0024220194698030104,2.384330627542765e-30,0.0024220194698030104,0.01505788398788495,0.17052158591046118,0.01505788398788495,0.01505788398788495,-0.15546370192257622,0.9701006077975919
0.18,400,0.7,0.0018405822866420123,2.4014524028626588e-30,0.0018405822866420123,0.015744183243231652,0.17050369766912063,0.015744183243231652,0.015744183243231652,-0.15475951442588898,0.9687476659496435
0.184,400,0.7,0.0013904314586118552,2.3503137364058843e-30,0.0013904314586118552,0.016445352945313,0.17055750991430677,0.016445352945313,0.016445352945313,-0.15411215696899377,0.9673662423914076
0.188,400,0.7,0.0010441607673090944,2.612815475741918e-30,0.0010441607673090944,0.017161354524254532,0.17029281105889013,0.017161354524254532,0.017161354524254532,-0.1531314565346356,0.9659564601330658
0.192,400,0.7,0.0007794988471073341,2.739008905408737e-30,0.0007794988471073341,0.01789214837120786,0.17017489162052482,0.01789214837120786,0.01789214837120786,-0.15228274324931695,0.964518444347139
0.196,400,0.7,0.0005784968071320352,2.033824681331326e-30,0.0005784968071320352,0.018637693826410954,0.1709190867248641,0.018637693826410954,0.018637693826410954,-0.15228139289845316,0.9630523223358458
0.2,400,0.7,0.0004268065606970862,3.331953970834834e-30,0.0004268065606970862,0.019397949167061806,0.16968498469971863,0.019397949167061806,0.019397949167061806,-0.15028703553265682,0.9615582234980312
0.20400000000000001,400,0.7,0.0003130496862518906,2.5407419741133154e-30,0.0003130496862518906,0.020172871595008704,0.17036274158913947,0.020172871595008704,0.020172871595008704,-0.15018986999413075,0.9600362792956761
0.20800000000000002,400,0.7,0.00022827331665054292,2.877824449467032e-30,0.00022827331665054292,0.020962417224265933,0.17005129545155523,0.020962417224265933,0.020962417224265933,-0.1490888782272893,0.9584866232200099
0.212,400,0.7,0.0001654872463669215,2.8752607945850486e-30,0.0001654872463669215,0.021766541068358968,0.17005352352131514,0.021766541068358968,0.021766541068358968,-0.14828698245295618,0.9569093907572258
0.216,400,0.7,0.00011927499947020486,3.877666639420757e-30,0.00011927499947020486,0.022585197027509746,0.16930579799670306,0.022585197027509746,0.022585197027509746,-0.14672060096919332,0.9553047193538382
0.22,400,0.7,8.547085218460585e-05,4.1818939532718534e-30,8.547085218460585e-05,0.023418337875665485,0.16911697136758533,0.023418337875665485,0.023418337875665485,-0.14569863349191983,0.9536727483816807
0.224,400,0.7,6.089459745328946e-05,3.1176929435385774e-30,6.089459745328946e-05,0.024265915247380473,0.16985114875673746,0.024265915247380473,0.024265915247380473,-0.14558523350935698,0.9520136191025549
0.228,400,0.7,4.313603420041327e-05,4.074464416795903e-30,4.313603420041327e-05,0.025127879624559802,0.16918203370806886,0.025127879624559802,0.025127879624559802,-0.14405415408350905,0.9503274746325658
0.232,400,0.7,3.038163848522733e-05,4.049609557962671e-30,3.038163848522733e-05,0.026004180323070888,0.16919733079697885,0.026004180323070888,0.026004180323070888,-0.14319315047390796,0.948614459906147
0.23600000000000002,400,0.7,2.1276525297973106e-05,5.840395654752469e-30,2.1276525297973106e-05,0.026894765479232353,0.1682818856154366,0.026894765479232353,0.026894765479232353,-0.14138712013620425,0.9468747216397841
0.24,400,0.7,1.4815556498310612e-05,6.445627923392686e-30,1.4815556498310612e-05,0.02779958203619449,0.16803537682546615,0.02779958203619449,0.02779958203619449,-0.14023579478927167,0.9451084082954719
0.244,400,0.7,1.02582295449559e-05,5.631185422051625e-30,1.02582295449559e-05,0.028718575730207058,0.16837308203823695,0.028718575730207058,0.028718575730207058,-0.1396545063080299,0.9433156700438978
0.248,400,0.7,7.062747409149113e-06,6.64874354855801e-30,7.062747409149113e-06,0.029651691076803384,0.16795781223267872,0.029651691076803384,0.029651691076803384,-0.13830612115587534,0.9414966587273935
0.252,400,0.7,4.835391101082676e-06,4.741184285762364e-30,4.835391101082676e-06,0.03059887135689494,0.16880316459001143,0.03059887135689494,0.03059887135689494,-0.1382042932331165,0.9396515278226375
0.256,400,0.7,3.291973117748711e-06,5.716948503187474e-30,3.291973117748711e-06,0.03156005860278937,0.16833529401310915,0.03156005860278937,0.03156005860278937,-0.13677523541031977,0.9377804324031627
0.26,400,0.7,2.2287326918293766e-06,4.8698975432297464e-30,2.2287326918293766e-06,0.03253519358415942,0.1687361997282484,0.03253519358415942,0.03253519358415942,-0.13620100614408898,0.9358835291016465
0.264,400,0.7,1.5005387951573106e-06,6.997306833132598e-30,1.5005387951573106e-06,0.033524215793950714,0.16783006863230165,0.033524215793950714,0.033524215793950714,-0.13430585283835095,0.9339609760720319
0.268,400,0.7,1.004696176899629e-06,4.1315544746917925e-30,1.004696176899629e-06,0.034527063434253095,0.16914724766884998,0.034527063434253095,0.034527063434253095,-0.13462018423459687,0.9320129329514683
0.272,400,0.7,6.690083063290225e-07,8.463186404369577e-30,6.690083063290225e-07,0.03554367340214465,0.16735456760893277,0.03554367340214465,0.03554367340214465,-0.13181089420678813,0.930039560822109
0.276,400,0.7,4.4304587798666766e-07,5.9057456884762526e-30,4.4304587798666766e-07,0.036573981275542004,0.16825406766821288,0.036573981275542004,0.036573981275542004,-0.13168008639267087,0.9280410221727656
0.28,400,0.7,2.918083693113377e-07,9.589605751392737e-30,2.918083693113377e-07,0.03761792129899732,0.16704218253039416,0.03761792129899732,0.03761792129899732,-0.12942426123139683,0.9260174808604419
0.28400000000000003,400,0.7,1.911570399859873e-07,1.149048858770017e-29,1.911570399859873e-07,0.03867542636960152,0.16659008294000352,0.03867542636960152,0.03867542636960152,-0.127914656570402,0.9239691020717622
0.28800000000000003,400,0.7,1.245484289503323e-07,9.824255572059912e-30,1.245484289503323e-07,0.03974642802281206,0.16698174600920931,0.03974642802281206,0.03974642802281206,-0.12723531798639726,0.9218960522843096
0.292,400,0.7,8.07149062074072e-08,1.0079264708755769e-29,8.07149062074072e-08,0.040830856418398585,0.16691768118849687,0.040830856418398585,0.040830856418398585,-0.12608682477009828,0.9197984992278798
0.296,400,0.7,5.202943969605405e-08,1.0972089394901726e-29,5.202943969605405e-08,0.04192864032641316,0.16670549517307684,0.04192864032641316,0.04192864032641316,-0.12477685484666368,0.9176766118456858
0.3,400,0.7,3.336084782710889e-08,9.243795048471253e-30,3.336084782710889e-08,0.043039707113242814,0.1671340006723961,0.043039707113242814,0.043039707113242814,-0.12409429355915327,0.9155305602555037
0.304,400,0.7,2.1277980227506615e-08,1.012217335343676e-29,2.1277980227506615e-08,0.044163982727746326,0.16690706097693642,0.044163982727746326,0.044163982727746326,-0.12274307824919009,0.9133605157107973
0.308,400,0.7,1.350026293503613e-08,1.2194098381262859e-29,1.350026293503613e-08,0.045301391687555884,0.16644150173590622,0.045301391687555884,0.045301391687555884,-0.12114011004835033,0.9111666505618173
0.312,400,0.7,8.520908876555046e-09,1.2229372885165586e-29,8.520908876555046e-09,0.046451857065356573,0.16643428029550467,0.046451857065356573,0.046451857065356573,-0.1199824232301481,0.9089491382167026
0.316,400,0.7,5.350262615642392e-09,9.053928502097825e-30,5.350262615642392e-09,0.047615300475518166,0.16718588509417287,0.047615300475518166,0.047615300475518166,-0.1195705846186547,0.906708153102588
0.32,400,0.7,3.342132287339093e-09,8.045198281098062e-30,3.342132287339093e-09,0.048791642060678556,0.16748119340795015,0.048791642060678556,0.048791642060678556,-0.11868955134727159,0.9044438706267477
0.324,400,0.7,2.0770438264928642e-09,1.039236358781015e-29,2.0770438264928642e-09,0.04998080047852964,0.16684120380946366,0.04998080047852964,0.04998080047852964,-0.11686040333093402,0.9021564671377658
0.328,400,0.7,1.2842677110602517e-09,9.704814974426303e-30,1.2842677110602517e-09,0.05118269288925198,0.1670123265958906,0.05118269288925198,0.05118269288925198,-0.11582963370663862,0.8998461198867688
0.332,400,0.7,7.900744164307633e-10,7.815573262397407e-30,7.900744164307633e-10,0.05239723494222552,0.16755358618631164,0.05239723494222552,0.05239723494222552,-0.11515635124408612,0.8975130069887226
0.336,400,0.7,4.836129081754763e-10,1.353415893648129e-29,4.836129081754763e-10,0.053624340764251786,0.16618084002145952,0.053624340764251786,0.053624340764251786,-0.11255649925720773,0.8951573073838097
0.34,400,0.7,2.9455093361602396e-10,7.492427235203069e-30,2.9455093361602396e-10,0.05486392294582689,0.16765914995336115,0.05486392294582689,0.05486392294582689,-0.11279522700753425,0.8927792007989035
0.34400000000000003,400,0.7,1.7851347760193496e-10,8.47724287261142e-30,1.7851347760193496e-10,0.056115892531966124,0.16735041881457874,0.056115892531966124,0.056115892531966124,-0.11123452628261261,0.8903788677091453
0.34800000000000003,400,0.7,1.0765778219839757e-10,9.026720038269144e-30,1.0765778219839757e-10,0.057380159007649895,0.16719340929450954,0.057380159007649895,0.057380159007649895,-0.10981325028685965,0.887956489299642
0.352,400,0.7,6.460998728465648e-11,7.648511672554114e-30,6.460998728465648e-11,0.058656630287899934,0.16760760428379512,0.058656630287899934,0.058656630287899934,-0.10895097399589518,0.8855122474273037
0.356,400,0.7,3.858779494507165e-11,6.877566040408279e-30,3.858779494507165e-11,0.05994521270647553,0.16787321993416274,0.05994521270647553,0.05994521270647553,-0.10792800722768721,0.8830463245828122
0.36,400,0.7,2.293574735352189e-11,5.206338736808724e-30,2.293574735352189e-11,0.06124581100672212,0.16856918979687155,0.06124581100672212,0.06124581100672212,-0.10732337879014943,0.880558903852764
0.364,400,0.7,1.3567670380212485e-11,6.744146722582717e-30,1.3567670380212485e-11,0.06255832832771333,0.16792219453335216,0.06255832832771333,0.06255832832771333,-0.10536386620563884,0.878050168881968
0.368,400,0.7,7.988113600732061e-12,3.5656288760987144e-30,7.988113600732061e-12,0.06388266619763115,0.1695155308716988,0.06388266619763115,0.06388266619763115,-0.10563286467406764,0.8755203038359358
0.372,400,0.7,4.6810914765098965e-12,4.153174631730979e-30,4.6810914765098965e-12,0.06521872452928605,0.1691341994412972,0.06521872452928605,0.06521872452928605,-0.10391547491201115,0.8729694933635566
0.376,400,0.7,2.730433748202309e-12,6.421302894847809e-30,2.730433748202309e-12,0.0665664015930668,0.1680448293739674,0.0665664015930668,0.0665664015930668,-0.10147842778090059,0.8703979225599827
0.38,400,0.7,1.5853155986206457e-12,8.898421677980104e-30,1.5853155986206457e-12,0.06792559403142812,0.16722919717090648,0.06792559403142812,0.06792559403142812,-0.09930360313947836,0.8678057769297303
0.384,400,0.7,9.162577037369987e-13,3.830813953875521e-30,9.162577037369987e-13,0.06929619683461669,0.16933618872153494,0.06929619683461669,0.06929619683461669,-0.10003999188691826,0.8651932423499963
0.388,400,0.7,5.271763161473734e-13,6.298034775711116e-30,5.271763161473734e-13,0.07067810334144854,0.16809328786362676,0.07067810334144854,0.07067810334144854,-0.09741518452217822,0.8625605050342325
0.392,400,0.7,3.0195992198914614e-13,8.155699599395448e-30,3.0195992198914614e-13,0.072071205237469,0.1674470894241047,0.072071205237469,0.072071205237469,-0.09537588418663569,0.8599077514959461
0.396,400,0.7,1.7219359196581835e-13,4.5348257654635415e-30,1.7219359196581835e-13,0.0734753925408788,0.16891441531739068,0.0734753925408788,0.0734753925408788,-0.09543902277651188,0.8572351685127734
0.4,400,0.7,9.776385894335185e-14,1.3220320080227342e-30,9.776385894335185e-14,0.07489055356655835,0.1719959570921687,0.07489055356655835,0.07489055356655835,-0.09710540352561034,0.854542943090812
0.404,400,0.7,5.52653648702039e-14,6.108655707474542e-30,5.526536487020391e-14,0.07631657498994106,0.16816961513997009,0.07631657498994106,0.07631657498994106,-0.09185304015002903,0.8518312624292395
0.40800000000000003,400,0.7,3.11072115181911e-14,4.537959556486442e-30,3.110721151819111e-14,0.07775334180248004,0.16891268828923103,0.07775334180248004,0.07775334180248004,-0.09115934648675099,0.8491003138852073
0.41200000000000003,400,0.7,1.7435031360845748e-14,4.511267531093658e-30,1.743503136084575e-14,0.07920073729013842,0.1689274365669267,0.07920073729013842,0.07920073729013842,-0.08972669927678827,0.8463502849390409
0.41600000000000004,400,0.7,9.731024511408349e-15,3.385296187145391e-30,9.731024511408352e-15,0.08065864302543696,0.16964527846847446,0.08065864302543696,0.08065864302543696,-0.0889866354430375,0.8435813631597424
0.42,400,0.7,5.4086570153011125e-15,3.26853482970823e-30,5.408657015301116e-15,0.08212693893508384,0.16973302742408106,0.08212693893508384,0.08212693893508384,-0.08760608848899722,0.840793736170802
0.424,400,0.7,2.993894491035956e-15,5.035033830443084e-30,2.993894491035961e-15,0.08360550337417287,0.16865283136154546,0.08360550337417287,0.08360550337417287,-0.08504732798737259,0.8379875916163387
0.428,400,0.7,1.6505215647975082e-15,4.1229999806624066e-30,1.6505215647975124e-15,0.08509421264267489,0.16915242935196695,0.08509421264267489,0.08509421264267489,-0.08405821670929206,0.8351631171275667
0.432,400,0.7,9.062860676024108e-16,5.329925927195986e-30,9.062860676024161e-16,0.08659294167445548,0.16851053862269194,0.08659294167445547,0.08659294167445548,-0.08191759694823646,0.8323205002896024
0.436,400,0.7,4.956679502417964e-16,1.9697513266350415e-30,4.956679502417984e-16,0.08810156356627681,0.17099911371293416,0.08810156356627681,0.08810156356627681,-0.08289755014665735,0.8294599286086131
0.44,400,0.7,2.7003503120523106e-16,4.7344920716264914e-30,2.700350312052358e-16,0.08961994994526518,0.16880669584994273,0.08961994994526513,0.08961994994526518,-0.07918674590467756,0.8265815894793267
0.444,400,0.7,1.4654662797879834e-16,2.9267947537420168e-30,1.4654662797880127e-16,0.09114797004089298,0.1700091122657116,0.09114797004089292,0.09114797004089298,-0.07886114222481863,0.8236856701528931
0.448,400,0.7,7.922839733526626e-17,6.744834072519704e-30,7.9228397335273e-17,0.09268549221780992,0.16792193975133862,0.09268549221780971,0.09268549221780992,-0.0752364475335287,0.8207723577051184
0.452,400,0.7,4.267350855403597e-17,5.133990190277658e-30,4.2673508554041104e-17,0.09423238338690465,0.16860417404527744,0.09423238338690436,0.09423238338690465,-0.0743717906583728,0.8178418390050699
0.456,400,0.7,2.289980239179784e-17,1.0368233484475772e-29,2.289980239180821e-17,0.09578850848137249,0.166847015326858,0.09578850848137135,0.09578850848137249,-0.07105850684548551,0.814894300684064
0.46,400,0.7,1.224404663054937e-17,9.389290385128861e-30,1.2244046630558759e-17,0.09735372961094022,0.16709495767698906,0.0973537296109383,0.09735372961094022,-0.06974122806604885,0.811929929105037
0.464,400,0.7,6.5232219573697765e-18,7.744097634088615e-30,6.52322195737752e-18,0.09892790813693232,0.1675765545805471,0.09892790813692935,0.09892790813693232,-0.06864864644361478,0.8089489103323096
0.468,400,0.7,3.463117621337459e-18,7.203496489505166e-30,3.4631176213446625e-18,0.10051090610973175,0.1677574656453348,0.10051090610972654,0.10051090610973175,-0.06724655953560306,0.8059514301017486
0.47200000000000003,400,0.7,1.8321674338288337e-18,1.381547808264857e-29,1.832167433842649e-18,0.10210258004451422,0.16612940806497462,0.10210258004449538,0.10210258004451422,-0.06402682802046039,0.8029376737913313
0.47600000000000003,400,0.7,9.660070497377921e-19,9.97946972309065e-30,9.660070497477715e-19,0.10370278955205965,0.16694255708717126,0.10370278955203382,0.10370278955205965,-0.06323976753511161,0.7999078263921169
0.48,400,0.7,5.076190961605926e-19,7.632262425398875e-30,5.076190961682249e-19,0.10531138899313154,0.16761292117846807,0.10531138899309395,0.10531138899313154,-0.06230153218533653,0.7968620724796324
0.484,400,0.7,2.6586587639599185e-19,1.1819140792715767e-29,2.65865876407811e-19,0.10692823748833045,0.16651958117864282,0.10692823748821934,0.10692823748833045,-0.05959134369031237,0.7938005961856743
0.488,400,0.7,1.3879829567159606e-19,8.436713026191293e-30,1.3879829568003276e-19,0.10855316295975183,0.1673624000223566,0.10855316295959985,0.10855316295975183,-0.05880923706260478,0.7907235811705283
0.492,400,0.7,7.223010234788439e-20,1.0663941596821932e-29,7.223010235854833e-20,0.11018607515960312,0.16677671170906766,0.11018607515923402,0.11018607515960312,-0.05659063654946454,0.7876312105956228
0.496,400,0.7,3.7471739895123443e-20,1.4053605365510332e-29,3.747173990917705e-20,0.11182674976699157,0.16608668454328843,0.11182674976605396,0.11182674976699157,-0.054259934776296856,0.7845236670966014
0.5,400,0.7,1.9379869814085735e-20,1.0916771205660326e-29,1.9379869825002505e-20,0.11347513015993585,0.16671813135090763,0.11347513015852759,0.11347513015993585,-0.05324300119097178,0.7814011327568361
0.504,400,0.7,9.992947738803847e-21,7.94463258950374e-30,9.992947746748479e-21,0.1151310183369736,0.16751264058785797,0.11513101833498604,0.1151310183369736,-0.05238162225088437,0.7782637890813697
0.508,400,0.7,5.137742982742216e-21,1.0768997418975584e-29,5.137742993511213e-21,0.11679418269565031,0.16675220348286587,0.11679418269041018,0.11679418269565031,-0.04995802078721556,0.7751118169713054
0.512,400,0.7,2.633840235723586e-21,1.2288999087784716e-29,2.633840248012585e-21,0.11846461001504055,0.16642212077687288,0.11846461000337603,0.11846461001504055,-0.04795751076183233,0.7719453966986276
0.516,400,0.7,1.3464470856883413e-21,9.270975018223146e-30,1.3464470949593163e-21,0.12014204404511719,0.1671266605895382,0.1201420440279034,0.12014204404511719,-0.046984616544421015,0.7687647078814769
0.52,400,0.7,6.864626416648661e-22,1.2394520727365966e-29,6.864626540593869e-22,0.12182622606670156,0.16640074572923008,0.12182622602156247,0.12182622606670156,-0.044574519662528525,0.7655699294598649
0.524,400,0.7,3.4905590426605834e-22,6.0759712670791736e-30,3.490559103420296e-22,0.12351702534584837,0.16818302733504875,0.12351702530233119,0.12351702534584837,-0.044666001989200385,0.7623612396718414
0.528,400,0.7,1.770381456464202e-22,1.3685490934059345e-29,1.7703815933191114e-22,0.12521419252594002,0.16615304143522835,0.12521419233268377,0.12521419252594002,-0.04093884890928834,0.7591388160301088
0.532,400,0.7,8.957448026713261e-23,8.321821411238237e-30,8.957448858895402e-23,0.12691742942722967,0.16739667909831918,0.12691742919496984,0.12691742942722967,-0.04047924967108951,0.7559028352990942
0.536,400,0.7,4.522180668189945e-23,7.039950278296503e-30,4.522181372184973e-23,0.1286261570316132,0.16781487920604582,0.12862615664242324,0.1286261570316132,-0.039188722174432616,0.7526534734724695
0.54,400,0.7,2.2780213895757525e-23,3.3042318974758635e-30,2.2780217199989422e-23,0.13034037471063187,0.16970587187434563,0.13034037434801107,0.13034037471063187,-0.039365497163713764,0.7493909057511275
0.544,400,0.7,1.1453892606492146e-23,1.0473943119719085e-29,1.1453903080435266e-23,0.1320592814849989,0.16682165556148917,0.13205927919889002,0.1320592814849989,-0.03476237407649027,0.7461153065216183
0.548,400,0.7,5.745563800432423e-24,6.893877148846895e-30,5.745570694309572e-24,0.13378403546946352,0.1678672978547402,0.13378403246981316,0.13378403546946352,-0.034083262385276675,0.7428268493350368
0.552,400,0.7,2.8788412434304243e-24,7.093118147388234e-30,2.8788483365485716e-24,0.13551163591175805,0.1677960693771016,0.1355116297520667,0.13551163591175805,-0.03228443346534354,0.7395257068863701
0.556,400,0.7,1.4386618076049985e-24,3.8296924138117484e-30,1.4386656372974123e-24,0.13724582212652675,0.16933692074890885,0.13724581547157957,0.13724582212652675,-0.0320910986223821,0.7362120509942989
0.56,400,0.7,7.183040112801181e-25,6.811419729605481e-30,7.183108226998477e-25,0.1389822615434157,0.1678973805355172,0.1389822378369233,0.1389822615434157,-0.0289151189921015,0.732886052581467
0.5640000000000001,400,0.7,3.57331384261964e-25,5.785578031476815e-30,3.573371698399955e-25,0.1407278347809556,0.16830546128789156,0.14072779430360427,0.1407278347809556,-0.02757762650693596,0.7295478816551951
0.5680000000000001,400,0.7,1.7685688278530978e-25,6.286869516838978e-30,1.7686316965482661e-25,0.14248614169292584,0.16809772383768828,0.142486052825056,0.14248614169292584,-0.025611582144762446,0.7261977072886602
0.5720000000000001,400,0.7,8.699039270829733e-26,4.3775148903931386e-30,8.699477022318772e-26,0.1442599995673065,0.16900267900768653,0.14425987376592156,0.1442599995673065,-0.024742679440380028,0.7228356976025311
0.5760000000000001,400,0.7,4.249121257770337e-26,4.4602160347651425e-30,4.249567279373814e-26,0.14605125054791204,0.16895588896668584,0.1460509881417761,0.14605125054791204,-0.0229046384187738,0.7194620197470591
0.58,400,0.7,2.056928033713065e-26,3.201123962665845e-30,2.0572481461093316e-26,0.14786499698456923,0.1697851270083809,0.14786460794872958,0.14786499698456923,-0.021920130023811657,0.7160768398846274
0.584,400,0.7,9.80393431720525e-27,6.832239777348153e-30,9.810766556982598e-27,0.1497175343619682,0.16788975059433725,0.1497157927498739,0.1497175343619682,-0.01817221623236906,0.7126803231727468
0.588,400,0.7,4.540275032147188e-27,8.162212981850093e-30,4.548437245129039e-27,0.15164202480213188,0.16744509364714236,0.15163753449870543,0.15164202480213188,-0.01580306884501048,0.7092726337475199
0.592,400,0.7,2.0096825068169007e-27,3.7484861883784186e-30,2.013430993005279e-27,0.15367955189513063,0.16939050178610024,0.1536748932056936,0.15367955189513063,-0.015710949890969605,0.705853934707545
0.596,400,0.7,9.381217278354043e-28,4.010490288663634e-30,9.421322181240679e-28,0.15558418268855825,0.16922159822369293,0.15557351791537913,0.15558418268855825,-0.013637415535134673,0.7024243880982732
0.6,400,0.7,4.465640844014467e-28,5.300433834354971e-30,4.518645182358016e-28,0.1574399246842716,0.1685244102926865,0.15741042598334012,0.1574399246842716,-0.011084485608414907,0.6989841548968257
0.604,400,0.7,2.164322883280037e-28,2.433397398007498e-30,2.188656857260112e-28,0.1592506876182198,0.17047066100683356,0.15922273638835455,0.1592506876182198,-0.011219973388613746,0.6955333949972411
0.608,400,0.7,1.257851619109673e-28,3.9686769083390294e-30,1.2975383881930633e-28,0.16060744350586248,0.1692478000578214,0.16052978420484268,0.16060744350586248,-0.008640356551958911,0.6920722671961829
0.612,400,0.7,9.331261372642933e-29,5.4909172730243516e-30,9.880353099945368e-29,0.16135399373938297,0.16843614366889936,0.16121104861711325,0.16135399373938297,-0.00708214992951639,0.6886009291790857
0.616,400,0.7,7.605140548044997e-29,8.086355370218776e-30,8.413776085066875e-29,0.16186535822570394,0.16746843667685266,0.1616127433104978,0.16186535822570394,-0.005603078451148713,0.6851195375067411
0.62,400,0.7,6.258969370464511e-29,6.647907199071312e-30,6.923760090371642e-29,0.1623523804064388,0.16795812672897698,0.16210002177276692,0.1623523804064388,-0.005605746322538185,0.6816282476023295
0.624,400,0.7,5.249276448465256e-29,8.669847486505319e-30,6.116261197115788e-29,0.16279219362265426,0.16729425397532205,0.1624100417562299,0.16279219362265426,-0.004502060352667786,0.6781272137388774
0.628,400,0.7,5.444466326252424e-29,2.6817976943988906e-30,5.712646095692313e-29,0.16270091989238353,0.17022766359669958,0.1625807134154894,0.16270091989238353,-0.007526743704316052,0.6746165890271615
0.632,400,0.7,2.8225242606371115e-29,2.4394265412701723e-30,3.066466914764129e-29,0.16434334021094962,0.17046447450552088,0.1641361041001297,0.16434334021094962,-0.006121134294571257,0.6710965254040346
0.636,400,0.7,2.51999933828673e-29,3.0481191467657897e-30,2.824811252963309e-29,0.16462677264472167,0.1699075701565368,0.16434131536892838,0.16462677264472167,-0.005280797511815122,0.6675671736211873
0.64,400,0.7,2.3525951471360887e-29,2.632872343975574e-30,2.615882381533646e-29,0.1647986216501288,0.17027369348397736,0.1645334155635765,0.1647986216501288,-0.0054750718338485715,0.6640286832343292
0.644,400,0.7,1.7751296137067234e-29,4.6238875466972105e-30,2.2375183683764445e-29,0.16550273563689824,0.16886579244558228,0.16492400079090974,0.16550273563689824,-0.0033630568086840396,0.6604812025927982
0.648,400,0.7,2.149977856908994e-29,4.526652885902908e-30,2.602643145499285e-29,0.16502377538463223,0.16891892500178726,0.16454610043439813,0.16502377538463223,-0.003895149617155036,0.6569248788295841
0.652,400,0.7,2.606582255232907e-29,6.474973177461268e-30,3.254079572979034e-29,0.1645423195359138,0.16802402081180343,0.16398764558608256,0.1645423195359138,-0.0034817012758896204,0.6533598578517733
0.656,400,0.7,1.8579098636815184e-29,8.14763053123817e-30,2.6726729168053357e-29,0.1653887889254069,0.16744956409300715,0.16447972158184393,0.1653887889254069,-0.002060775167600254,0.6497862843314032
0.66,400,0.7,1.5643876466017428e-29,5.219754904165701e-30,2.086363137018313e-29,0.16581868307382983,0.1685627558556353,0.16509886318114197,0.16581868307382983,-0.0027440727818054678,0.6462043016967276
0.664,400,0.7,1.5924680420700204e-29,7.116173281360198e-30,2.30408537020604e-29,0.1657742066408461,0.16778795667341065,0.16485070975409827,0.1657742066408461,-0.002013750032564543,0.6426140521238838
0.668,400,0.7,1.2784095402824872e-29,8.425739162330311e-30,2.1209834565155184e-29,0.16632337734537816,0.1673656539575754,0.1650577195528161,0.16632337734537816,-0.001042276612197246,0.6390156765289692
0.672,400,0.7,1.9388670705859678e-29,4.6109361675619645e-30,2.3999606873421643e-29,0.16528215969642834,0.16887280470051383,0.16474878834970422,0.16528215969642834,-0.0035906450040854854,0.6354093145605101
0.676,400,0.7,9.965468114230769e-30,9.951155738499923e-30,1.9916623852730694e-29,0.1669460671535536,0.16694966022693297,0.16521499509333468,0.1669460671535536,-3.5930733793820835e-06,0.6317951045923258
0.68,400,0.7,1.8779485655891752e-29,3.298970745726194e-30,2.2078456401617947e-29,0.16536196926070373,0.16970985566308217,0.16495737620050815,0.16536196926070373,-0.004347886402378431,0.628173183716786
0.684,400,0.7,8.21748494960117e-30,1.3698397403760216e-29,2.1915882353361386e-29,0.1674282214869315,0.1661506848541436,0.16497585298557593,0.1661506848541436,0.0012775366327879012,0.6245436877384531
0.6880000000000001,400,0.7,2.412816751012301e-29,6.161570500603666e-30,3.028973801072668e-29,0.16473543213864617,0.16814805273343456,0.1641668595354622,0.16473543213864617,-0.0034126205947883903,0.6209067511681061
0.6920000000000001,400,0.7,1.7002446919649825e-29,3.949105402398009e-30,2.0951552322047835e-29,0.16561048879918258,0.16926015929241117,0.16508835012420112,0.16561048879918258,-0.0036496704932285906,0.6172625072171453
0.6960000000000001,400,0.7,1.3289683963088798e-29,6.709187230160467e-30,1.9998871193249265e-29,0.1662264117435812,0.16793518743579347,0.16520469239549432,0.1662264117435812,-0.0017087756922122832,0.6136110877923683
0.7000000000000001,400,0.7,1.5120619101858475e-29,9.681468624842106e-30,2.480208772670058e-29,0.16590373368504532,0.1670183479564961,0.16466656239416333,0.16590373368504532,-0.0011146142714507645,0.6099526234911206
0.704,400,0.7,1.1065225760657878e-29,3.313627223663981e-30,1.437885298432186e-29,0.1666843635334857,0.16969877340614897,0.16602948551340152,0.1666843635334857,-0.0030144098726632707,0.6062872435968057
0.708,400,0.7,1.1480848876757847e-29,3.9279626682181686e-30,1.5408811544976016e-29,0.16659218114423804,0.16927357975848023,0.16585653316447035,0.16659218114423804,-0.0026813986142421864,0.6026150760747632
0.712,400,0.7,6.866570891322977e-30,1.1658798586991359e-29,1.8525369478314336e-29,0.16787721987664203,0.1665537291283599,0.1653960291849746,0.1665537291283599,0.0013234907482821412,0.5989362475684982
0.716,400,0.7,1.8163562392729094e-29,1.68803617532938e-29,3.50439241460229e-29,0.16544533817221488,0.16562850467500215,0.1638023763488874,0.16544533817221488,-0.00018316650278726865,0.5952508833962677
0.72,400,0.7,1.9789614664979893e-29,1.2331224995303306e-29,3.2120839660283196e-29,0.16523098875398762,0.1664135453169625,0.16402011939932679,0.16523098875398762,-0.0011825565629748902,0.5915591075480126
0.724,400,0.7,1.0397890539587262e-29,1.3247131331967985e-29,2.3645021871555247e-29,0.16683987459244842,0.16623442941019262,0.16478600047182226,0.16623442941019262,0.0006054451822558038,0.5878610426826335
0.728,400,0.7,1.6583804887533413e-29,1.386691974178759e-29,3.0450724629321e-29,0.16567281544965,0.1661201166519478,0.16415360749649544,0.16567281544965,-0.0004473012022978007,0.5841568101256073
0.732,400,0.7,9.491406932802757e-30,1.6383477211937328e-29,2.5874884144740086e-29,0.16706791483485312,0.16570319862481114,0.16456070003935955,0.16570319862481114,0.0013647162100419719,0.5804465298669365
0.736,400,0.7,1.9349597033442456e-29,9.32631393833361e-30,2.867591097177607e-29,0.1652872029892688,0.1671117823232563,0.16430373839615117,0.1652872029892688,-0.0018245793339874972,0.5767303205594281
0.74,400,0.7,1.9490133942764835e-29,1.4687766094424582e-29,3.4177900037189417e-29,0.1652691110098537,0.16597634470253475,0.1638649338809289,0.1652691110098537,-0.000707233692681053,0.5730082995173008
0.744,400,0.7,1.133203031431818e-29,6.371397057769671e-30,1.770342737208785e-29,0.16662479883187295,0.16806433506488216,0.16550948633036416,0.16662479883187295,-0.0014395362330092143,0.5692805827151081
0.748,400,0.7,1.5587834642362866e-29,8.45310984123162e-30,2.4040944483594486e-29,0.16582765502602428,0.16735754596902516,0.16474448598230754,0.16582765502602428,-0.0015298909430008778,0.5655472847869818
0.752,400,0.7,1.6026706651159177e-29,7.768283658799034e-30,2.379499030995821e-29,0.16575824073348244,0.16756875885793948,0.16477019430619638,0.16575824073348244,-0.001810518124457039,0.5618085190261843
0.756,400,0.7,3.9948601706255776e-29,1.33329987943477e-29,5.328160050060347e-29,0.16347489779829152,0.16621827678778558,0.16275490431153666,0.16347489779829152,-0.0027433789894940608,0.5580643973849688
0.76,400,0.7,1.7513367443685542e-29,9.849150513636088e-30,2.736251795732163e-29,0.16553647086638737,0.16697541895156726,0.16442094667674428,0.16553647086638737,-0.0014389480851798864,0.5543150304747383
0.764,400,0.7,1.6625320156939859e-29,7.746672078822858e-30,2.4371992235762715e-29,0.16566656486476145,0.16757572361965697,0.16471029544001797,0.16566656486476145,-0.0019091587548955291,0.5505605275665069
0.768,400,0.7,2.3616806911458092e-29,1.0611204133941719e-29,3.422801104539981e-29,0.1647889854349707,0.16678910588289964,0.16386127111141227,0.1647889854349707,-0.002000120447928938,0.5468009965916498
0.772,400,0.7,2.196987358532789e-29,7.068700095972217e-30,2.9038573681300103e-29,0.16496970164352295,0.16780469047193353,0.16427231929182173,0.16496970164352295,-0.002834988828410573,0.5430365441429402
0.776,400,0.7,1.957936357585055e-29,7.305005397790692e-30,2.688436897364124e-29,0.16525769164258566,0.16772248251425428,0.16446501937788058,0.16525769164258566,-0.0024647908716686207,0.5392672754758733
0.78,400,0.7,2.5403444477095573e-29,1.5284522784221423e-30,2.6931896755517714e-29,0.1646066700391413,0.17163324287285694,0.1644606036316755,0.1646066700391413,-0.007026572833715633,0.5354932945102645
0.784,400,0.7,2.1677385480108328e-29,3.147745531944301e-30,2.482513101205263e-29,0.1650032080411454,0.16982716574341744,0.16466424075619998,0.1650032080411454,-0.004823957702272036,0.5317147038321238
0.788,400,0.7,1.9950917791870293e-29,1.3719977181695802e-29,3.3670894973566096e-29,0.16521069410734662,0.16614674957666678,0.16390229744065038,0.16521069410734662,-0.0009360554693201573,0.5279316046957975
0.792,400,0.7,1.636552605275166e-29,1.1475165475067898e-29,2.784069152781956e-29,0.16570593934348865,0.1665934190337338,0.16437763528825577,0.16570593934348865,-0.0008874796902451354,0.5241440970263753
0.796,400,0.7,8.661825688542789e-30,1.56559061871841e-29,2.431773187572689e-29,0.16729656817731925,0.16581676137969342,0.16471586749690353,0.16581676137969342,0.0014798067976258267,0.5203522794223543
0.8,400,0.7,1.3633622114324368e-29,9.303182146157443e-31,1.456394032894011e-29,0.16616253458421318,0.1728744534373206,0.16599751039169516,0.16616253458421318,-0.006711918853107429,0.5165562491585618
0.804,400,0.7,1.7880009418979513e-29,3.9861644722675234e-30,2.1866173891247036e-29,0.16548467373321896,0.16923680826599113,0.16498152979563657,0.16548467373321896,-0.003752134532772178,0.5127561021893253
0.808,400,0.7,1.7260999682184128e-29,1.2192388063609286e-30,1.8480238488545057e-29,0.165572757967073,0.17219831513753348,0.165402127046167,0.165572757967073,-0.006625557170460483,0.508951933151888
0.812,400,0.7,1.633596209067268e-29,1.286886652672666e-29,2.9204828617399337e-29,0.16571045962250527,0.16630685460763306,0.16425804682652156,0.16571045962250527,-0.000596394985127785,0.5051438353700668
0.8160000000000001,400,0.7,1.9326905439560928e-29,6.686731916301645e-30,2.601363735586257e-29,0.16529013650122493,0.16794356884458142,0.16454732968905522,0.16529013650122493,-0.0026534323433564933,0.5013319008581457
0.8200000000000001,400,0.7,1.4452367288361152e-29,1.0903515563883012e-29,2.5355882852244164e-29,0.16601673640624204,0.16672116880947724,0.16461135505382463,0.16601673640624204,-0.0007044324032352001,0.49751622032500054
0.8240000000000001,400,0.7,6.203174872214359e-30,1.2734202503381672e-30,7.476595122552526e-30,0.16813122888168244,0.17208961599693173,0.16766443824747135,0.16813122888168244,-0.00395838711524929,0.4936968831784521
0.8280000000000001,400,0.7,2.3235301459143646e-29,5.784782628402383e-30,2.9020084087546027e-29,0.16482970013253342,0.1683058050123004,0.16427391161199323,0.16482970013253342,-0.003476104879766989,0.48987397752983997
0.8320000000000001,400,0.7,2.5516581080167e-29,8.697247855501499e-30,3.4213828935668504e-29,0.1645955607763312,0.16728636538163624,0.16386230718159525,0.1645955607763312,-0.002690804605305047,0.486047590198816
0.836,400,0.7,2.922679828375387e-29,4.0859893356903424e-30,3.331278761944421e-29,0.16425616687994513,0.16917497225848138,0.16392902863488254,0.16425616687994513,-0.004918805378536256,0.4822178067183529
0.84,400,0.7,1.9380396417094076e-29,5.5065392118022884e-30,2.4886935628896365e-29,0.16528322682152385,0.1684290411405525,0.16465802449394584,0.16528322682152385,-0.0031458143190286336,0.4783847113399564
0.844,400,0.7,3.2810134718885614e-29,1.858181631618429e-30,3.4668316350504044e-29,0.16396703834206383,0.1711448859942132,0.1638293164836164,0.16396703834206383,-0.007177847652149377,0.47454838703909163
0.848,400,0.7,5.922774284501458e-30,7.370952756802865e-31,6.659869560181744e-30,0.1682468695538976,0.17345647727490573,0.16795363222754792,0.1682468695538976,-0.005209607721008147,0.47070891552080013
0.852,400,0.7,1.4804674248330806e-29,5.774537856122206e-30,2.0579212104453013e-29,0.16595652457831103,0.16831023640382395,0.16513317836168606,0.16595652457831103,-0.0023537118255129164,0.46686637722551977
0.856,400,0.7,2.2498900315808496e-29,1.5015844280547084e-30,2.4000484743863204e-29,0.16491021589164592,0.17167757988455065,0.16474869690504107,0.16491021589164592,-0.006767363992904729,0.4630208513350935
0.86,400,0.7,4.00682047172476e-29,3.99793016080463e-30,4.406613487805223e-29,0.16346742417459859,0.16922944005607213,0.16322965304741252,0.16346742417459859,-0.005762015881473542,0.45917241577896806
0.864,400,0.7,1.8218758971474518e-29,3.346154835389511e-30,2.156491380686403e-29,0.1654377525345997,0.16967435228388666,0.16501621289157242,0.1654377525345997,-0.004236599749286973,0.4553211472405738
0.868,400,0.7,1.8057070961139954e-29,1.8489607268127906e-30,1.9906031687952746e-29,0.1654600385968857,0.17115732269468253,0.16521632501029823,0.1654600385968857,-0.005697284097796823,0.4514671211638843
0.872,400,0.7,2.979149727498851e-29,1.5414015358239543e-30,3.133289881081246e-29,0.16420832440841499,0.17161215174769406,0.16408221041013918,0.16420832440841499,-0.007403827339279079,0.44761041176015315
0.876,400,0.7,2.627321696168999e-29,1.835635807065563e-29,4.462957503234562e-29,0.16452250684000191,0.1654189419661753,0.1631978900831083,0.16452250684000191,-0.0008964351261733783,0.44375109201481955
0.88,400,0.7,3.585586503641364e-29,4.8800610291160994e-30,4.073592606552974e-29,0.1637451140920364,0.16873098766017025,0.163426105956036,0.1637451140920364,-0.004985873568133847,0.43988923369458155
0.884,400,0.7,2.302854694782909e-29,5.037510214487134e-30,2.806605716231622e-29,0.16485204542966062,0.16865160208715216,0.16435747968446004,0.16485204542966062,-0.003799556657491543,0.4360249073546338
0.888,400,0.7,2.3865792487675273e-29,6.872943425988306e-31,2.4553086830274103e-29,0.16476276658201264,0.1736313635551289,0.16469178801754406,0.16476276658201264,-0.00886859697311626,0.43215818234606246
0.892,400,0.7,1.4213586770828327e-29,7.451987580672128e-31,1.495878552889554e-29,0.1660583861695566,0.17342914274163485,0.16593063500448493,0.1660583861695566,-0.007370756572078252,0.42828912682339576
0.896,400,0.7,3.0156922408806075e-29,4.0046589438350325e-31,3.0557388303189575e-29,0.16417784573509153,0.17498169865878865,0.16414486572614537,0.16417784573509153,-0.010803852923697121,0.42441780775230653
0.9,400,0.7,2.047071474620698e-29,1.900591843007307e-30,2.2371306589214287e-29,0.16514639368497852,0.1710884686395856,0.16492443401981063,0.16514639368497852,-0.0059420749546070795,0.42054429091746387
0.904,400,0.7,1.5654831515223243e-29,5.575718078556399e-30,2.1230549593779642e-29,0.16581693299365724,0.16839782919360283,0.16505527906709946,0.16581693299365724,-0.002580896199945587,0.4166686409305247
0.908,400,0.7,1.5241720956671908e-29,8.695047768279218e-31,1.611122573349983e-29,0.16588379080568033,0.1730434606031503,0.16574509127567308,0.16588379080568033,-0.007159669797469959,0.4127909212382687
0.912,400,0.7,2.985822817804944e-29,1.8014314595893462e-30,3.1659659637638784e-29,0.16420273084277887,0.17122242796409953,0.16405627371493664,0.16420273084277887,-0.007019697121320667,0.4089111941308693
0.916,400,0.7,1.7157042671947103e-29,2.617192946552053e-30,1.9774235618499155e-29,0.16558786012269539,0.17028862610211865,0.16523293232711628,0.16558786012269539,-0.00470076597942326,0.4050295207502947
0.92,400,0.7,1.7196114019819846e-29,1.0890590384366498e-30,1.8285173058256496e-29,0.16558217340152004,0.172480596834749,0.16542865568442927,0.16558217340152004,-0.006898423433228967,0.40114596109884376
0.924,400,0.7,1.192318351605863e-29,1.2286580557730761e-30,1.3151841571831707e-29,0.16649767022586773,0.17217907556897502,0.16625247749379368,0.16649767022586773,-0.005681405343107293,0.39726057404780163
0.928,400,0.7,8.535093066206144e-30,1.0769641697276097e-30,9.612057235933754e-30,0.16733341632392024,0.17250851665197856,0.16703633629332934,0.16733341632392024,-0.0051751003280583185,0.39337341734622244
0.932,400,0.7,7.815086908493303e-30,1.2519624532222713e-30,9.067049361715575e-30,0.16755374176320312,0.1721321012675806,0.16718226474266387,0.16755374176320312,-0.004578359504377488,0.3894845476298269
0.936,400,0.7,3.361047081603827e-29,6.533764532383131e-31,3.4263847269276584e-29,0.1639067878499237,0.17375788651892599,0.1638586550174685,0.1639067878499237,-0.009851098669002273,0.3855940204300209
0.9400000000000001,400,0.7,2.1082213153188808e-30,6.2068172617401605e-30,8.315038577059041e-30,0.17082927044090362,0.16812976135874164,0.1673987175943334,0.16812976135874164,0.0026995090821619883,0.38170189018301914
0.9440000000000001,400,0.7,1.1529652260402069e-29,2.851647582041694e-30,1.4381299842443762e-29,0.16658157653886008,0.1700741396590341,0.1660290601230807,0.16658157653886008,-0.0034925631201740137,0.377808210239086
0.9480000000000001,400,0.7,5.871021506063224e-30,4.698979803131778e-30,1.0570001309195002e-29,0.16826881037411376,0.16882551841957608,0.1667988321651993,0.16826881037411376,-0.0005567080454623174,0.3739130328718757
0.9520000000000001,400,0.7,5.113258707036716e-30,5.575668910569318e-30,1.0688927617606034e-29,0.16861428969277156,0.1683978512392852,0.16677086096555935,0.1683978512392852,0.0002164384534863728,0.37001640928787877
0.9560000000000001,400,0.7,8.615234709819373e-30,5.844065120135882e-30,1.4459299829955255e-29,0.16731005168973073,0.16828031538229762,0.16601553748857004,0.16731005168973073,-0.0009702636925668917,0.36611838963596655
0.96,400,0.7,1.1252657721243127e-29,3.71887953085234e-30,1.4971537252095468e-29,0.16664237111795846,0.16941032592072586,0.16592850476952808,0.16664237111795846,-0.0027679548027673972,0.3622190230170336
0.964,400,0.7,7.926587452679746e-30,1.0537507302337683e-29,1.8464094755017428e-29,0.16751832545157722,0.1668065294337696,0.16540431191907412,0.1668065294337696,0.0007117960178076033,0.35831835749373425
0.968,400,0.7,4.792737539668939e-30,1.028177752117998e-30,5.820915291786937e-30,0.16877612757558963,0.17262441181778773,0.16829023818453265,0.16877612757558963,-0.0038482842421981023,0.354416440100307
0.972,400,0.7,8.613833102120196e-30,1.5049523716795947e-30,1.011878547379979e-29,0.1673104584464159,0.17167197884711455,0.16690789786408625,0.1673104584464159,-0.0043615204006986485,0.3505133168524898
0.976,400,0.7,7.770550094119963e-30,5.034243227874122e-30,1.2804793321994084e-29,0.16756802957690944,0.16865322394314095,0.16631933302678625,0.16756802957690944,-0.0010851943662315011,0.34660903275752036
0.98,400,0.7,2.3559880633459146e-30,2.332132716313507e-29,2.567731522648098e-29,0.17055148147634103,0.16482046129754457,0.16457986215930118,0.16482046129754457,0.005731020178796453,0.34270363182421604
0.984,400,0.7,9.126905728005885e-30,6.323829493613187e-30,1.5450735221619072e-29,0.16716581516313386,0.16808306958157967,0.1658497405011251,0.16716581516313386,-0.000917254418445812,0.33879715707313723
0.988,400,0.7,7.799786773946512e-30,9.049212969381801e-30,1.6848999743328315e-29,0.16755864098293252,0.16718718750150097,0.16563315374299692,0.16718718750150097,0.0003714534814315551,0.3348896505468242
0.992,400,0.7,9.81480441737068e-30,2.958020699127673e-30,1.2772825116498353e-29,0.16698415222300567,0.16998258106970138,0.16632558228377217,0.16698415222300567,-0.002998428846695711,0.3309811533201099
0.996,400,0.7,1.0650973225398351e-30,9.556983724221618e-30,1.0622081046761454e-29,0.17253621653042153,0.1670507015564012,0.1667865445944135,0.1670507015564012,0.0054855149740203335,0.3270717055105074
1.0,400,0.7,5.985990004865846e-30,5.645436540737695e-30,1.1631426545603542e-29,0.16822032762536007,0.16836676315731677,0.16655960542492518,0.16822032762536007,-0.00014643553195670123,0.32316134628865956
1.004,400,0.7,1.6981196740353335e-29,2.980766348643089e-30,1.9961963088996423e-29,0.1656136153300335,0.16996343089597712,0.1652093104315552,0.1656136153300335,-0.004349815565943632,0.31925011388886343
1.008,400,0.7,3.60529761984469e-30,1.0541015595351339e-29,1.4146313215196028e-29,0.16948787116244068,0.16680569723763733,0.1660702468746101,0.16680569723763733,0.002682173924803355,0.31533804561965456
1.012,400,0.7,4.773833962767248e-30,5.1899847849980955e-30,9.963818747765343e-30,0.1687860076049714,0.16857705506061865,0.16694648095824227,0.16857705506061865,0.0002089525443527418,0.31142517787445445
1.016,400,0.7,5.331322126967702e-30,1.2515982988031511e-29,1.7847305114999214e-29,0.16850988382140947,0.16637636580808335,0.16548925066735765,0.16637636580808335,0.002133518013326119,0.3075115461422799
1.02,400,0.7,1.1492243820972166e-29,3.63418520155978e-32,1.1528585672987764e-29,0.16658970108086593,0.18098084510894707,0.16658180782006599,0.16658970108086593,-0.014391144028081143,0.303597185018505
1.024,400,0.7,1.0476366873830737e-29,3.545557568463319e-30,1.4021924442294057e-29,0.16682107710844407,0.1695296433978514,0.1660923266339061,0.16682107710844407,-0.002708566289407327,0.2996821282156861
1.028,400,0.7,1.985367303693857e-29,1.280416991991095e-29,3.265784295684952e-29,0.1652229094004041,0.16631945474238974,0.16397866937467995,0.1652229094004041,-0.0010965453419856386,0.2957664085744332
1.032,400,0.7,3.1121530770294747e-29,1.1270776440299492e-29,4.239230721059424e-29,0.16409913225611028,0.1666383489242657,0.16332646469439235,0.16409913225611028,-0.0025392166681554307,0.2918500580743366
1.036,400,0.7,9.998673915011899e-30,7.957827718808108e-30,1.7956501633820007e-29,0.16693775078529854,0.16750849181714045,0.16547400133114076,0.16693775078529854,-0.0005707410318419037,0.2879331078449422
1.04,400,0.7,1.9594326189180505e-29,1.64930762883849e-29,3.60874024775654e-29,0.16525578186409054,0.1656865302896631,0.16372902236806045,0.16525578186409054,-0.000430748425572558,0.2840155881767726
1.044,400,0.7,1.28338617369667e-29,7.475411336726567e-30,2.0309273073693266e-29,0.1663136641593357,0.167664834109335,0.16516618801603994,0.1663136641593357,-0.0013511699499992869,0.2800975285323956
1.048,400,0.7,2.6409922181994035e-29,1.4640625995142977e-29,4.105054817713701e-29,0.16450953252513073,0.1659843813074282,0.16340687150030814,0.16450953252513073,-0.0014748487822974776,0.27617895755753574
1.052,400,0.7,3.963041047551047e-29,4.33437281029788e-30,4.396478328580835e-29,0.16349489006244053,0.16902743967623718,0.16323540964061523,0.16349489006244053,-0.00553254961379665,0.27225990309222464
1.056,400,0.7,3.1789422324829537e-29,6.109321474238873e-30,3.789874379906841e-29,0.16404604796665992,0.1681693426862099,0.16360658705856404,0.16404604796665992,-0.004123294719549975,0.26834039218199685
1.06,400,0.7,3.306559911216322e-29,4.964251124370259e-30,3.802985023653348e-29,0.1639476483740856,0.16868822583660725,0.16359795351480957,0.1639476483740856,-0.004740577462521656,0.2644204510891192
1.064,400,0.7,5.177351221037571e-29,6.45959872341631e-30,5.823311093379202e-29,0.1628266852965715,0.16802996397768605,0.16253274670116846,0.1628266852965715,-0.005203278681114559,0.2605001053038565
1.068,400,0.7,2.0602623758515863e-29,7.272863774254071e-30,2.7875487532769935e-29,0.16513033588804518,0.16773350664790518,0.16437451267557301,0.16513033588804518,-0.0026031707598599962,0.2565793795557763
1.072,400,0.7,4.8797943751022553e-29,1.3509016043632878e-29,6.230695979465543e-29,0.1629746615352489,0.16618548868052258,0.16236369914016902,0.1629746615352489,-0.0032108271452736814,0.2526582978250832
1.076,400,0.7,6.026241496502155e-29,8.669991648971248e-30,6.89324066139928e-29,0.16244711045291702,0.16729421240559791,0.16211106594912436,0.16244711045291702,-0.004847101952680899,0.2487368833539842
1.08,400,0.7,6.57043047612677e-29,1.2468349899180847e-29,7.817265466044855e-29,0.1622309708624919,0.16638589841133078,0.1617965822201826,0.1622309708624919,-0.004154927548838866,0.24481515865808834
1.084,400,0.7,6.485942329324673e-29,5.382762904282639e-30,7.024218619752937e-29,0.16226332645136093,0.16848587749121985,0.16206400929074696,0.16226332645136093,-0.0062225510398589146,0.24089314553783028
1.088,400,0.7,6.504858371027936e-29,7.552451095124833e-30,7.26010348054042e-29,0.1622560458935614,0.16763920157721604,0.16198143403643558,0.1622560458935614,-0.0053831556836546335,0.23697086508992474
1.092,400,0.7,6.047935871256313e-29,1.2749368304647587e-29,7.322872701721072e-29,0.16243812665325968,0.1663301776604446,0.16195991250062605,0.16243812665325968,-0.003892051007184927,0.23304833771884548
1.096,400,0.7,8.16488517097739e-29,6.672334740612553e-30,8.832118645038646e-29,0.16168781258517637,0.16794895738767082,0.16149143193460325,0.16168781258517637,-0.006261144802494456,0.22912558314832696
1.1,400,0.7,7.16248777851724e-29,1.141419487438928e-29,8.303907265956167e-29,0.16201527580275787,0.16660673761143777,0.16164560384465157,0.16201527580275787,-0.004591461808679892,0.22520262043289344
1.104,400,0.7,7.178439522605823e-29,1.1164234837408703e-29,8.294863006346694e-29,0.16200971418518165,0.16666209359782372,0.1616483282213241,0.16200971418518165,-0.0046523794126420714,0.2212794679694062
1.108,400,0.7,6.1596245032249e-29,1.188663876691207e-29,7.348288379916107e-29,0.16239237969602136,0.16650534453301075,0.16195125071050653,0.16239237969602136,-0.004112964836989391,0.21735614350863347
1.112,400,0.7,8.241961744123033e-29,1.595901216296188e-29,9.837862960419221e-29,0.16166432326374597,0.1657688227356663,0.16122182297042273,0.16166432326374597,-0.00410449947192032,0.21343266416683976
1.116,400,0.7,9.094036489946547e-29,9.15366373472402e-30,1.0009402863418949e-28,0.16141837207225673,0.16715849645627334,0.16117860689820915,0.16141837207225673,-0.005740124384016609,0.20950904643739265
1.12,400,0.7,9.295742657366813e-29,1.2008348646956469e-29,1.049657752206246e-28,0.16136352795064643,0.1664798766533876,0.1610597961076924,0.16136352795064643,-0.005116348702741164,0.2055853062023895
1.124,400,0.7,1.1208998241367308e-28,1.4442539674074032e-29,1.2653252208774712e-28,0.16089562706670768,0.1660184369852885,0.16059263355773357,0.16089562706670768,-0.0051228099185808285,0.2016614587442964
1.1280000000000001,400,0.7,1.1712676243426102e-28,2.3405487800267275e-29,1.405322502345283e-28,0.16078574000477913,0.16481145568393654,0.1603302894708796,0.16078574000477913,-0.00402571567915741,0.19773751875760737
1.1320000000000001,400,0.7,1.1253052513773514e-28,1.2934018836494265e-29,1.254645439742294e-28,0.16088582067605953,0.16629422957610782,0.1606138239732473,0.16088582067605953,-0.005408408900048289,0.19381350036051234
1.1360000000000001,400,0.7,1.3527316657444072e-28,1.3101470243919968e-29,1.4837463681836068e-28,0.16042564149926467,0.16626207083387887,0.1601945309615563,0.16042564149926467,-0.0058364293346142015,0.1898894171065852
1.1400000000000001,400,0.7,1.1375236842110801e-28,2.527967608485773e-29,1.3903204450596575e-28,0.1608588222773065,0.16461888008430947,0.16035712086811468,0.1608588222773065,-0.0037600578070029755,0.18596528199647586
1.1440000000000001,400,0.7,1.2253188080766406e-28,2.4922772481690786e-29,1.4745465328935485e-28,0.1606729538555125,0.16465442711701495,0.1602100802415896,0.1606729538555125,-0.003981473261502444,0.1820411074896238
1.1480000000000001,400,0.7,1.3791478576253588e-28,2.0371710093115256e-29,1.5828649585565114e-28,0.16037729197466694,0.16515851402888587,0.16003286533466357,0.16037729197466694,-0.0047812220542189365,0.1781169055159721
1.1520000000000001,400,0.7,1.4974319939387688e-28,3.1544956778783885e-29,1.8128815617266075e-28,0.16017157741729904,0.16406534765536074,0.15969366250356865,0.16017157741729904,-0.0038937702380617,0.17419268748770045
1.156,400,0.7,1.2363293396700561e-28,3.8447405996122793e-29,1.6208033996312841e-28,0.16065058956061787,0.16357065390121414,0.15997365162955293,0.16065058956061787,-0.0029200643405962734,0.1702684643109609
1.16,400,0.7,1.2475482623314116e-28,4.437842177070963e-29,1.6913324800385079e-28,0.16062800592174617,0.16321199858668198,0.15986716483958643,0.16062800592174617,-0.002583992664935808,0.16634424639762388
1.164,400,0.7,1.5955096296616126e-28,4.656593489574655e-29,2.0611689786190783e-28,0.16001297350400484,0.16309170881707338,0.15937277329157573,0.16001297350400484,-0.0030787353130685424,0.16242004367703472
1.168,400,0.7,1.2530600579738258e-28,3.1648162321831333e-29,1.5695416811921392e-28,0.16061698499431046,0.16405718176354564,0.16005399737474593,0.16061698499431046,-0.003440196769235182,0.1584958656077727
1.172,400,0.7,1.5640643879954814e-28,4.456126264805645e-29,2.009677014476046e-28,0.16006273698440626,0.1632017196467397,0.15943602145997401,0.16006273698440626,-0.0031389826623334505,0.15457172118941934
1.176,400,0.7,1.4410821869503467e-28,5.004341801964243e-29,1.941516367146771e-28,0.1602674706344466,0.16291165450201783,0.1595222832588095,0.1602674706344466,-0.0026441838675712315,0.15064761897433027
1.18,400,0.7,1.445025513484918e-28,3.2078762374560533e-29,1.7658131372305234e-28,0.1602606390650845,0.16402339646728467,0.15975942829639417,0.1602606390650845,-0.0037627574022001675,0.14672356707941503
1.184,400,0.7,1.6156827682656514e-28,4.5544036227527185e-29,2.0711231305409234e-28,0.15998156242442843,0.16314718275683185,0.15936072892139033,0.15998156242442843,-0.0031656203324034182,0.14279957319791808
1.188,400,0.7,1.1789360052271007e-28,4.2577590448153585e-29,1.6047119097086366e-28,0.16076942565652153,0.16331556180193668,0.15999859589717796,0.16076942565652153,-0.0025461361454151565,0.13887564461120613
1.192,400,0.7,1.3723705150948337e-28,4.2935404820917797e-29,1.8017245633040116e-28,0.1603896076406349,0.1632946400426219,0.1597090957672067,0.1603896076406349,-0.002905032401987001,0.13495178820055795
1.196,400,0.7,1.2399344495129883e-28,4.9567879607936045e-29,1.7356132455923486e-28,0.16064331022227407,0.1629355243860405,0.15980255449303093,0.16064331022227407,-0.0022922141637664317,0.13102801045895693
1.2,400,0.7,1.0630361307595603e-28,6.156482102842853e-29,1.6786843410438455e-28,0.16102813378906342,0.16239365542403786,0.15988593061888975,0.16102813378906342,-0.0013655216349744426,0.12710431750288637
1.204,400,0.7,1.088686826547097e-28,9.289266297971028e-29,2.0176134563441999e-28,0.1609685259504237,0.16136527031183479,0.15942616812036584,0.1609685259504237,-0.00039674436141107217,0.12318071508412679
1.208,400,0.7,1.1725836758794434e-28,6.174785776075163e-29,1.7900622534869595e-28,0.1607829325492144,0.16238623376762162,0.1597253305152526,0.1607829325492144,-0.0016033012184072104,0.11925720860155455
1.212,400,0.7,1.0794194530029045e-28,4.382257493192529e-29,1.5176452023221575e-28,0.16098989812685321,0.16324350923953024,0.16013805669809691,0.16098989812685321,-0.002253611112677023,0.11533380311294199
1.216,400,0.7,8.958519416582378e-29,2.540152735573599e-29,1.1498672152155977e-28,0.16145590681794933,0.16460685871372288,0.1608318403328866,0.16145590681794933,-0.0031509518957735516,0.11141050334675721
1.22,400,0.7,1.1964654559201324e-28,7.915226550790898e-29,1.9879881109992223e-28,0.16073252711705974,0.1617654484523402,0.15946314868999867,0.16073252711705974,-0.0010329213352804623,0.10748731371396643
1.224,400,0.7,1.1268427444960044e-28,9.252115725475344e-29,2.052054317043539e-28,0.16088240728280048,0.16137528861094655,0.15938385301645241,0.16088240728280048,-0.0004928813281460664,0.10356423831983325
1.228,400,0.7,5.926033755270377e-29,6.817842516028257e-29,1.2743876271298634e-28,0.16248903137890372,0.1621385615541088,0.16057479208261852,0.1621385615541088,0.00035046982479491895,0.09964128097572093
1.232,400,0.7,1.1361081340069616e-28,3.5635101414420045e-29,1.492459148151162e-28,0.1608619352491951,0.16376055410737467,0.16017989352336567,0.1608619352491951,-0.0028986188581795747,0.0957184452108908
1.236,400,0.7,9.852243588118367e-29,6.484361146486709e-29,1.6336604734605076e-28,0.1612181712303418,0.16226393599101002,0.15995389854391592,0.1612181712303418,-0.0010457647606682274,0.09179573428430324
1.24,400,0.7,6.208015296047161e-29,6.320020851561684e-29,1.2528036147608846e-28,0.1623728161250608,0.16232811297344069,0.16061749668059377,0.16232811297344069,4.47031516201124e-05,0.08787315119641351
1.244,400,0.7,6.397561378233363e-29,8.079210781936232e-29,1.4476772160169595e-28,0.1622976270343122,0.16171418376141958,0.16025605562958706,0.16171418376141958,0.0005834432728926142,0.0839506987009703
1.248,400,0.7,6.707920091368871e-29,8.38289758109347e-29,1.509081767246234e-28,0.16217919691343716,0.1616219351717475,0.16015220309784095,0.1616219351717475,0.0005572617416896575,0.08002837931680873
1.252,400,0.7,4.3130621175929606e-29,3.392316570839368e-29,7.705378688432329e-29,0.1632832989421391,0.16388363663646313,0.16183262270215412,0.1632832989421391,-0.0006003376943240213,0.07610619533964391
1.256,400,0.7,4.797359154038384e-29,3.7824558394044385e-29,8.579814993442823e-29,0.1630172552663949,0.163611485512977,0.16156388836523936,0.1630172552663949,-0.0005942302465820892,0.07218414885386165
1.26,400,0.7,5.670054951792637e-29,6.215040121373624e-29,1.188509507316626e-28,0.1625994222186511,0.16236998879078626,0.16074920649155536,0.16236998879078626,0.000229433427864828,0.06826224174430567
1.264,400,0.7,4.627648031171398e-29,4.3681149746235574e-29,8.995763005794955e-29,0.16310729735606322,0.16325159034175485,0.16144553501868839,0.16310729735606322,-0.00014429298569162974,0.06434047570806524
1.268,400,0.7,5.19830435698584e-29,4.4950906013343203e-29,9.693394958320161e-29,0.1628165880240308,0.1631799546827036,0.1612588074384738,0.1628165880240308,-0.0003633666586728146,0.06041885226625599
1.272,400,0.7,8.602109710623989e-29,3.566667770157385e-29,1.2168777480781374e-28,0.1615574005211597,0.16375833983659427,0.1606902356209596,0.1615574005211597,-0.00220093931543458,0.05649737277580057
1.276,400,0.7,2.8747427399082517e-29,8.210673948855335e-30,3.6958101347937854e-29,0.16429751127088196,0.167430294452374,0.16366941978705907,0.16429751127088196,-0.0031327831814920437,0.05257603844120597
1.28,400,0.7,5.878266804824819e-29,2.9791467886997915e-29,8.85741359352461e-29,0.16250926434862897,0.1642083268745553,0.16148428223573463,0.16250926434862897,-0.0016990625259263314,0.04865485032633672
1.284,400,0.7,1.7935089126553433e-29,6.85729809152367e-29,8.650807004179014e-29,0.1654769842735729,0.16212413549220947,0.16154328771238613,0.16212413549220947,0.0033528487813634378,0.04473380936618446
1.288,400,0.7,1.4711273925145054e-29,5.608653849706372e-29,7.079781242220877e-29,0.16597234664074176,0.1626266424039393,0.16204431171897615,0.1626266424039393,0.0033457042368024714,0.04081291637863611
1.292,400,0.7,8.143123992350837e-30,5.340352646560552e-29,6.154665045795635e-29,0.16745094725147158,0.16274919001838484,0.16239439339631553,0.16274919001838484,0.004701757233086745,0.03689217207623481
1.296,400,0.7,2.1104887823376454e-29,6.003030198691444e-29,8.11351898102909e-29,0.16507012031442295,0.16245675830492584,0.16170359004098686,0.16245675830492584,0.0026133620094971055,0.03297157707794059
1.3,400,0.7,4.586124412049046e-30,6.216861534103195e-29,6.675473975308099e-29,0.16888629369272629,0.16236925623482137,0.16219131871881284,0.16236925623482137,0.006517037457904912,0.029051131920885043
1.304,400,0.7,4.243199471800431e-29,3.3633717740119985e-29,7.60657124581243e-29,0.1633241252993485,0.1639050593046392,0.16186488796377976,0.1633241252993485,-0.0005809340052906897,0.02513083707212202
1.308,400,0.7,2.4086212924611062e-29,5.389311285378901e-29,7.797932577840007e-29,0.16473978297710168,0.16272637524109515,0.16180277263096976,0.16272637524109515,0.0020134077360065283,0.021210692940374875
1.312,400,0.7,2.81848506378973e-29,1.8755430071624217e-29,4.694028070952152e-29,0.16434692041912285,0.1653651736887802,0.16307169154809775,0.16434692041912285,-0.0010182532696573487,0.017290699887779905
1.316,400,0.7,7.318746281798672e-30,4.942150467283181e-29,5.674025095463048e-29,0.1677177843737384,0.16294291785771692,0.16259767234390765,0.16294291785771692,0.004774866516021492,0.0133708582416227
1.32,400,0.7,4.5560864752522674e-29,3.612802787625699e-29,8.168889262877967e-29,0.1631462591772546,0.16372620957564352,0.16168658687583498,0.1631462591772546,-0.0005799503983889287,0.009451168306074509
1.324,400,0.7,3.407616807103779e-29,6.760971004077262e-29,1.016858781118104e-28,0.16387238633353032,0.16215950294357812,0.16113916088674876,0.16215950294357812,0.0017128833899522078,0.005531630373918757
1.328,400,0.7,1.2632897465382928e-29,2.064948405144937e-29,3.32823815168323e-29,0.16635312117104292,0.1651246561403211,0.1639313115410692,0.1651246561403211,0.0012284650307218259,0.0016122447382769184
1.332,400,0.7,3.2977132598404866e-29,5.099971798439443e-29,8.39768505827993e-29,0.1639543460503007,0.1628643317170752,0.16161752904314874,0.1628643317170752,0.001090014333225503,-0.002306988295671323
1.336,400,0.7,1.7067183093283327e-29,2.064337092047069e-29,3.771055401375402e-29,0.16560098821882438,0.16512539635688245,0.16361903196807728,0.16512539635688245,0.0004755918619419319,-0.006226068398975279
1.34,400,0.7,4.802276053050627e-29,4.174538332679776e-29,8.976814385730403e-29,0.16301469428395332,0.16336490980909418,0.1614508065572865,0.16301469428395332,-0.0003502155251408623,-0.010144995207202388
1.344,400,0.7,1.1564664964429573e-29,3.763750837792541e-29,4.9202173342354986e-29,0.166573996160858,0.16362387918354596,0.16295403748418408,0.16362387918354596,0.0029501169773120395,-0.014063768308733706
1.348,400,0.7,5.389210518672256e-29,1.874794455163174e-29,7.264004973835431e-29,0.16272642198530948,0.16536617166831769,0.16198009092701132,0.16272642198530948,-0.0026397496830082023,-0.017982387233065555
1.352,400,0.7,9.204273489862387e-29,3.341214153564891e-29,1.2545487643427277e-28,0.16138824952713984,0.16392158359216086,0.16061401661556943,0.16138824952713984,-0.0025333340650210145,-0.021900851439115254
1.356,400,0.7,6.361084016744242e-29,5.952632270570749e-29,1.231371628731499e-28,0.16231192222778681,0.16247783544170966,0.16066063477612866,0.16231192222778681,-0.00016591321392284142,-0.025819160303532814
1.36,400,0.7,8.507535572027942e-29,4.113964438508297e-29,1.262150001053624e-28,0.16158503847047004,0.1634014513741308,0.16059891496747147,0.16158503847047004,-0.0018164129036607746,-0.02973731310901999
1.364,400,0.7,8.430934073850449e-29,8.381899573818349e-29,1.6812833647668798e-28,0.16160765031852709,0.16162223282141994,0.15988206298611918,0.16160765031852709,-1.4582502892851457e-05,-0.033655309032651244
1.368,400,0.7,5.076618030971181e-29,2.6010021317253185e-29,7.677620162696499e-29,0.1628758059971908,0.16454767722695504,0.16184164518084426,0.1628758059971908,-0.0016718712297642546,-0.03757314713420513
1.372,400,0.7,9.558987175588575e-29,2.9019219615997145e-29,1.2460909137188289e-28,0.16129371479838142,0.16427398608493604,0.16063092805417115,0.16129371479838142,-0.00298027128655462,-0.041490826344498126
1.3760000000000001,400,0.7,4.3461611781712825e-29,1.9882589802799158e-29,6.334420158451198e-29,0.16326418682281257,0.16521927081326748,0.16232242354271326,0.16326418682281257,-0.001955083990454909,-0.04540834545372862
1.3800000000000001,400,0.7,4.476665250551668e-29,2.652895357103242e-29,7.12956060765491e-29,0.163190223228232,0.1644982901642062,0.1620267952253873,0.163190223228232,-0.0013080669359741837,-0.04932570309982298
1.3840000000000001,400,0.7,1.2425053720556616e-28,9.161843768729869e-29,2.1586897489286483e-28,0.16063813200316981,0.16139980063400128,0.15925720290977563,0.16063813200316981,-0.0007616686308314635,-0.053242897756791814
1.3880000000000001,400,0.7,6.510136429556978e-29,3.6281141007211265e-29,1.0138250530278105e-28,0.16225401820976312,0.16371563678758896,0.16114663061270082,0.16225401820976312,-0.0014616185778258406,-0.05715992772309142
1.3920000000000001,400,0.7,5.742756219102972e-29,1.043813814945682e-29,6.786570034048654e-29,0.16256757106050032,0.16683021640361415,0.16215005508128105,0.16256757106050032,-0.0042626453431138245,-0.061076791109993
1.3960000000000001,400,0.7,7.760055583015809e-29,1.5313181790035696e-29,9.291373762019378e-29,0.1618149454997452,0.16587209694361021,0.16136470319895532,0.1618149454997452,-0.004057151443865009,-0.06499348582995777
1.4000000000000001,400,0.7,1.5684489039571777e-28,2.9028126946117775e-29,1.8587301734183555e-28,0.1600557385802236,0.16427321883796286,0.15963122262929716,0.1600557385802236,-0.00421748025773927,-0.06891000958502323
1.4040000000000001,400,0.7,1.0447337520333602e-28,3.5433429501892096e-29,1.3990680470522812e-28,0.16107155133405585,0.16377474269768733,0.1603414406738819,0.16107155133405585,-0.0027031913636314797,-0.07282635985519204
1.408,400,0.7,1.7618577875747891e-28,3.4512410961602473e-29,2.1069818971908136e-28,0.15976503447593524,0.163840584481142,0.1593178151519858,0.15976503447593524,-0.004075550005206763,-0.07674253388683264
1.412,400,0.7,1.0704260237496595e-28,8.597483048766158e-29,1.9301743286262754e-28,0.16101081470391074,0.16155874551287958,0.15953693069820626,0.16101081470391074,-0.0005479308089688384,-0.08065852868108833
1.416,400,0.7,2.1488054016728555e-28,1.7205534332648802e-28,3.869358834937736e-28,0.1592686763581014,0.15982434150309152,0.15779823446561003,0.1592686763581014,-0.000555665144990114,-0.08457434098229297
1.42,400,0.7,9.306224912062397e-29,5.30607935564455e-29,1.4612304267706946e-28,0.1613607104379919,0.16276528621347908,0.16023275941243026,0.1613607104379919,-0.0014045757754871657,-0.08848996726639541
1.424,400,0.7,9.829988449583396e-29,1.0509689804297744e-28,2.033967825388114e-28,0.1612238248442147,0.16105667506678242,0.15940598531181321,0.16105667506678242,0.00016714977743229054,-0.0924054037293968
1.428,400,0.7,1.1222251176094513e-28,2.5026271887122617e-29,1.3724878364806774e-28,0.16089267294319395,0.16464406660312844,0.1603893939294504,0.16089267294319395,-0.0037513936599344877,-0.09632064627579358
1.432,400,0.7,1.9385167362957208e-28,9.862787189140936e-29,2.9247954552098145e-28,0.15952614873027415,0.1612154972294369,0.15849789513859366,0.15952614873027415,-0.001689348499162746,-0.1002356905070316
1.436,400,0.7,1.8244553297807222e-28,6.453710722049915e-29,2.4698264019857137e-28,0.15967775277694735,0.16227578106425095,0.15892058684565052,0.15967775277694735,-0.0025980282873036,-0.10415053170997272
1.44,400,0.7,9.413864862816652e-29,9.105754438539192e-29,1.8519619301355844e-28,0.16133196027216962,0.16141515281818455,0.15964034255975718,0.16133196027216962,-8.319254601493742e-05,-0.10806516484536939
1.444,400,0.7,1.3873499647773358e-28,3.7712135933430886e-29,1.7644713241116446e-28,0.1603624679413387,0.1636189270978003,0.15976132872849558,0.1603624679413387,-0.003256459156461583,-0.11197958453635114
1.448,400,0.7,1.5654690198127661e-28,5.296088932338199e-29,2.095077913046586e-28,0.16006049282892273,0.1627699977149342,0.15933197965288085,0.16006049282892273,-0.00270950488601146,-0.11589378505692438
1.452,400,0.7,1.8173179725169686e-28,6.247259373215339e-29,2.4420439098385027e-28,0.15968755207774069,0.1623570620738348,0.15894886811802394,0.15968755207774069,-0.0026695099960941104,-0.11980776032048318
1.456,400,0.7,2.6295815568783404e-28,9.427290869669753e-29,3.5723106438453156e-28,0.15876389468537627,0.1613283973248334,0.15799792494559578,0.15876389468537627,-0.0025645026394571224,-0.12372150386833143
1.46,400,0.7,1.1387693005943002e-28,1.449525913059222e-28,2.5882952136535223e-28,0.16085608621363662,0.16025286514343404,0.1588034579087736,0.16025286514343404,0.0006032210702025809,-0.12763500885822002
1.464,400,0.7,1.5662961192320165e-28,5.053113995513947e-29,2.0716075187834114e-28,0.16005917232849926,0.16288740752701222,0.15936014429703782,0.16005917232849926,-0.0028282351985129683,-0.13154826805289876
1.468,400,0.7,1.9040532870044902e-28,4.8608095361395966e-29,2.3901342406184497e-28,0.15957099420245907,0.16298440675391057,0.15900258267961104,0.15957099420245907,-0.0034134125514515,-0.1354612738086791
1.472,400,0.7,2.021380976467408e-28,9.916431859133618e-29,3.0130241623807696e-28,0.15942150418571752,0.16120193632963672,0.15842359581085244,0.15942150418571752,-0.0017804321439192083,-0.13937401806401362
1.476,400,0.7,1.4837736074554301e-28,6.96001425703442e-29,2.1797750331588722e-28,0.16019448506587228,0.16208696543514653,0.15923290232039006,0.16019448506587228,-0.001892480369274252,-0.1432864923280928
1.48,400,0.7,1.2957276616975285e-28,9.997650556843509e-29,2.2954927173818794e-28,0.16053327541391063,0.16118154393938167,0.15910358772923516,0.16053327541391063,-0.0006482685254710352,-0.1471986876694552
1.484,400,0.7,1.532628080292725e-28,5.693901886913085e-29,2.1020182689840336e-28,0.1601134966061247,0.16258892984770015,0.15932371160044365,0.1601134966061247,-0.002475433241575453,-0.15111059470461416
1.488,400,0.7,1.9954167414956146e-28,1.0429554347750478e-28,3.0383721762706626e-28,0.15945382420581575,0.1610758103916293,0.15840265175040383,0.15945382420581575,-0.001621986185813551,-0.15502220358670588
1.492,400,0.7,1.274655083593203e-28,4.93426014390909e-29,1.7680810979841119e-28,0.16057426746123188,0.1629469123884039,0.15975621942692325,0.16057426746123188,-0.002372644927172013,-0.1589335039941513
1.496,400,0.7,1.5443540657630767e-28,9.291362737956494e-29,2.473490339558726e-28,0.16009444215328952,0.16136470616516618,0.15891688089432723,0.16009444215328952,-0.0012702640118766595,-0.1628444851193403
1.5,400,0.7,1.1784806346883333e-28,8.969542208296811e-29,2.0754348555180145e-28,0.16077039148185918,0.16145283264480834,0.15935552975795692,0.16077039148185918,-0.00068244116294916,-0.16675513565733355
1.504,400,0.7,3.489583519368034e-29,2.9243252093042085e-29,6.413908728672242e-29,0.16381296325789665,0.16425475985108018,0.16229124706418602,0.16381296325789665,-0.0004417965931835244,-0.17066544379458493
1.508,400,0.7,3.98867883691081e-29,4.9426123831949833e-29,8.931291220105794e-29,0.16347876909831535,0.16294268420723934,0.16146351679718665,0.16294268420723934,0.0005360848910760108,-0.1745753971976889
1.512,400,0.7,3.5812764166717406e-29,2.0543630740531555e-29,5.635639490724896e-29,0.16374812104747646,0.1651375045913846,0.16261464267571643,0.16374812104747646,-0.0013893835439081348,-0.17848498300214607
1.516,400,0.7,7.639029225343986e-29,1.0659128074813806e-28,1.8298157300157792e-28,0.16185424291616965,0.1610213776888562,0.15967041834007595,0.1610213776888562,0.0008328652273134618,-0.18239418780115274
1.52,400,0.7,8.294920595440325e-29,2.2138136604402507e-29,1.0508734255880574e-28,0.1616483108645294,0.16495062757573087,0.16105690237888134,0.1616483108645294,-0.0033023167112014584,-0.18630299763441763
1.524,400,0.7,5.960269319432852e-29,3.391437426699368e-29,9.35170674613222e-29,0.16247463007236676,0.16388428461407642,0.16134852207622946,0.16247463007236676,-0.0014096545417096595,-0.1902113979770011
1.528,400,0.7,2.5317149338911735e-29,7.790081240669913e-29,1.0321796174561086e-28,0.1646151769605866,0.16180529102039562,0.16110177475998977,0.16180529102039562,0.0028098859401909926,-0.19411937372818078
1.532,400,0.7,4.0256378872047964e-29,8.363899261923466e-29,1.2389537149128263e-28,0.16345571079305127,0.16162760739894957,0.16064528839673428,0.16162760739894957,0.0018281033941016933,-0.19802690920034557
1.536,400,0.7,2.5188417723455777e-29,5.305430368354969e-29,7.824272140700546e-29,0.16462792128776882,0.16276559200752122,0.16179434245472585,0.16276559200752122,0.0018623292802475988,-0.2019339881079189
1.54,400,0.7,9.245079183056361e-29,2.8689772850316235e-29,1.2114056468087984e-28,0.16137719066766198,0.1643025301931031,0.1607015030672216,0.16137719066766198,-0.0029253395254411063,-0.20584059355630716
1.544,400,0.7,2.0426244735479458e-29,4.3969301848127595e-29,6.439554658360705e-29,0.1651518305229266,0.16323515271167144,0.16228127077882665,0.16323515271167144,0.001916677811255152,-0.2097467080308853
1.548,400,0.7,2.3340948243744402e-29,4.8958095114543555e-29,7.229904335828796e-29,0.16481835884094612,0.16296647014837096,0.16199185473075783,0.16296647014837096,0.0018518886925751599,-0.21365231338600843
1.552,400,0.7,1.9479949391234954e-29,2.2261414918448113e-29,4.174136430968307e-29,0.1652704177239906,0.16493674470680358,0.1633651505070032,0.16493674470680358,0.00033367301718700837,-0.2175573908340595
1.556,400,0.7,1.0584811913282966e-29,2.847994151947588e-29,3.9064753432758845e-29,0.16679533163641846,0.16432088189167224,0.163530830440275,0.16432088189167224,0.0024744497447462266,-0.22146192093453174
1.56,400,0.7,3.235144808816481e-29,4.248505923544433e-29,7.483650732360915e-29,0.16400223501679548,0.16332100080774897,0.16190561739520667,0.16332100080774897,0.0006812342090465051,-0.22536588358314483
1.564,400,0.7,1.636367888529367e-29,2.9808611909616156e-29,4.6172290794909826e-29,0.16570622153296796,0.16420688861951016,0.1631129323450235,0.16420688861951016,0.0014993329134578015,-0.2292692580009996
1.568,400,0.7,2.3358750586516426e-29,2.3055135265376793e-29,4.641388585189322e-29,0.16481645279614493,0.16484916064276633,0.16309988527827574,0.16481645279614493,-3.27078466214048e-05,-0.23317202272377097
1.572,400,0.7,4.3165388693677136e-30,3.623139234579573e-29,4.0547931215163443e-29,0.16903774724083515,0.16371906713727616,0.1634376700717079,0.16371906713727616,0.005318680103558987,-0.2370741555909393
1.576,400,0.7,2.237406871144688e-29,1.5418531446179667e-29,3.7792600157626546e-29,0.1649241253709036,0.16585495665793712,0.16361359867346414,0.1649241253709036,-0.0009308312870335289,-0.24097563373506617
1.58,400,0.7,4.5934258625287233e-29,5.186858348642518e-29,9.78028421117124e-29,0.16312585393968948,0.1628220987768723,0.1612364978818897,0.1628220987768723,0.00030375516281719306,-0.2448764335711097
1.584,400,0.7,1.3124564765681373e-29,3.243582911615546e-29,4.5560393881836834e-29,0.16625766785650875,0.1639957228527299,0.16314628501484138,0.1639957228527299,0.0022619450037788535,-0.24877653078578468
1.588,400,0.7,1.6186403189048697e-29,1.6046087549375567e-29,3.2232490738424267e-29,0.1657334530232957,0.1657552193408881,0.16401144454213779,0.1657334530232957,-2.1766317592403217e-05,-0.25267590032697285
1.592,400,0.7,1.0688349400753345e-29,9.934662535248991e-30,2.0623011936002335e-29,0.16677099620655667,0.166953807204142,0.1651278631330706,0.16677099620655667,-0.00018281099758532537,-0.2565745163931735
1.596,400,0.7,4.4688350558576806e-29,1.9312184374743405e-30,4.661956899605115e-29,0.1631945998401741,0.17104850417836592,0.1630888310032511,0.1631945998401741,-0.00785390433819183,-0.26047235242301015
1.6,400,0.7,1.3802848599608126e-29,1.0160291834206518e-29,2.3963140433814646e-29,0.16613169449674622,0.16689766406061082,0.1647525898882608,0.16613169449674622,-0.0007659695638645991,-0.2643693810847844
1.604,400,0.7,2.343730265978538e-30,3.391502223307891e-30,5.735232489286429e-30,0.17056452249742346,0.16964069958216155,0.16832731125347317,0.16964069958216155,0.0009238229152619126,-0.26826557426608266
1.608,400,0.7,7.743843636050986e-30,5.702534708862348e-30,1.3446378344913334e-29,0.1675766365791915,0.1683416050701474,0.16619710747017213,0.1675766365791915,-0.0007649684909558918,-0.27216090306344065
1.612,400,0.7,1.556493968781306e-29,3.1688557353759105e-29,4.7253497041572167e-29,0.16583132965198683,0.16405399285215175,0.1630550653178962,0.16405399285215175,0.0017773367998350775,-0.2760553377720579
1.616,400,0.7,8.667800074286967e-30,5.748333426820084e-30,1.4416133501107052e-29,0.16729484442804082,0.1683216070395935,0.1660230120709441,0.16729484442804082,-0.001026762611552684,-0.2799488478755788
1.62,400,0.7,5.719003859815226e-29,5.733921983850422e-30,6.292396058200268e-29,0.16257793264245876,0.16832788257084655,0.16233906441824877,0.16257793264245876,-0.0057499499283877875,-0.2838414020359258
1.624,400,0.7,5.2729197115256966e-30,9.692717984842749e-30,1.4965637696368445e-29,0.16853742138931455,0.16701544477364474,0.1659294900922604,0.16701544477364474,0.0015219766156698011,-0.28773296808320104
1.6280000000000001,400,0.7,9.152939036425942e-31,2.104830801158026e-29,2.1963601915222854e-29,0.17291515712234218,0.1650768315310524,0.16497041541247434,0.1650768315310524,0.007838325591289774,-0.29162351300564615
1.6320000000000001,400,0.7,1.0500084822232687e-29,9.112173396637524e-31,1.141130216189644e-29,0.1668154236359566,0.17292631656842467,0.16660737126960165,0.1668154236359566,-0.006110892932468054,-0.2955130029396766
1.6360000000000001,400,0.7,4.051211447255145e-29,3.530174246307982e-30,4.4042288718859436e-29,0.1634398793441453,0.16954051389633518,0.16323100627556036,0.1634398793441453,-0.006100634552189871,-0.2994014031599748
1.6400000000000001,400,0.7,2.007539277316228e-29,9.649079180891264e-30,2.9724471954053544e-29,0.16519514491222914,0.16702672575173177,0.16421395527943486,0.16519514491222914,-0.0018315808395026334,-0.303288678069659
1.6440000000000001,400,0.7,2.2556482673097925e-29,8.284899651063843e-30,3.0841382324161767e-29,0.16490382571306783,0.16740779562784713,0.16412173854921774,0.16490382571306783,-0.0025039699147793026,-0.30717479119052665
1.6480000000000001,400,0.7,2.976124952954404e-29,8.525917796245574e-30,3.828716732578961e-29,0.16421086398464518,0.1673361052826575,0.16358109501636683,0.16421086398464518,-0.00312524129801231,-0.31105970515336595
1.6520000000000001,400,0.7,6.763777860892055e-29,1.349327262109667e-29,8.113105123001722e-29,0.16215846526928077,0.1661884038823626,0.16170371756536434,0.16215846526928077,-0.004029938613081846,-0.31494338168835284
1.6560000000000001,400,0.7,2.9671971131468067e-29,5.507649520191995e-30,3.517962065166006e-29,0.16421837480639057,0.16842853710506678,0.1637927145840958,0.16421837480639057,-0.004210162298676212,-0.3188257816155195
1.6600000000000001,400,0.7,5.778808094951108e-30,6.3832096502540885e-31,6.417129059976516e-30,0.16830838835086964,0.17381616707995973,0.16804645489764233,0.16830838835086964,-0.005507778729090085,-0.3227068648353108
1.6640000000000001,400,0.7,5.546601858982042e-30,9.328941277463235e-30,1.4875543136445277e-29,0.1684109183181061,0.16711107814121307,0.16594458581420451,0.16711107814121307,0.0012998401768930246,-0.32658659031922194
1.668,400,0.7,5.145102614546729e-29,1.4118684912610153e-29,6.556971105807745e-29,0.1628423059580547,0.16607513424648612,0.16223609730543312,0.1628423059580547,-0.003232828288431411,-0.33046491610052114
1.672,400,0.7,3.1880715197712044e-29,3.076815847721596e-29,6.2648873674928e-29,0.16403887875523698,0.16412768112568166,0.1623500177167368,0.16403887875523698,-8.880237044467387e-05,-0.33434179926506985
1.676,400,0.7,2.4313100161999188e-29,1.1014277426501395e-29,3.5327377588500584e-29,0.16471634370855234,0.1666959010269135,0.16378223639350267,0.16471634370855234,-0.0019795573183611637,-0.33821719594222066
1.68,400,0.7,6.1713580914262615e-30,4.849480239982525e-30,1.1020838331408787e-29,0.16814408466015646,0.16874670314407172,0.16669441228839874,0.16814408466015646,-0.0006026184839152682,-0.34209106129582423
1.684,400,0.7,3.980348215997901e-29,9.517733813887036e-30,4.932121597386605e-29,0.16348399597475344,0.16706099003528752,0.16294799614261699,0.16348399597475344,-0.0035769940605340778,-0.3459633495153232
1.688,400,0.7,5.550956032065685e-29,4.161618475290756e-29,9.712574507356442e-29,0.1626524938146846,0.1633726591041419,0.16125386577469475,0.1626524938146846,-0.0007201652894572863,-0.3498340138069482
1.692,400,0.7,3.1796111431509707e-29,3.8298773823040164e-29,7.009488525454987e-29,0.16404552197385072,0.1635803372730287,0.16206925740500322,0.1635803372730287,0.0004651847008220189,-0.3537030063850207
1.696,400,0.7,1.8819242391143537e-29,1.139339803629665e-29,3.021264042744019e-29,0.16535668227998204,0.1666112968044964,0.16417323098952794,0.16535668227998204,-0.0012546145245143636,-0.3575702784633536
1.7,400,0.7,4.6534568130189897e-29,9.257210297068699e-29,1.391066711008769e-28,0.1630933933819105,0.16137391239343443,0.16035577933253348,0.16137391239343443,0.0017194809884760742,-0.3614357802467644
1.704,400,0.7,8.801149345829411e-29,4.3399505402617576e-29,1.3141099886091169e-28,0.16150021344097742,0.16326776186258252,0.1604980574552299,0.16150021344097742,-0.0017675484216050918,-0.3652994609226991
1.708,400,0.7,1.076752587464049e-28,6.451922637019597e-29,1.7219448511660088e-28,0.16099608238963176,0.16227647381794696,0.15982232056094145,0.16099608238963176,-0.0012803914283152085,-0.3691612686529689
1.712,400,0.7,2.7296448545307856e-29,4.5991289205350805e-29,7.328773775065866e-29,0.16442699046502085,0.16312275194091297,0.16195789870863578,0.16312275194091297,0.0013042385241078813,-0.3730211505655995
1.716,400,0.7,2.551854774915409e-29,2.6675685472561995e-29,5.219423322171608e-29,0.1645953680983628,0.16448450073943255,0.1628064519392883,0.16448450073943255,0.00011086735893026112,-0.3768790527468098
1.72,400,0.7,4.1929294772093544e-29,6.866663162863218e-29,1.105959264007257e-28,0.16335392011988184,0.16212072354990667,0.1609291738330782,0.16212072354990667,0.0012331965699751701,-0.3807349202331007
1.724,400,0.7,2.0273154036286572e-29,2.4395266699569022e-29,4.4668420735855595e-29,0.1651706381006598,0.16470790916015712,0.16319571502275973,0.16470790916015712,0.0004627289405026713,-0.38458869700348025
1.728,400,0.7,1.941372726790021e-29,3.042650217123981e-29,4.984022943914002e-29,0.16527893095711946,0.16415559694810422,0.16292182577959682,0.16415559694810422,0.0011233340090152366,-0.3884403259718118
1.732,400,0.7,2.754041776850031e-29,4.564991125650475e-29,7.319032902500506e-29,0.1644047453177971,0.16314137781694996,0.1619612237368177,0.16314137781694996,0.0012633675008471568,-0.39228974897929364
1.736,400,0.7,5.988684683917017e-30,1.8969193696548258e-29,2.4957878380465276e-29,0.16821920246782276,0.16533684127728335,0.16465090812678887,0.16533684127728335,0.0028823611905394175,-0.3961369067870763
1.74,400,0.7,6.481109988833616e-30,5.925411938997564e-29,6.573522937880925e-29,0.16802165249888337,0.1624892937166343,0.1622297944805793,0.1624892937166343,0.005532358782249086,-0.3999817390690153
1.744,400,0.7,2.6116740727208085e-29,8.855328521583848e-29,1.1467002594304656e-28,0.16453744068483417,0.1614848708153958,0.16083873531382564,0.1614848708153958,0.0030525698694383596,-0.40382418440457074
1.748,400,0.7,3.115606705040668e-29,8.450214203933192e-29,1.156582090897386e-28,0.16409635948669873,0.1616019397655041,0.16081728355369418,0.1616019397655041,0.0024944197211946295,-0.40766418027184215
1.752,400,0.7,8.040554835893971e-29,3.470562696489156e-29,1.1511117532383127e-28,0.16172617401644487,0.16382662738910903,0.1608291359662645,0.16172617401644487,-0.0021004533726641517,-0.4115016630407594
1.756,400,0.7,1.281904514907882e-29,3.00035930691819e-29,4.282263821826072e-29,0.16631655205613455,0.16419058911589557,0.16330121474183693,0.16419058911589557,0.002125962940238979,-0.4153365679664218
1.76,400,0.7,5.364304156601234e-29,3.715560948304801e-29,9.079865104906034e-29,0.16273800257424204,0.16365609508637569,0.16142227090153088,0.16273800257424204,-0.0009180925121336503,-0.41916882918259374
1.764,400,0.7,5.49624684602647e-30,3.2014083094018786e-30,8.697655155428349e-30,0.1684337183053741,0.16978490495035437,0.16728624830713268,0.1684337183053741,-0.0013511866449802679,-0.4229983796953543
1.768,400,0.7,2.6661932864380864e-29,3.352782345923789e-30,3.001471521030465e-29,0.16448578994289856,0.16966940559419755,0.16418966255352074,0.16448578994289856,-0.0051836156512989895,-0.4268251513769113
1.772,400,0.7,3.3655669844608617e-29,1.5531881531662404e-29,4.918755137627102e-29,0.16390342813321268,0.1658366450133819,0.16295478054786444,0.16390342813321268,-0.0019332168801692307,-0.4306490749595844
1.776,400,0.7,5.39937893900511e-30,1.1073255407402147e-28,1.1613193301302658e-28,0.168478172135402,0.16092608729648883,0.16080706472862746,0.16092608729648883,0.007552084838913176,-0.4344700800299448
1.78,400,0.7,1.8224257526591423e-29,5.258748597819525e-28,5.44099117308544e-28,0.1654369981300955,0.1570312237863708,0.15694605339656795,0.1570312237863708,0.008405774343724692,-0.43828809502314287
1.784,400,0.7,8.917392048756837e-30,8.309678190055757e-28,8.398852110543325e-28,0.16722387314298462,0.1558874043033521,0.15586071890207173,0.1558874043033521,0.011336468839632519,-0.4421030472173959
1.788,400,0.7,2.1305606189585162e-29,2.337217385072436e-27,2.358522991262021e-27,0.16504645637587106,0.15330209110187487,0.15327940484722116,0.15330209110187487,0.011744365273996193,-0.44591486272866826
1.792,400,0.7,1.4651415002549112e-30,4.455078521671774e-27,4.456543663172029e-27,0.17173900241202966,0.1516893820613906,0.15168856002165246,0.1516893820613906,0.020049620350639064,-0.4497234665055241
1.796,400,0.7,7.531815358797796e-30,9.603968033786297e-27,9.611499849145095e-27,0.16764604173389963,0.14976905290228212,0.14976709307080927,0.14976905290228212,0.017876988831617507,-0.453528782324173
1.8,400,0.7,6.812244329965597e-30,1.911812351811057e-26,1.9124935762440534e-26,0.1678970779002065,0.14804790187597622,0.14804701122489727,0.14804790187597622,0.01984917602423028,-0.45733073278370173
1.804,400,0.7,1.399287344788212e-29,3.700937928709105e-26,3.702337216053893e-26,0.16609751157311917,0.14639656534018386,0.1463956202940157,0.14639656534018386,0.019700946232935307,-0.4611292393015043
1.808,400,0.7,3.3861951154175387e-29,7.463781433869828e-26,7.467167628985245e-26,0.16388815197653275,0.14464287559359146,0.1446417416418382,0.14464287559359146,0.019245276382941295,-0.46492422210890316
1.812,400,0.7,3.259241767193681e-30,1.5215364444251952e-25,1.521569036842867e-25,0.16974014552061412,0.14286226670456345,0.14286221315331807,0.14286226670456345,0.026877878816050665,-0.468715600246978
1.816,400,0.7,5.772231592894499e-30,2.9653773577706545e-25,2.9654350800865834e-25,0.16831123506551393,0.14119405757437684,0.1411940089113003,0.14119405757437684,0.027117177491137096,-0.47250329156259546
1.82,400,0.7,1.2983805032021824e-30,5.8188346037136695e-25,5.818847587518701e-25,0.17204108767183476,0.13950881830767556,0.13950881272932894,0.13950881830767556,0.032532269364159205,-0.4762872127046487
1.824,400,0.7,1.895994029837336e-30,1.153078327671001e-24,1.1530802236650308e-24,0.17109452383703366,0.13779901764769478,0.13779901353697563,0.13779901764769478,0.03329550618933888,-0.48006727912050823
1.828,400,0.7,7.618852510083163e-30,2.2494512990494937e-24,2.249458917902004e-24,0.16761731755172612,0.13612838978117575,0.13612838131373345,0.13612838978117575,0.03148892777055037,-0.48384340505269263
1.832,400,0.7,5.885560997753192e-30,4.382520453154082e-24,4.3825263387150796e-24,0.16826262681732854,0.13446104556762167,0.13446104221021746,0.13446104556762167,0.033801581249706864,-0.4876155035357542
1.836,400,0.7,2.457216581619709e-30,8.499732580693407e-24,8.499735037909988e-24,0.17044630887839957,0.13280501882487658,0.13280501810214318,0.13280501882487658,0.037641290053522986,-0.4913834863933931
1.84,400,0.7,8.677259465327883e-31,1.6373223650996536e-23,1.6373224518722483e-23,0.1730485803344931,0.13116598733887136,0.13116598720637976,0.13116598733887136,0.04188259299562175,-0.4951472642357947
1.844,400,0.7,1.0290742133850916e-29,3.143938958154683e-23,3.143939987228896e-23,0.16686577030181166,0.12953495169957444,0.12953495088127448,0.12953495169957444,0.03733081860223722,-0.4989067464572013
1.848,400,0.7,2.0808998142457488e-30,6.000011395600878e-23,6.00001160369086e-23,0.1708618809666277,0.12791923942592498,0.12791923933922097,0.12791923942592498,0.04294264154070271,-0.5026618412337195
1.852,400,0.7,6.838275050254355e-30,1.1382387895910623e-22,1.1382388579738127e-22,0.16788754318906596,0.12631847474873897,0.12631847459854476,0.12631847474873897,0.041569068440326984,-0.5064124555213632
1.856,400,0.7,1.4815276243228139e-30,2.1474990335245955e-22,2.1474990483398717e-22,0.17171119763944728,0.12473142030259897,0.12473142028535184,0.12473142030259897,0.046979777336848313,-0.5101584950543446
1.86,400,0.7,1.675510529340405e-31,4.0288507094174328e-22,4.0288507110929434e-22,0.17716004992585618,0.12315847723587606,0.12315847723483637,0.12315847723587606,0.054001572689980126,-0.5138998643436042
1.864,400,0.7,1.2191053482859605e-29,7.519704547165347e-22,7.519704669075882e-22,0.16644212607042663,0.12159836299404966,0.12159836295351929,0.12159836299404966,0.04484376307637697,-0.5176364666756011
1.868,400,0.7,3.501985438524326e-30,1.3950914010192135e-21,1.3950914045211989e-21,0.16956055678502988,0.12005331754826029,0.12005331754198476,0.12005331754826029,0.049507239236769585,-0.5213682041113492
1.872,400,0.7,1.1398409950284076e-30,2.575643365497955e-21,2.575643366637796e-21,0.17236666003797046,0.11852046899821982,0.11852046899711345,0.11852046899821982,0.05384619103975065,-0.5250949774857154
1.8760000000000001,400,0.7,3.55591284653717e-30,4.728485504114413e-21,4.728485507670326e-21,0.1695223524532947,0.11700170497761919,0.11700170497573914,0.11700170497761919,0.0525206474756755,-0.528816686406979
1.8800000000000001,400,0.7,1.726195266037361e-29,8.635474415620162e-21,8.635474432882114e-21,0.16557261994611516,0.11549602075443914,0.11549602074944175,0.11549602075443914,0.05007659919167602,-0.5325332292566559
1.8840000000000001,400,0.7,1.3235712369662368e-30,1.5688368090599367e-20,1.5688368091922938e-20,0.17199304805975785,0.11400341850265353,0.11400341850244261,0.11400341850265353,0.05798962955710432,-0.5362445031895938
1.8880000000000001,400,0.7,6.335667382884821e-30,2.8353181968096013e-20,2.835318197443168e-20,0.1680783940826884,0.11252386922566487,0.11252386922510624,0.11252386922566487,0.05555452485702353,-0.5399504041343383
1.8920000000000001,400,0.7,6.0921973479090895e-30,5.09736050020098e-20,5.0973605008102e-20,0.16817635990178048,0.11105744750776383,0.11105744750746505,0.11105744750776383,0.05711891239401665,-0.5436508267937781
1.8960000000000001,400,0.7,1.0669542189437621e-29,9.11609211280151e-20,9.116092113868464e-20,0.1667753990794005,0.10960415161007209,0.10960415160977949,0.10960415161007209,0.05717124746932842,-0.547345664646069
1.9000000000000001,400,0.7,1.0895361341205218e-30,1.6219420688442893e-19,1.6219420688551848e-19,0.17247950187296465,0.10816373131927615,0.10816373131925935,0.10816373131927615,0.0643157705536885,-0.5510348099458416
1.9040000000000001,400,0.7,2.2689630405966893e-29,2.871011065050816e-19,2.8710110652777124e-19,0.16488911195003364,0.10673613127919962,0.10673613127900204,0.10673613127919962,0.05815298067083402,-0.5547181537257015
1.9080000000000001,400,0.7,1.1960815401125436e-29,5.055885759376745e-19,5.055885759496353e-19,0.16648979216567805,0.10532140926339391,0.10532140926333476,0.10532140926339391,0.061168382902284144,-0.5583955857980115
1.9120000000000001,400,0.7,3.386323743899198e-30,8.858123438389599e-19,8.858123438423463e-19,0.16964451974547157,0.10391945456559788,0.10391945456558833,0.10391945456559788,0.06572506517987368,-0.5620669947569792
1.9160000000000001,400,0.7,1.100429682302297e-29,1.5441202161082703e-18,1.5441202161192747e-18,0.16669816743255106,0.10253019341286858,0.10253019341285077,0.10253019341286858,0.06416797401968248,-0.5657322679810375
1.92,400,0.7,8.964681683145108e-30,2.6780810638246154e-18,2.6780810638335803e-18,0.16721065047503847,0.10115357789199114,0.10115357789198277,0.10115357789199114,0.06605707258304733,-0.5693912916355253
1.924,400,0.7,7.910600921570454e-30,4.621502380300962e-18,4.621502380308873e-18,0.1675233726026754,0.09978952957780207,0.09978952957779778,0.09978952957780207,0.06773384302487334,-0.5730439506756811
1.928,400,0.7,1.15562053472389e-29,7.935356454404252e-18,7.935356454415807e-18,0.16657582559406145,0.09843800849783331,0.09843800849782967,0.09843800849783331,0.06813781709622814,-0.5766901288499385
1.932,400,0.7,1.8292661294762165e-29,1.3557791172459613e-17,1.3557791172477906e-17,0.16542763208137257,0.09709892574383878,0.09709892574383544,0.09709892574383878,0.06832870633753378,-0.5803297087035345
1.936,400,0.7,1.1019239121645846e-29,2.3049306526134457e-17,2.3049306526145476e-17,0.16669477508425756,0.09577223997634206,0.09577223997634088,0.09577223997634206,0.0709225351079155,-0.5839625715824402
1.94,400,0.7,1.776887535624584e-30,3.8992916541968735e-17,3.899291654197051e-17,0.17125672382887938,0.09445787917847097,0.09445787917847084,0.09445787917847097,0.07679884465040841,-0.5875885976376026
1.944,400,0.7,2.097286891969687e-30,6.564208817629657e-17,6.564208817629866e-17,0.1708422705914796,0.09315578648904775,0.09315578648904767,0.09315578648904775,0.07768648410243185,-0.5912076658295113
1.948,400,0.7,6.639842942158582e-30,1.099663497286225e-16,1.0996634972862914e-16,0.16796116119975538,0.09186589316614717,0.09186589316614702,0.09186589316614717,0.07609526803360821,-0.5948196539330932
1.952,400,0.7,2.7259632364552766e-30,1.83327715650537e-16,1.8332771565053975e-16,0.17018682735724489,0.09058814081677513,0.09058814081677509,0.09058814081677513,0.07959868654046975,-0.5984244385429321
1.956,400,0.7,8.733349179681679e-32,3.041568535587834e-16,3.041568535587835e-16,0.178788935098112,0.08932247034974304,0.08932247034974304,0.08932247034974304,0.08946646474836896,-0.6020218950788209
1.96,400,0.7,5.17818409748033e-30,5.022037672777986e-16,5.022037672778038e-16,0.16858274588835648,0.08806881431412172,0.08806881431412171,0.08806881431412172,0.08051393157423475,-0.6056118977916493
1.964,400,0.7,7.408444188374288e-30,8.252499196259692e-16,8.252499196259766e-16,0.16768733083410348,0.0868271135013827,0.08682711350138268,0.0868271135013827,0.08086021733272078,-0.6091943197696275
1.968,400,0.7,2.060948601052778e-29,1.349661818652924e-15,1.3496618186529447e-15,0.16512950333517248,0.08559730584635858,0.08559730584635852,0.08559730584635858,0.0795321974888139,-0.6127690329448522
1.972,400,0.7,1.8519501227254484e-30,2.1968929524683217e-15,2.1968929524683236e-15,0.17115328396383445,0.08437933081776652,0.08437933081776652,0.08437933081776652,0.08677395314606792,-0.6163359081002124
1.976,400,0.7,6.2657197953506126e-30,3.559166347880775e-15,3.559166347880782e-15,0.168106148291391,0.0831731251235322,0.08317312512353219,0.0831731251235322,0.0849330231678588,-0.6198948148766439
1.98,400,0.7,4.1048185075292214e-30,5.7392293164977385e-15,5.7392293164977425e-15,0.16916347815108235,0.08197862864753032,0.08197862864753032,0.08197862864753032,0.08718484950355203,-0.6234456217807318
1.984,400,0.7,4.509438603808205e-30,9.211610106229344e-15,9.211610106229349e-15,0.16892845030536535,0.08079577934599926,0.08079577934599926,0.08079577934599926,0.0881326709593661,-0.6269881961926613
1.988,400,0.7,8.989748223572524e-30,1.4716511275214384e-14,1.4716511275214394e-14,0.16720366987001678,0.07962451578865037,0.07962451578865037,0.07962451578865037,0.0875791540813664,-0.6305224043745254
1.992,400,0.7,3.86084801687518e-30,2.340302934548973e-14,2.3403029345489734e-14,0.1693166648424568,0.07846477730429297,0.07846477730429297,0.07846477730429297,0.09085188753816384,-0.6340481114789877
1.996,400,0.7,1.3939991879906948e-29,3.704655553803834e-14,3.704655553803835e-14,0.16610697741748062,0.07731650253856141,0.07731650253856141,0.07731650253856141,0.08879047487891921,-0.6375651815582971
2.0,400,0.7,5.7488451470426606e-30,5.837713035806357e-14,5.837713035806357e-14,0.16832138449794137,0.07617963046307744,0.07617963046307744,0.07617963046307744,0.09214175403486394,-0.6410734775736762
2.004,400,0.7,9.571874609162559e-30,9.157299099730728e-14,9.157299099730729e-14,0.16704680929903556,0.0750541000620445,0.0750541000620445,0.0750541000620445,0.09199270923699107,-0.6445728614050544
2.008,400,0.7,1.0591209134757244e-29,1.4299879292863081e-13,1.4299879292863081e-13,0.16679382114923716,0.07393985051436233,0.07393985051436233,0.07393985051436233,0.09285397063487483,-0.6480631938611817
2.012,400,0.7,1.6197657451307875e-29,2.2230449330496915e-13,2.2230449330496917e-13,0.16573171539952497,0.07283682090336732,0.07283682090336732,0.07283682090336732,0.09289489449615765,-0.6515443346900978
2.016,400,0.7,9.04867013711602e-30,3.4405314367067617e-13,3.4405314367067617e-13,0.1671873374727055,0.07174495065513621,0.07174495065513621,0.07174495065513621,0.0954423868175693,-0.6550161425899714
2.02,400,0.7,1.8879638168933974e-29,5.301207040602563e-13,5.301207040602563e-13,0.16534867198517175,0.07066417917696054,0.07066417917696054,0.07066417917696054,0.09468449280821122,-0.6584784752203129
2.024,400,0.7,2.914835396642935e-30,8.132170591723038e-13,8.132170591723038e-13,0.17001934859829312,0.0695944458388634,0.0695944458388634,0.0695944458388634,0.10042490275942972,-0.6619311892135542
2.028,400,0.7,1.3865961378202255e-29,1.2420273746328368e-12,1.2420273746328368e-12,0.16612028943666166,0.06853569022973244,0.06853569022973244,0.06853569022973244,0.09758459920692922,-0.6653741401870026
2.032,400,0.7,3.798492208400358e-29,1.8886840678547944e-12,1.8886840678547944e-12,0.16360090874024735,0.06748785197438281,0.06748785197438281,0.06748785197438281,0.09611305676586454,-0.6688071827551678
2.036,400,0.7,1.6670390125320995e-29,2.859574334363879e-12,2.859574334363879e-12,0.16565979672623457,0.06645087084078048,0.06645087084078048,0.06645087084078048,0.09920892588545409,-0.6722301705424643
2.04,400,0.7,5.504523420922941e-30,4.3108990442236205e-12,4.3108990442236205e-12,0.16842995648858433,0.0654246865965458,0.0654246865965458,0.0654246865965458,0.10300526989203854,-0.6756429561962891
2.044,400,0.7,1.7544825187548294e-29,6.470966274856463e-12,6.470966274856463e-12,0.16553198436124486,0.06440923917900745,0.06440923917900745,0.06440923917900745,0.1011227451822374,-0.6790453914004805
2.048,400,0.7,1.49515196713117e-29,9.671986122322123e-12,9.671986122322123e-12,0.16593184961223936,0.06340446859361826,0.06340446859361826,0.06340446859361826,0.1025273810186211,-0.6824373268891465
2.052,400,0.7,7.336539164111978e-30,1.4395204893117319e-11,1.4395204893117319e-11,0.16771171390478667,0.06241031489583692,0.06241031489583692,0.06241031489583692,0.10530139900894975,-0.6858186124608815
2.056,400,0.7,2.6055138375870874e-29,2.1334677544798155e-11,2.1334677544798155e-11,0.16454334447640012,0.061426718283274034,0.061426718283274034,0.061426718283274034,0.10311662619312609,-0.6891890969933527
2.06,400,0.7,2.5134968413277692e-29,3.1486960333156946e-11,3.1486960333156946e-11,0.16463323187340106,0.06045361903369662,0.06045361903369662,0.06045361903369662,0.10417961283970445,-0.6925486284582749
2.064,400,0.7,2.374930871142805e-29,4.627667780744072e-11,4.627667780744072e-11,0.16477499841662893,0.05949095750201796,0.05949095750201796,0.05949095750201796,0.10528404091461097,-0.6958970539367576
2.068,400,0.7,1.1992474888734098e-30,6.773150632248744e-11,6.773150632248744e-11,0.1722396463058443,0.05853867415710362,0.05853867415710362,0.05853867415710362,0.11370097214874067,-0.6992342196350353
2.072,400,0.7,7.788845532889925e-30,9.872491007374116e-11,9.872491007374116e-11,0.16756215034880817,0.057596709549081276,0.057596709549081276,0.057596709549081276,0.1099654407997269,-0.7025599709005781
2.076,400,0.7,2.9235325031094693e-32,1.4331132794978242e-10,1.4331132794978242e-10,0.18152482582340507,0.05666500433406778,0.05666500433406778,0.05666500433406778,0.12485982148933729,-0.7058741522385816
2.08,400,0.7,2.4511241584275587e-29,2.071869262074531e-10,2.071869262074531e-10,0.16469605234332785,0.05574349926247082,0.05574349926247082,0.05574349926247082,0.10895255308085702,-0.709176607328834
2.084,400,0.7,7.933766160818053e-30,2.9832009183019697e-10,2.9832009183019697e-10,0.16751606235303496,0.05483213518058389,0.05483213518058389,0.05483213518058389,0.11268392717245107,-0.7124671790429663
2.088,400,0.7,1.6571463711310748e-29,4.278103115780871e-10,4.278103115780871e-10,0.1656746765681561,0.05393085303958785,0.05393085303958785,0.05393085303958785,0.11174382352856825,-0.7157457094620745
2.092,400,0.7,2.1188893136483244e-29,6.110529162945984e-10,6.110529162945984e-10,0.1650601891352199,0.05303959388615058,0.05303959388615058,0.05303959388615058,0.11202059524906931,-0.7190120398947261
2.096,400,0.7,2.5134155357752394e-29,8.693115416628902e-10,8.693115416628902e-10,0.16463331274367135,0.05215829887242467,0.05215829887242467,0.05215829887242467,0.11247501387124667,-0.7222660108953377
2.1,400,0.7,1.310125168014095e-29,1.2318315612967857e-09,1.2318315612967857e-09,0.16626211254019083,0.05128690925227178,0.05128690925227178,0.05128690925227178,0.11497520328791905,-0.7255074622829318
2.104,400,0.7,1.0401086001477347e-29,1.7386679660621385e-09,1.7386679660621385e-09,0.16683910641476696,0.0504253663840969,0.0504253663840969,0.0504253663840969,0.11641374003067007,-0.7287362331602648
2.108,400,0.7,1.1297854797310338e-29,2.444452435957334e-09,2.444452435957334e-09,0.16663234980767783,0.049573611729185965,0.049573611729185965,0.049573611729185965,0.11705873807849186,-0.7319521619333282
2.112,400,0.7,2.3899502338810644e-29,3.423389333269869e-09,3.423389333269869e-09,0.16475923788436153,0.04873158685875292,0.04873158685875292,0.04873158685875292,0.11602765102560861,-0.7351550863312227
2.116,400,0.7,1.2158476183494566e-29,4.775852333514013e-09,4.775852333514013e-09,0.16644881558748284,0.047899233449443905,0.047899233449443905,0.047899233449443905,0.11854958213803893,-0.7383448434263985
2.12,400,0.7,5.439261629609646e-29,6.637056199692756e-09,6.637056199692756e-09,0.16270331093755694,0.04707649328795896,0.04707649328795896,0.04707649328795896,0.11562681764959798,-0.7415212696552674
2.124,400,0.7,1.1566346766153772e-29,9.188406523756074e-09,9.188406523756074e-09,0.16657363262255998,0.046263308270056466,0.046263308270056466,0.046263308270056466,0.12031032435250351,-0.7446842008391724
2.128,400,0.7,2.734235071171908e-29,1.267228943707433e-08,1.267228943707433e-08,0.16442278995386084,0.04545962040364243,0.04545962040364243,0.04545962040364243,0.1189631695502184,-0.7478334722057293
2.132,400,0.7,4.28694895763041e-29,1.7411259823022034e-08,1.7411259823022034e-08,0.16329848103899178,0.04466537180937435,0.04466537180937435,0.04466537180937435,0.11863310922961742,-0.7509689184105207
2.136,400,0.7,1.1235240162132202e-29,2.3832827767712064e-08,2.3832827767712064e-08,0.16664624377041448,0.04388050472170774,0.04388050472170774,0.04388050472170774,0.12276573904870675,-0.7540903735591544
2.14,400,0.7,5.049335127443605e-30,3.25013374510221e-08,3.25013374510221e-08,0.1686457405328343,0.04310496149029577,0.04310496149029577,0.04310496149029577,0.12554077904253852,-0.7571976712296683
2.144,400,0.7,2.588902919882204e-29,4.4158790132589625e-08,4.4158790132589625e-08,0.16455933373477397,0.04233868458178181,0.04233868458178181,0.04233868458178181,0.12222064915299216,-0.760290644495297
2.148,400,0.7,8.25331489146911e-29,5.97768943782276e-08,5.97768943782276e-08,0.1616608819303905,0.04158161658072358,0.04158161658072358,0.04158161658072358,0.12007926534966691,-0.7633691259475788
2.152,400,0.7,4.102437361873917e-29,8.062314447368792e-08,8.062314447368792e-08,0.16340846605310894,0.04083370019093786,0.04083370019093786,0.04083370019093786,0.12257476586217107,-0.7664329477198105
2.156,400,0.7,3.843545600642706e-29,1.0834434580749632e-07,1.0834434580749632e-07,0.16357143105684288,0.04009487823710876,0.04009487823710876,0.04009487823710876,0.12347655281973413,-0.7694819415108464
2.16,400,0.7,4.281204128307441e-29,1.4507173881506716e-07,1.4507173881506716e-07,0.16330183347103064,0.03936509366606437,0.03936509366606437,0.03936509366606437,0.12393673980496628,-0.7725159386092301
2.164,400,0.7,3.98411469560297e-29,1.935527369352801e-07,1.935527369352801e-07,0.163481631421156,0.03864428954827073,0.03864428954827073,0.03864428954827073,0.12483734187288525,-0.7755347699176649
2.168,400,0.7,4.256454584686229e-29,2.573153062327004e-07,2.573153062327004e-07,0.16331632785045044,0.037932409078858684,0.037932409078858684,0.037932409078858684,0.12538391877159177,-0.7785382659778101
2.172,400,0.7,9.334347418436072e-29,3.4087219253880016e-07,3.4087219253880016e-07,0.16135316707311784,0.03722939557964425,0.03722939557964425,0.03722939557964425,0.12412377149347359,-0.7815262569954056
2.176,400,0.7,7.915520534411992e-29,4.4997356515188456e-07,4.4997356515188456e-07,0.16176535560024058,0.03653519250003618,0.03653519250003618,0.03653519250003618,0.1252301631002044,-0.7844985728657144
2.18,400,0.7,5.037021154828867e-29,5.919182117043028e-07,5.919182117043028e-07,0.16289538207546503,0.035849743418779265,0.035849743418779265,0.035849743418779265,0.12704563865668578,-0.7874550431992833
2.184,400,0.7,7.364685933754142e-29,7.759352057011214e-07,7.759352057011214e-07,0.16194567822724193,0.0351729920451429,0.0351729920451429,0.0351729920451429,0.12677268618209903,-0.790395497348014
2.188,400,0.7,6.217673011347615e-29,1.0136499916406215e-06,1.0136499916406215e-06,0.16236892993501392,0.034504882220697544,0.034504882220697544,0.034504882220697544,0.12786404771431636,-0.7933197644315422
2.192,400,0.7,1.2923060402609514e-28,1.3196511083316006e-06,1.3196511083316006e-06,0.1605398858831398,0.033845357920431335,0.033845357920431335,0.033845357920431335,0.12669452796270847,-0.7962276733639123
2.196,400,0.7,6.880212725964493e-29,1.7121763082618474e-06,1.7121763082618474e-06,0.16211579531472123,0.03319436325437346,0.03319436325437346,0.03319436325437346,0.12892143206034778,-0.7991190528805533
2.2,400,0.7,4.4934489641451587e-29,2.213939638435467e-06,2.213939638435467e-06,0.16318086786620548,0.032551842469071925,0.032551842469071925,0.032551842469071925,0.13062902539713356,-0.8019937315655414
2.204,400,0.7,1.0405545653491336e-28,2.8531241257336246e-06,2.8531241257336246e-06,0.1610815719922178,0.03191773994896816,0.03191773994896816,0.03191773994896816,0.12916383204324963,-0.8048515378791481
2.208,400,0.7,6.20595303027719e-29,3.664568051853265e-06,3.664568051853265e-06,0.16237364674816807,0.03129200021795768,0.03129200021795768,0.03129200021795768,0.13108164653021037,-0.8076923001856614
2.212,400,0.7,8.543513456525744e-29,4.691176395741089e-06,4.691176395741089e-06,0.16157448840465577,0.030674567940776037,0.030674567940776037,0.030674567940776037,0.13089992046387974,-0.8105158467814887
2.216,400,0.7,7.584304474985337e-29,5.985592838559203e-06,5.985592838559203e-06,0.1618722169641559,0.030065387924495444,0.030065387924495444,0.030065387924495444,0.13180682903966046,-0.813322005923511
2.22,400,0.7,6.510431908884076e-29,7.612171732626755e-06,7.612171732626755e-06,0.16225390474339224,0.029464405120022207,0.029464405120022207,0.029464405120022207,0.13278949962337003,-0.8161106058577079
2.224,400,0.7,1.0442377692738097e-28,9.64929358023225e-06,9.64929358023225e-06,0.16107273847989248,0.028871564623534858,0.028871564623534858,0.028871564623534858,0.13220117385635763,-0.8188814748480286
2.228,400,0.7,5.461541371997121e-29,1.219207178471837e-05,1.219207178471837e-05,0.16269309161086704,0.0282868116779578,0.0282868116779578,0.0282868116779578,0.13440627993290924,-0.8216344412055085
2.232,400,0.7,1.2766283168502052e-28,1.535550264342026e-05,1.535550264342026e-05,0.16057040032195186,0.027710091674425962,0.027710091674425962,0.027710091674425962,0.1328603086475259,-0.8243693333176242
2.236,400,0.7,1.1499502012708517e-28,1.9278114648633043e-05,1.9278114648633043e-05,0.16083165991409618,0.027141350153743492,0.027141350153743492,0.027141350153743492,0.13369030976035268,-0.8270859796778767
2.24,400,0.7,5.611136165188554e-29,2.412617702932214e-05,2.412617702932214e-05,0.16262553618202272,0.026580532807872915,0.026580532807872915,0.026580532807872915,0.1360450033741498,-0.8297842089156048
2.244,400,0.7,1.1736217130576333e-28,3.009853096522434e-05,3.009853096522434e-05,0.16078072038728944,0.026027585481356256,0.026027585481356256,0.026027585481356256,0.1347531349059332,-0.832463849826001
2.248,400,0.7,6.820742174495819e-29,3.7432109873707846e-05,3.7432109873707846e-05,0.16213749851913228,0.025482454172791172,0.025482454172791172,0.025482454172791172,0.13665504434634113,-0.8351247314003487
2.2520000000000002,400,0.7,6.445681101360485e-29,4.640821743572329e-05,4.640821743572329e-05,0.16227889346746982,0.02494508503626143,0.02494508503626143,0.02494508503626143,0.1373338084312084,-0.837766682856449
2.2560000000000002,400,0.7,1.4934367066136958e-29,5.735963338787967e-05,5.735963338787967e-05,0.16593471929571385,0.024415424382795065,0.024415424382795065,0.024415424382795065,0.14151929491291879,-0.8403895336692425
2.2600000000000002,400,0.7,7.958947710992415e-29,7.067861735678107e-05,7.067861735678107e-05,0.16175167725705336,0.023893418681797746,0.023893418681797746,0.023893418681797746,0.1378582585752556,-0.8429931136016161
2.2640000000000002,400,0.7,7.980797096368411e-29,8.682587991922609e-05,8.682587991922609e-05,0.1617448235089775,0.023379014562465276,0.023379014562465276,0.023379014562465276,0.13836580894651224,-0.8455772527353779
2.2680000000000002,400,0.7,1.0098631810546885e-28,0.00010634058740223,0.00010634058740223,0.1611564193661463,0.02287215881522689,0.02287215881522689,0.02287215881522689,0.1382842605509194,-0.848141781502405
2.2720000000000002,400,0.7,5.986217523052786e-29,0.0001298514624562197,0.0001298514624562197,0.16246376987356193,0.02237279839315084,0.02237279839315084,0.02237279839315084,0.14009097148041108,-0.8506865307159441
2.2760000000000002,400,0.7,6.220376267302753e-29,0.00015808903589409627,0.00015808903589409627,0.16236784324692596,0.021880880413342664,0.021880880413342664,0.021880880413342664,0.1404869628335833,-0.8532113316020609
2.2800000000000002,400,0.7,2.583104902545248e-29,0.00019189909646193947,0.00019189909646193947,0.16456493892715268,0.021396352158353463,0.021396352158353463,0.021396352158353463,0.14316858676879923,-0.8557160158312277
2.2840000000000003,400,0.7,4.750817790162839e-29,0.00023225737387981492,0.00023225737387981492,0.16304162731812408,0.020919161077556786,0.020919161077556786,0.020919161077556786,0.1421224662405673,-0.8582004155500422
2.2880000000000003,400,0.7,1.1050483021016463e-29,0.0002802854764578349,0.0002802854764578349,0.16668769662625946,0.020449254788535213,0.020449254788535213,0.020449254788535213,0.14623844183772425,-0.8606643634130642
2.2920000000000003,400,0.7,6.225915184197464e-29,0.0003372680877098491,0.0003372680877098491,0.16236561811935205,0.019986581078430325,0.019986581078430325,0.019986581078430325,0.14237903704092172,-0.8631076926147667
2.2960000000000003,400,0.7,7.154442892166657e-30,0.00040467140650902566,0.00040467140650902566,0.1677745481064361,0.019531087905316945,0.019531087905316945,0.019531087905316945,0.14824346020111917,-0.8655302369215807
2.3000000000000003,400,0.7,4.001860852462689e-29,0.00048416279242628096,0.00048416279242628096,0.16347052057692457,0.019082723399529405,0.019082723399529405,0.019082723399529405,0.14438779717739517,-0.8679318307040401
2.3040000000000003,400,0.7,1.983206930470073e-29,0.0005776315519071572,0.0005776315519071572,0.1652256312512625,0.018641435864998886,0.018641435864998886,0.018641435864998886,0.1465841953862636,-0.8703123089690005
2.308,400,0.7,2.937368851435064e-29,0.0006872107719895603,0.0006872107719895603,0.16424363366168426,0.01820717378057137,0.01820717378057137,0.01820717378057137,0.14603645988111288,-0.8726715073919314
2.312,400,0.7,2.0993569700944157e-29,0.0008153000764515198,0.0008153000764515198,0.16508334150926282,0.01777988580131096,0.01777988580131096,0.01777988580131096,0.14730345570795186,-0.8750092623492717
2.316,400,0.7,3.265568031603734e-29,0.0009645891448514992,0.0009645891448514992,0.16397883493310528,0.017359520759789866,0.017359520759789866,0.017359520759789866,0.14661931417331542,-0.8773254109508285
2.32,400,0.7,2.2707777939757288e-29,0.001138081798203827,0.001138081798203827,0.16488711320875982,0.016946027667368576,0.016946027667368576,0.016946027667368576,0.14794108554139124,-0.8796197910722268
2.324,400,0.7,1.4474801846090935e-29,0.0013391204164505516,0.0013391204164505516,0.1660128586396131,0.016539355715454333,0.016539355715454333,0.016539355715454333,0.14947350292415876,-0.8818922413873759
2.328,400,0.7,5.035066742845016e-29,0.0015714104129523157,0.0015714104129523157,0.16289635228741525,0.016139454276749562,0.016139454276749562,0.016139454276749562,0.1467568980106657,-0.8841426014009656
2.332,400,0.7,8.51420100707669e-30,0.0018390444505763026,0.0018390444505763026,0.16733954328422038,0.0157462729064843,0.0157462729064843,0.0157462729064843,0.15159327037773607,-0.8863707114809642
2.336,400,0.7,4.161077280085511e-29,0.0021465260433130807,0.0021465260433130807,0.16337298423629976,0.015359761343632806,0.015359761343632806,0.015359761343632806,0.14801322289266694,-0.888576412891115
2.34,400,0.7,9.335442950614852e-30,0.0024987921475322712,0.0024987921475322712,0.1671093364085807,0.014979869512113215,0.014979869512113215,0.014979869512113215,0.15212946689646747,-0.8907595478234197
2.344,400,0.7,6.17255221275175e-29,0.002901234308887234,0.002901234308887234,0.1623871382392372,0.014606547521968967,0.014606547521968967,0.014606547521968967,0.14778059071726823,-0.8929199594305988
2.348,400,0.7,3.6639271855455536e-29,0.003359717895461317,0.003359717895461317,0.16369108030788382,0.014239745670539919,0.014239745670539919,0.014239745670539919,0.1494513346373439,-0.8950574918585105
2.352,400,0.7,1.6839676524124274e-29,0.0038805989160886414,0.0038805989160886414,0.16563453747493223,0.013879414443606363,0.013879414443606363,0.013879414443606363,0.15175512303132588,-0.897171990278528
2.356,400,0.7,2.3418490710487346e-29,0.004470737895844834,0.004470737895844834,0.1648100671954988,0.01352550451652555,0.01352550451652555,0.01352550451652555,0.15128456267897325,-0.8992633009198582
2.36,400,0.7,5.182074378560065e-29,0.0051375102597133225,0.0051375102597133225,0.16282440565384207,0.013177966755343218,0.013177966755343218,0.013177966755343218,0.14964643889849885,-0.9013312711017892
2.364,400,0.7,1.1251336703180059e-29,0.005888812661311323,0.005888812661311323,0.166642664625422,0.012836752217889094,0.012836752217889094,0.012836752217889094,0.15380591240753289,-0.903375749265855
2.368,400,0.7,2.2266851426154924e-29,0.00673306468745034,0.00673306468745034,0.16493613425099873,0.012501812154856113,0.012501812154856113,0.012501812154856113,0.15243432209614263,-0.9053965850079118
2.372,400,0.7,5.605814054364591e-31,0.007679205372159052,0.007679205372159052,0.17414083399915603,0.012173098010856108,0.012173098010856108,0.012173098010856108,0.16196773598829992,-0.907393629110112
2.376,400,0.7,4.8360929155387067e-29,0.008736683966419474,0.008736683966419474,0.16299715137738807,0.011850561425462354,0.011850561425462354,0.011850561425462354,0.15114658995192573,-0.909366733572756
2.38,400,0.7,4.3275145872572226e-29,0.009915444433170606,0.009915444433170606,0.16327493579484248,0.011534154234227862,0.011534154234227862,0.011534154234227862,0.15174078156061463,-0.9113157516460245
2.384,400,0.7,3.380367629892444e-29,0.011225903171541941,0.011225903171541941,0.16389245806751662,0.011223828469685443,0.011223828469685443,0.011223828469685443,0.15266862959783117,-0.9132405378615707
2.388,400,0.7,4.2632719525828285e-29,0.012678919520356782,0.012678919520356782,0.16331232691842415,0.010919536362330196,0.010919536362330196,0.010919536362330196,0.15239279055609395,-0.9151409480639583
2.392,400,0.7,1.0121712314416806e-29,0.014285758648895886,0.014285758648895886,0.16690717484811401,0.01062123034157867,0.01062123034157867,0.01062123034157867,0.15628594450653535,-0.9170168394419485
2.396,400,0.7,3.7073855593473905e-29,0.016058046512632245,0.016058046512632245,0.16366160192402743,0.010328863036710701,0.010328863036710701,0.010328863036710701,0.15333273888731672,-0.9188680705596017
2.4,400,0.7,6.433714247249722e-29,0.018007716633067238,0.018007716633067238,0.16228353920480085,0.010042387277788202,0.010042387277788202,0.010042387277788202,0.15224115192701265,-0.920694501387206
2.404,400,0.7,2.839522295153585e-29,0.02014694855321486,0.02014694855321486,0.1643283296618356,0.009761756096555347,0.009761756096555347,0.009761756096555347,0.15456657356528025,-0.9224959933320039
2.408,400,0.7,4.127093476253912e-29,0.022488097923106524,0.022488097923106524,0.1633934857409628,0.00948692272731735,0.00948692272731735,0.00948692272731735,0.15390656301364544,-0.9242724092687108
2.412,400,0.7,3.991019341204457e-29,0.025043618281762225,0.025043618281762225,0.16347730256141849,0.00921784060779748,0.00921784060779748,0.00921784060779748,0.154259461953621,-0.9260236135698215
2.416,400,0.7,2.0044347063857033e-29,0.02782597472211811,0.02782597472211811,0.1651990140444354,0.00895446337997396,0.00895446337997396,0.00895446337997396,0.15624455066446144,-0.9277494721356775
2.42,400,0.7,5.250498453422927e-29,0.03084754975192435,0.03084754975192435,0.16279161170305378,0.008696744890894982,0.008696744890894982,0.008696744890894982,0.1540948668121588,-0.9294498524242993
2.424,400,0.7,6.5157029467385e-29,0.034120541794740174,0.034120541794740174,0.1622518814885279,0.00844463919347295,0.00844463919347295,0.00844463919347295,0.15380724229505494,-0.9311246234809621
2.428,400,0.7,1.3839170076148117e-28,0.03765685690895796,0.03765685690895796,0.1603686617850801,0.008198100547256566,0.008198100547256566,0.008198100547256566,0.15217056123782355,-0.9327736559675103
2.432,400,0.7,1.5658555149583222e-29,0.041467994437018596,0.041467994437018596,0.16581633841817783,0.007957083419181167,0.007957083419181167,0.007957083419181167,0.15785925499899667,-0.9343968221913909
2.436,400,0.7,8.35828592158102e-29,0.04556492742935512,0.04556492742935512,0.16162928581014158,0.007721542484298202,0.007721542484298202,0.007721542484298202,0.15390774332584337,-0.9359939961344043
2.44,400,0.7,5.427557330788715e-29,0.04995797881575578,0.04995797881575578,0.16270869627773307,0.007491432626482131,0.007491432626482131,0.007491432626482131,0.15521726365125094,-0.9375650534811582
2.444,400,0.7,6.384538604053117e-29,0.05465669441817804,0.05465669441817804,0.16230272118108943,0.007266708939115301,0.007266708939115301,0.007266708939115301,0.15503601224197414,-0.9391098716472044
2.448,400,0.7,4.3887246157292556e-29,0.05966971401117099,0.05966971401117099,0.16323982258071118,0.007047326725751855,0.007047326725751855,0.007047326725751855,0.1561924958549593,-0.9406283298068658
2.452,400,0.7,2.535998137601877e-29,0.06500464173664029,0.06500464173664029,0.16461095098659181,0.0068332415007581,0.0068332415007581,0.0068332415007581,0.15777770948583372,-0.9421203089207245
2.456,400,0.7,9.006276836738788e-29,0.07066791726610107,0.07066791726610107,0.16144261484068875,0.006624408989932548,0.006624408989932548,0.006624408989932548,0.1548182058507562,-0.9435856917627703
2.46,400,0.7,7.569574593742631e-29,0.07666468917411007,0.07666468917411007,0.1618770770682306,0.006420785131102198,0.006420785131102198,0.006420785131102198,0.1554562919371284,-0.9450243629471976
2.464,400,0.7,1.3300671553462088e-28,0.08299869203874644,0.08299869203874644,0.16046788292533204,0.006222326074697567,0.006222326074697567,0.006222326074697567,0.15424555685063449,-0.9464362089548358
2.468,400,0.7,5.0042887215062144e-29,0.08967212881760248,0.08967212881760248,0.16291168101936102,0.006028988184305707,0.006028988184305707,0.006028988184305707,0.15688269283505532,-0.9478211181592107
2.472,400,0.7,1.3771651416079235e-28,0.0966855600590912,0.0966855600590912,0.16038088865682887,0.005840728037200555,0.005840728037200555,0.005840728037200555,0.1545401606196283,-0.9491789808522162
2.476,400,0.7,1.0289139418890409e-28,0.10403780149794938,0.10403780149794938,0.16110969695809918,0.005657502424850803,0.005657502424850803,0.005657502424850803,0.15545219453324838,-0.9505096892693946
2.48,400,0.7,1.268358335713186e-29,0.11172583154990393,0.11172583154990393,0.16634311070398256,0.005479268353407015,0.005479268353407015,0.005479268353407015,0.16086384235057555,-0.9518131376148125
2.484,400,0.7,4.2921010182622626e-29,0.11974471016359901,0.11974471016359901,0.1632954783398201,0.005305983044164964,0.005305983044164964,0.005305983044164964,0.15798949529565515,-0.9530892220855188
2.488,400,0.7,1.6373839907113072e-28,0.1280875104075093,0.1280875104075093,0.159948206907957,0.005137603934007955,0.005137603934007955,0.005137603934007955,0.15481060297394905,-0.9543378408955842
2.492,400,0.7,6.094932344276874e-29,0.13674526406704232,0.13674526406704232,0.16241877508539093,0.0049740886758265716,0.0049740886758265716,0.0049740886758265716,0.15744468640956436,-0.9555588942996975
2.496,400,0.7,1.0980116884109336e-28,0.14570692240268168,0.14570692240268168,0.16094720403904902,0.004815395138916403,0.004815395138916403,0.004815395138916403,0.15613180890013262,-0.9567522846163297
2.5,400,0.7,1.699440191679662e-28,0.1549593330755691,0.1549593330755691,0.15985520926503474,0.004661481409353982,0.004661481409353982,0.004661481409353982,0.15519372785568075,-0.9579179162504321
2.504,400,0.7,1.0023506462284959e-28,0.16448723408405894,0.16448723408405894,0.1611750867901293,0.004512305790350774,0.004512305790350774,0.004512305790350774,0.1566627809997785,-0.959055695715684
2.508,400,0.7,1.3229383086384761e-28,0.1742732653755911,0.1742732653755911,0.1604813183742264,0.004367826802585249,0.004367826802585249,0.004367826802585249,0.15611349157164117,-0.9601655316562598
2.512,400,0.7,7.614852125609985e-29,0.1842979986052405,0.1842979986052405,0.1618621678237467,0.004228003184512869,0.004228003184512869,0.004228003184512869,0.15763416463923385,-0.9612473348681217
2.516,400,0.7,7.724974049051153e-29,0.19453998530809433,0.19453998530809433,0.1618262730834882,0.004092793892655261,0.004092793892655261,0.004092793892655261,0.15773347919083294,-0.9623010183198227
2.52,400,0.7,9.008980260884713e-29,0.20497582354063243,0.20497582354063243,0.16144186452551104,0.003962158101866546,0.003962158101866546,0.003962158101866546,0.1574797064236445,-0.9633264971728079
2.524,400,0.7,4.8309411585712996e-29,0.2155802428287844,0.2155802428287844,0.16299981597824476,0.0038360552055793414,0.0038360552055793414,0.0038360552055793414,0.15916376077266542,-0.9643236888012158
2.528,400,0.7,3.8777420703806336e-29,0.2263262070417894,0.2263262070417894,0.16354928663302215,0.0037144448160285988,0.0037144448160285988,0.0037144448160285988,0.15983484181699356,-0.9652925128111636
2.532,400,0.7,7.740858340977259e-29,0.23718503459354087,0.23718503459354087,0.16182113779651797,0.0035972867644543547,0.0035972867644543547,0.0035972867644543547,0.1582238510320636,-0.9662328910595096
2.536,400,0.7,1.4572091703403124e-28,0.2481265351608979,0.2481265351608979,0.16023964881144198,0.003484541101283455,0.003484541101283455,0.003484541101283455,0.15675510771015852,-0.9671447476720912
2.54,400,0.7,1.9852247606289136e-28,0.2591191619044052,0.2591191619044052,0.15946662616642032,0.0033761680962901535,0.0033761680962901535,0.0033761680962901535,0.15609045807013017,-0.9680280090614177
2.544,400,0.7,1.7567104176332796e-28,0.2701301779841521,0.2701301779841521,0.15977234906146168,0.0032721282387354754,0.0032721282387354754,0.0032721282387354754,0.1565002208227262,-0.9688826039438289
2.548,400,0.7,2.8740245350607123e-29,0.2811258359849322,0.2811258359849322,0.16429813593075854,0.003172382237486397,0.003172382237486397,0.003172382237486397,0.16112575369327214,-0.9697084633560954
2.552,400,0.7,4.4760446854538535e-29,0.29207156870357703,0.29207156870357703,0.1631905698077053,0.003076891021114038,0.003076891021114038,0.003076891021114038,0.16011367878659127,-0.9705055206714692
2.556,400,0.7,3.944064172183233e-29,0.3029321896091663,0.3029321896091663,0.16350688997345444,0.0029856157379709943,0.0029856157379709943,0.0029856157379709943,0.16052127423548346,-0.9712737116151609
2.56,400,0.7,4.480113537553109e-29,0.3136721011660327,0.3136721011660327,0.16318829826879436,0.0028985177562491364,0.0028985177562491364,0.0028985177562491364,0.16028978051254522,-0.9720129742792515
2.564,400,0.7,4.27289802035403e-29,0.32425550911232226,0.32425550911232226,0.16330668851625899,0.002815558664016604,0.002815558664016604,0.002815558664016604,0.16049112985224237,-0.9727232491370322
2.568,400,0.7,1.1147529971294646e-28,0.33464664071366823,0.33464664071366823,0.16090937437675032,0.0027367002692348557,0.0027367002692348557,0.0027367002692348557,0.15817267410751545,-0.973404479056752
2.572,400,0.7,1.2587052431149968e-28,0.34480996496400257,0.34480996496400257,0.1606057474900663,0.0026619045997563814,0.0026619045997563814,0.0026619045997563814,0.1579438428903099,-0.9740566093147878
2.576,400,0.7,1.4218324169583776e-28,0.35471041268413134,0.35471041268413134,0.1603010903240934,0.002591133903301755,0.002591133903301755,0.002591133903301755,0.15770995642079164,-0.9746795876082134
2.58,400,0.7,1.25501055705697e-28,0.36431359447257106,0.36431359447257106,0.16061309654821831,0.002524350647418176,0.002524350647418176,0.002524350647418176,0.15808874590080013,-0.9752733640667761
2.584,400,0.7,1.2216862587239263e-28,0.3735860144935314,0.3735860144935314,0.1606803763003418,0.0024615175194182284,0.0024615175194182284,0.0024615175194182284,0.15821885878092357,-0.9758378912642687
2.588,400,0.7,6.685817313135271e-29,0.38249527814155604,0.38249527814155604,0.1621874480824836,0.0024025974262992535,0.0024025974262992535,0.0024025974262992535,0.15978485065618434,-0.9763731242292925
2.592,400,0.7,8.002965978149303e-29,0.39101029170083434,0.39101029170083434,0.16173788869147152,0.0023475534946441642,0.0023475534946441642,0.0023475534946441642,0.15939033519682735,-0.976879020455412
2.596,400,0.7,1.3581822822560063e-28,0.39910145221817545,0.39910145221817545,0.16041558838809802,0.002296349070503705,0.002296349070503705,0.002296349070503705,0.1581192393175943,-0.977355539910694
2.6,400,0.7,5.629401651690587e-29,0.4067408259301267,0.4067408259301267,0.1626174113472166,0.0022489477192593086,0.0022489477192593086,0.0022489477192593086,0.1603684636279573,-0.9778026450466237
2.604,400,0.7,3.115237143579816e-29,0.41390231372404895,0.41390231372404895,0.16409665604481372,0.0022053132254684685,0.0022053132254684685,0.0022053132254684685,0.16189134281934525,-0.9782203008064019
2.608,400,0.7,4.9211989409182107e-29,0.4205618022693111,0.4205618022693111,0.16295353877207877,0.0021654095926914767,0.0021654095926914767,0.0021654095926914767,0.16078812917938728,-0.9786084746326188
2.612,400,0.7,7.408488785734915e-29,0.4266972996239467,0.4266972996239467,0.16193085305216084,0.0021292010433004195,0.0021292010433004195,0.0021292010433004195,0.15980165200886043,-0.9789671364742908
2.616,400,0.7,2.94644204385231e-29,0.43228905430280445,0.43228905430280445,0.16423592335303347,0.0020966520182700396,0.0020966520182700396,0.0020966520182700396,0.16213927133476344,-0.9792962587932786
2.62,400,0.7,3.6510496246239293e-29,0.43731965698169,0.43731965698169,0.16369988250545667,0.0020677271769518053,0.0020677271769518053,0.0020677271769518053,0.16163215532850486,-0.9795958165700566
2.624,400,0.7,6.508625444269325e-29,0.44177412420669715,0.44177412420669715,0.1622545985204367,0.0020423913968298907,0.0020423913968298907,0.0020423913968298907,0.16021220712360681,-0.9798657873088631
2.628,400,0.7,6.747755610775878e-29,0.44563996367448194,0.44563996367448194,0.16216439437335312,0.002020609773260425,0.002020609773260425,0.002020609773260425,0.16014378460009268,-0.9801061510422017
2.632,400,0.7,1.6241900269100426e-29,0.4489072208464937,0.4489072208464937,0.1657248961257226,0.002002347619194034,0.002002347619194034,0.002002347619194034,0.16372254850652856,-0.98031689033471
2.636,400,0.7,5.158443783550091e-29,0.4515685068547446,0.4515685068547446,0.16283583188789305,0.0019875704648811806,0.0019875704648811806,0.0019875704648811806,0.16084826142301187,-0.9804979902863837
2.64,400,0.7,5.288951481574856e-29,0.45361900784579506,0.45361900784579506,0.1627733691956116,0.0019762440575615344,0.0019762440575615344,0.0019762440575615344,0.16079712513805008,-0.98064943853517
2.644,400,0.7,5.10843885336461e-29,0.4550564760919143,0.4550564760919143,0.16286018461859164,0.001968334361137277,0.001968334361137277,0.001968334361137277,0.16089185025745437,-0.9807712252588999
2.648,400,0.7,4.0398743551646683e-29,0.4558812033710448,0.4558812033710448,0.16344688526386164,0.00196380755582962,0.00196380755582962,0.00196380755582962,0.16148307770803202,-0.9808633431766081
2.652,400,0.7,8.671093457555502e-30,0.4560959772779147,0.4560959772779147,0.16729389471827358,0.0019626300378204104,0.0019626300378204104,0.0019626300378204104,0.16533126468045317,-0.9809257875491829
2.656,400,0.7,1.2989574168607665e-30,0.45570602127734694,0.45570602127734694,0.17203997708536925,0.001964768418877706,0.001964768418877706,0.001964768418877706,0.17007520866649153,-0.9809585561793934
2.66,400,0.7,7.488280439305833e-30,0.4547189194441491,0.4547189194441491,0.16766053399879252,0.0019701895259664837,0.0019701895259664837,0.0019701895259664837,0.16569034447282605,-0.9809616494112647
2.664,400,0.7,1.995097151563113e-29,0.45314452695253327,0.45314452695253327,0.16521068737536454,0.0019788604008437616,0.0019788604008437616,0.0019788604008437616,0.16323182697452077,-0.9809350701288255
2.668,400,0.7,4.3883021956379914e-30,0.45099486747952117,0.45099486747952117,0.1689965259528233,0.001990748299639245,0.001990748299639245,0.001990748299639245,0.16700577765318406,-0.9808788237542005
2.672,400,0.7,1.8058101763725118e-29,0.4482840187719045,0.4482840187719045,0.16545989588642532,0.0020058206924213414,0.0020058206924213414,0.0020058206924213414,0.16345407519400398,-0.980792918245081
2.676,400,0.7,2.9305830104745056e-29,0.4450279876938821,0.4450279876938821,0.16424941578477012,0.002024045262748763,0.002024045262748763,0.002024045262748763,0.16222537052202135,-0.9806773640915486
2.68,400,0.7,6.473416170470499e-29,0.44124457612280527,0.44124457612280527,0.16226815931510002,0.0020453899072078534,0.0020453899072078534,0.0020453899072078534,0.16022276940789218,-0.9805321743122758
2.684,400,0.7,1.3591700366236302e-30,0.43695323909352485,0.43695323909352485,0.17192669635887683,0.0020698227349364136,0.0020698227349364136,0.0020698227349364136,0.16985687362394042,-0.9803573644500798
2.688,400,0.7,6.312563353489446e-29,0.4321749366085313,0.4321749366085313,0.16233106466519967,0.002097312067133473,0.002097312067133473,0.002097312067133473,0.1602337525980662,-0.9801529525668619
2.692,400,0.7,6.404043974824129e-30,0.4269319805312159,0.4269319805312159,0.16805155781983985,0.002127826436555797,0.002127826436555797,0.002127826436555797,0.16592373138328406,-0.9799189592379144
2.696,400,0.7,1.630797452369567e-30,0.42124787796478985,0.42124787796478985,0.1714712091501409,0.0021613345870014067,0.0021613345870014067,0.0021613345870014067,0.1693098745631395,-0.9796554075456024
2.7,400,0.7,1.7656201660835598e-29,0.41514717249031313,0.41514717249031313,0.16551616424817947,0.002197805472779762,0.002197805472779762,0.002197805472779762,0.1633183587753997,-0.9793623230724265
2.704,400,0.7,7.230799132994478e-31,0.4086552845946869,0.4086552845946869,0.17350447080650344,0.0022372082581696125,0.0022372082581696125,0.0022372082581696125,0.17126726254833383,-0.979039733893475
2.708,400,0.7,3.06732182669401e-31,0.40179835256537305,0.40179835256537305,0.17564833267776692,0.0022795123168641604,0.0022795123168641604,0.0022795123168641604,0.17336882036090276,-0.9786876705682533
2.712,400,0.7,2.657369091945398e-29,0.39460307506347986,0.39460307506347986,0.16449407781664468,0.0023246872314041126,0.0023246872314041126,0.0023246872314041126,0.16216939058524057,-0.9783061661319135
2.716,400,0.7,1.05575326568516e-28,0.38709655651269964,0.38709655651269964,0.16104532023942242,0.0023727027925987414,0.0023727027925987414,0.0023727027925987414,0.15867261744682368,-0.9778952560858741
2.72,400,0.7,1.92280739083094e-30,0.3793061563595273,0.3793061563595273,0.17105941622251375,0.002423528998934882,0.002423528998934882,0.002423528998934882,0.16863588722357886,-0.977454978387843
2.724,400,0.7,8.269087565799275e-29,0.37125934317149695,0.37125934317149695,0.16165610881123843,0.0024771360559749877,0.0024771360559749877,0.0024771360559749877,0.15917897275526344,-0.976985373441247
2.728,400,0.7,1.7760062582685422e-29,0.36298355444698355,0.36298355444698355,0.16550150132115923,0.002533494375743332,0.002533494375743332,0.002533494375743332,0.1629680069454159,-0.9764864840840679
2.732,400,0.7,8.144537099779699e-29,0.35450606291265874,0.35450606291265874,0.16169405072206977,0.0025925745761016627,0.0025925745761016627,0.0025925745761016627,0.15910147614596812,-0.9759583555770942
2.736,400,0.7,1.6381905624274824e-30,0.3458538499856542,0.3458538499856542,0.1714599011816974,0.0026543474801133597,0.0026543474801133597,0.0026543474801133597,0.16880555370158404,-0.9754010355916022
2.74,400,0.7,2.0318034438587187e-30,0.337053486976735,0.337053486976735,0.17092157248792078,0.0027187841153979582,0.0027187841153979582,0.0027187841153979582,0.1682027883725228,-0.9748145741964511
2.744,400,0.7,6.250204675464878e-30,0.3281310245111919,0.3281310245111919,0.1681123464463372,0.0027858557134743454,0.0027858557134743454,0.0027858557134743454,0.16532649073286287,-0.9741990238446229
2.748,400,0.7,6.045798447653302e-29,0.31911189054492195,0.31911189054492195,0.16243901034375963,0.0028555337090945014,0.0028555337090945014,0.0028555337090945014,0.15958347663466513,-0.9735544393591965
2.7520000000000002,400,0.7,5.634710027705834e-29,0.31002079725721055,0.31002079725721055,0.162615055024517,0.0029277897395668844,0.0029277897395668844,0.0029277897395668844,0.15968726528495011,-0.9728808779187663
2.7560000000000002,400,0.7,1.1336745303129888e-29,0.3008816570084077,0.3008816570084077,0.16662375885755779,0.0030025956440708386,0.0030025956440708386,0.0030025956440708386,0.16362116321348694,-0.9721783990423165
2.7600000000000002,400,0.7,3.846228985930587e-29,0.2917175074621391,0.2917175074621391,0.16356968628177398,0.0030799234629607973,0.0030799234629607973,0.0030799234629607973,0.1604897628188132,-0.9714470645735542
2.7640000000000002,400,0.7,5.189892069906044e-30,0.28255044588735595,0.28255044588735595,0.16857709972159746,0.0031597454370612867,0.0031597454370612867,0.0031597454370612867,0.16541735428453616,-0.9706869386647097
2.7680000000000002,400,0.7,7.257230923081047e-30,0.273401572576918,0.273401572576918,0.16773888612323912,0.0032420340069538784,0.0032420340069538784,0.0032420340069538784,0.16449685211628523,-0.9698980877598063
2.7720000000000002,400,0.7,6.283800505965083e-30,0.2642909432470227,0.2642909432470227,0.16809894454069346,0.0033267618122545016,0.0033267618122545016,0.0033267618122545016,0.16477218272843897,-0.9690805805774195
2.7760000000000002,400,0.7,4.4394110822473964e-29,0.25523753021505013,0.25523753021505013,0.163211114920785,0.003413901690882136,0.003413901690882136,0.003413901690882136,0.15979721322990287,-0.9682344880929185
2.7800000000000002,400,0.7,1.3386024512028971e-29,0.24625919209352423,0.24625919209352423,0.16620835393493885,0.0035034266783201175,0.0035034266783201175,0.0035034266783201175,0.16270492725661873,-0.9673598835202095
2.7840000000000003,400,0.7,1.0821744137680932e-29,0.23737265168505514,0.23737265168505514,0.16673998833418635,0.003595310006868143,0.003595310006868143,0.003595310006868143,0.16314467832731822,-0.9664568422929793
2.7880000000000003,400,0.7,9.750524762499949e-29,0.2285934817163005,0.2285934817163005,0.1612441164786776,0.0036895251048872525,0.0036895251048872525,0.0036895251048872525,0.15755459137379033,-0.9655254420454603
2.7920000000000003,400,0.7,1.282630592176234e-28,0.21993609800968356,0.21993609800968356,0.16055867371174043,0.003786045596037107,0.003786045596037107,0.003786045596037107,0.15677262811570333,-0.9645657625927065
2.7960000000000003,400,0.7,1.3409868532797514e-28,0.2114137596585988,0.2114137596585988,0.1604474420081272,0.00388484529850523,0.00388484529850523,0.00388484529850523,0.15656259670962197,-0.9635778859104122
2.8000000000000003,400,0.7,9.054727777665198e-30,0.2030385757452481,0.2030385757452481,0.16718566440536098,0.003985898224229314,0.003985898224229314,0.003985898224229314,0.16319976618113166,-0.9625618961142606
2.8040000000000003,400,0.7,6.703905105286519e-29,0.19482151812015425,0.19482151812015425,0.16218069372171773,0.004089178578112802,0.004089178578112802,0.004089178578112802,0.15809151514360492,-0.9615178794388238
2.8080000000000003,400,0.7,1.8316157303879355e-29,0.18677243974823465,0.18677243974823465,0.16542442301682983,0.0041946607572333275,0.0041946607572333275,0.0041946607572333275,0.1612297622595965,-0.9604459242160232
2.8120000000000003,400,0.7,1.6549080601684114e-30,0.1789000981176785,0.1789000981176785,0.17143451833825946,0.0043023193500444055,0.0043023193500444055,0.0043023193500444055,0.16713219898821505,-0.9593461208531511
2.816,400,0.7,2.570824396987726e-29,0.1712121832045632,0.1712121832045632,0.1645768526808003,0.004412129135571117,0.004412129135571117,0.004412129135571117,0.16016472354522918,-0.9582185618104723
2.82,400,0.7,1.8564594552781684e-28,0.16371534948783298,0.16371534948783298,0.15963427862192459,0.004524065082599238,0.004524065082599238,0.004524065082599238,0.15511021353932536,-0.9570633415784093
2.824,400,0.7,3.2015003325174683e-29,0.15641525151520835,0.15641525151520835,0.16402837035746895,0.004638102348858539,0.004638102348858539,0.004638102348858539,0.15939026800861042,-0.9558805566543217
2.828,400,0.7,1.7015041754131284e-29,0.14931658253071725,0.14931658253071725,0.16560863756977848,0.004754216280200203,0.004754216280200203,0.004754216280200203,0.16085442128957828,-0.9546703055188936
2.832,400,0.7,3.904259120620984e-29,0.14242311568816338,0.14242311568816338,0.163532249143423,0.004872382409768555,0.004872382409768555,0.004872382409768555,0.15865986673365443,-0.9534326886121306
2.836,400,0.7,4.107512474033189e-29,0.13573774739159214,0.13573774739159214,0.16340537522252707,0.004992576457167799,0.004992576457167799,0.004992576457167799,0.15841279876535927,-0.9521678083089866
2.84,400,0.7,1.4928818115056619e-29,0.12926254232339154,0.12926254232339154,0.165935648357887,0.005114774327622641,0.005114774327622641,0.005114774327622641,0.16082087403026435,-0.9508757688946219
2.844,400,0.7,9.933030501174754e-30,0.12299877974220483,0.12299877974220483,0.1669542179297544,0.005238952111135034,0.005238952111135034,0.005238952111135034,0.16171526581861936,-0.9495566765393036
2.848,400,0.7,6.250176684528264e-29,0.11694700065665002,0.11694700065665002,0.16235589490988517,0.005365086081635147,0.005365086081635147,0.005365086081635147,0.15699080882825003,-0.9482106392729699
2.852,400,0.7,1.2532620965279061e-28,0.11110705550568196,0.11110705550568196,0.16061658193647899,0.005493152696128098,0.005493152696128098,0.005493152696128098,0.15512342924035089,-0.9468377669594469
2.856,400,0.7,9.677055041413048e-30,0.10547815200265084,0.10547815200265084,0.16701948791519897,0.005623128593835955,0.005623128593835955,0.005623128593835955,0.161396359321363,-0.9454381712703537
2.86,400,0.7,1.964713528787258e-28,0.10005890282687382,0.10005890282687382,0.15949259039004177,0.005754990595335916,0.005754990595335916,0.005754990595335916,0.15373759979470586,-0.944011965658684
2.864,400,0.7,5.323172894296516e-29,0.09484737287383506,0.09484737287383506,0.162757245406381,0.005888715701693831,0.005888715701693831,0.005888715701693831,0.15686852970468718,-0.9425592653320881
2.868,400,0.7,5.896344300423364e-29,0.08984112580236696,0.08984112580236696,0.1625015878701276,0.006024281093593998,0.006024281093593998,0.006024281093593998,0.15647730677653363,-0.9410801872258631
2.872,400,0.7,1.3592577252525674e-28,0.08503726964433582,0.08503726964433582,0.16041360960834627,0.006161664130465435,0.006161664130465435,0.006161664130465435,0.15425194547788085,-0.9395748499756593
2.876,400,0.7,2.0070819820040124e-29,0.0804325012690865,0.0804325012690865,0.16519571444953374,0.006300842349604221,0.006300842349604221,0.006300842349604221,0.15889487209992953,-0.9380433738899138
2.88,400,0.7,4.0958108031690473e-29,0.07602314952093069,0.07602314952093069,0.16341250750197375,0.006441793465292591,0.006441793465292591,0.006441793465292591,0.15697071403668117,-0.9364858809220269
2.884,400,0.7,4.2266723629348477e-29,0.07180521687324282,0.07180521687324282,0.16333388172197436,0.0065844953679143545,0.0065844953679143545,0.0065844953679143545,0.15674938635406,-0.9349024946422846
2.888,400,0.7,1.6818191909990928e-29,0.06777441946691423,0.06777441946691423,0.1656377290937202,0.006728926123068477,0.006728926123068477,0.006728926123068477,0.15890880297065174,-0.9332933402095452
2.892,400,0.7,8.232037029830699e-29,0.0639262254241834,0.0639262254241834,0.16166733550006737,0.006875063970678113,0.006875063970678113,0.006875063970678113,0.15479227152938926,-0.9316585443426931
2.896,400,0.7,3.054841480356869e-29,0.06025589135059968,0.06025589135059968,0.1641455999853506,0.007022887324097512,0.007022887324097512,0.007022887324097512,0.1571227126612531,-0.9299982352918805
2.9,400,0.7,4.776497132104486e-29,0.056758496958525986,0.056758496958525986,0.1630281505912934,0.007172374769217595,0.007172374769217595,0.007172374769217595,0.15585577582207583,-0.9283125428095563
2.904,400,0.7,1.0860172755939227e-28,0.05342897776488514,0.05342897776488514,0.16097466368725752,0.007323505063566787,0.007323505063566787,0.007323505063566787,0.15365115862369072,-0.9266015981213047
2.908,400,0.7,1.3591574410324022e-29,0.050262155833453406,0.050262155833453406,0.16617025679429798,0.007476257135410908,0.007476257135410908,0.007476257135410908,0.15869399965888706,-0.9248655338964926
2.912,400,0.7,2.256143377813269e-29,0.047252768548471394,0.047252768548471394,0.16490327702803934,0.007630610082851205,0.007630610082851205,0.007630610082851205,0.15727266694518813,-0.9231044842187477
2.916,400,0.7,1.0694423576345462e-28,0.044395495421215674,0.044395495421215674,0.16101311313075078,0.00778654317291984,0.00778654317291984,0.00778654317291984,0.15322656995783093,-0.9213185845562717
2.92,400,0.7,6.197594678501109e-29,0.041684982944593274,0.041684982944593274,0.16237701608782695,0.00794403584067345,0.00794403584067345,0.00794403584067345,0.15443298024715352,-0.9195079717319966
2.924,400,0.7,6.417380551797927e-29,0.03911586752286081,0.03911586752286081,0.16228989419031087,0.008103067688285195,0.008103067688285195,0.008103067688285195,0.15418682650202567,-0.9176727838936063
2.928,400,0.7,1.9085898553276776e-29,0.036682796514227525,0.036682796514227525,0.16532150755770797,0.008263618484135402,0.008263618484135402,0.008263618484135402,0.15705788907357257,-0.9158131604834183
2.932,400,0.7,1.656750474004671e-28,0.03438044743341528,0.03438044743341528,0.159918811164355,0.008425668161900771,0.008425668161900771,0.008425668161900771,0.15149314300245423,-0.9139292422081547
2.936,400,0.7,1.0558885469200363e-28,0.03220354536928615,0.03220354536928615,0.16104499991702148,0.008589196819641572,0.008589196819641572,0.008589196819641572,0.1524558030973799,-0.9120211710085943
2.94,400,0.7,7.599266133962412e-29,0.030146878679412008,0.030146878679412008,0.1618672900387953,0.008754184718889576,0.008754184718889576,0.008754184718889576,0.1531131053199057,-0.9100890900291279
2.944,400,0.7,3.423265572388529e-30,0.02820531302920761,0.02820531302920761,0.16961739462148603,0.008920612283732667,0.008920612283732667,0.008920612283732667,0.16069678233775336,-0.9081331435872292
2.948,400,0.7,1.006891000826315e-28,0.02637380384770617,0.02637380384770617,0.16116378809359674,0.009088460099900164,0.009088460099900164,0.009088460099900164,0.15207532799369658,-0.90615347714284
2.952,400,0.7,7.831192795331205e-29,0.024647407275694023,0.024647407275694023,0.16179213215464544,0.00925770891384707,0.00925770891384707,0.00925770891384707,0.15253442324079836,-0.904150237267697
2.956,400,0.7,1.8460719254545197e-29,0.023021289684519303,0.023021289684519303,0.16540476899659398,0.009428339631836806,0.009428339631836806,0.009428339631836806,0.15597642936475717,-0.9021235716145874
2.96,400,0.7,2.8295560654293823e-29,0.02149073584561851,0.02149073584561851,0.16433711966204145,0.009600333319025363,0.009600333319025363,0.009600333319025363,0.1547367863430161,-0.9000736288865753
2.964,400,0.7,6.789451020925865e-29,0.020051155831848886,0.020051155831848886,0.16214899402410207,0.009773671198543377,0.009773671198543377,0.009773671198543377,0.15237532282555868,-0.8980005588061727
2.968,400,0.7,3.0168230498251003e-30,0.018698090731923953,0.018698090731923953,0.16993337120600063,0.009948334650578152,0.009948334650578152,0.009948334650578152,0.15998503655542248,-0.8959045120844974
2.972,400,0.7,1.3116609830616687e-30,0.017427217258899046,0.017427217258899046,0.172015646324366,0.010124305211456876,0.010124305211456876,0.010124305211456876,0.16189134111290912,-0.8937856403904093
2.976,400,0.7,1.618357627521902e-29,0.016234351332752684,0.016234351332752684,0.16573388968001956,0.010301564572728523,0.010301564572728523,0.010301564572728523,0.15543232510729105,-0.8916440963196364
2.98,400,0.7,5.094478149943687e-29,0.015115450715651789,0.015115450715651789,0.16286702614838608,0.010480094580245635,0.010480094580245635,0.010480094580245635,0.15238693156814045,-0.8894800333639117
2.984,400,0.7,5.416849790478661e-30,0.01406661677663721,0.01406661677663721,0.16847009590703052,0.01065987723324782,0.01065987723324782,0.01065987723324782,0.1578102186737827,-0.8872936058801159
2.988,400,0.7,7.702340317849484e-30,0.013084095460268287,0.013084095460268287,0.16759007142439572,0.010840894683445361,0.010840894683445361,0.010840894683445361,0.15674917674095035,-0.8850849690594478
2.992,400,0.7,4.135576334271705e-29,0.012164277531238016,0.012164277531238016,0.16338835249638653,0.01102312923409972,0.01102312923409972,0.01102312923409972,0.1523652232622868,-0.8828542788966222
2.996,400,0.7,1.0740158031098895e-28,0.011303698164114024,0.011303698164114024,0.1610024447339996,0.011206563339112085,0.011206563339112085,0.011206563339112085,0.14979588139488753,-0.8806016921591171
3.0,400,0.7,4.5838277005856264e-29,0.01049903594452348,0.01049903594452348,0.16313108326313394,0.01139117960210296,0.01139117960210296,0.01139117960210296,0.151739903661031,-0.8783273663564626
3.004,400,0.7,1.479886986277961e-30,0.009747111344772802,0.009747111344772802,0.17171396766395994,0.011576960775501735,0.011576960775501735,0.011576960775501735,0.1601370068884582,-0.8760314597095973
3.008,400,0.7,4.03775346518863e-29,0.009044884733809853,0.009044884733809853,0.16344819808123323,0.011763889759630896,0.011763889759630896,0.011763889759630896,0.15168430832160235,-0.8737141311202927
3.012,400,0.7,3.632067368945318e-29,0.0083894539779924,0.0083894539779924,0.1637129142188547,0.011951949601792702,0.011951949601792702,0.011951949601792702,0.151760964617062,-0.8713755401406519
3.016,400,0.7,5.756197303947491e-29,0.007778051685795337,0.007778051685795337,0.16256172657606996,0.012141123495359944,0.012141123495359944,0.012141123495359944,0.15042060308071,-0.8690158469427037
3.02,400,0.7,1.0465259326588431e-29,0.007208042146247653,0.007208042146247653,0.1668237291346472,0.012331394778861297,0.012331394778861297,0.012331394778861297,0.15449233435578588,-0.8666352122880854
3.024,400,0.7,4.4754015065800554e-29,0.006676918007449823,0.006676918007449823,0.16319092906746124,0.01252274693507641,0.01252274693507641,0.01252274693507641,0.15066818213238484,-0.8642337974978344
3.028,400,0.7,1.1049623946873204e-28,0.006182296738313749,0.006182296738313749,0.1609314282534996,0.012715163590124805,0.012715163590124805,0.012715163590124805,0.14821626466337479,-0.8618117644222941
3.032,400,0.7,7.824351839634898e-29,0.005721916913332997,0.005721916913332997,0.1617943169895685,0.012908628512559018,0.012908628512559018,0.012908628512559018,0.14888568847700948,-0.8593692754111374
3.036,400,0.7,6.35104579592818e-29,0.00529363435706406,0.00529363435706406,0.16231587051302715,0.013103125612463058,0.013103125612463058,0.013103125612463058,0.1492127449005641,-0.8569064932835248
3.04,400,0.7,3.5338217202872397e-29,0.004895418181959162,0.004895418181959162,0.16378146942801622,0.013298638940544385,0.013298638940544385,0.013298638940544385,0.15048283048747182,-0.8544235812983988
3.044,400,0.7,2.3754088802234953e-30,0.004525346750174029,0.004525346750174029,0.17053095801764628,0.013495152687233631,0.013495152687233631,0.013495152687233631,0.15703580533041264,-0.851920703124921
3.048,400,0.7,1.4935078196151219e-29,0.004181603587188305,0.004181603587188305,0.16593460025600484,0.013692651181788185,0.013692651181788185,0.013692651181788185,0.15224194907421665,-0.8493980228130713
3.052,400,0.7,3.6058087208567346e-30,0.0038624732723814732,0.0038624732723814732,0.16948751677783677,0.013891118891385003,0.013891118891385003,0.013891118891385003,0.15559639788645177,-0.8468557047643995
3.056,400,0.7,4.3276283583591813e-29,0.0035663373290559792,0.0035663373290559792,0.16327487007027697,0.014090540420234063,0.014090540420234063,0.014090540420234063,0.1491843296500429,-0.8442939137029533
3.06,400,0.7,3.2412441107807716e-31,0.003291670134083934,0.003291670134083934,0.17551045160476397,0.014290900508677571,0.014290900508677571,0.014290900508677571,0.1612195510960864,-0.8417128146463777
3.064,400,0.7,2.1586275998204925e-29,0.003037034864956106,0.003037034864956106,0.16501373761879518,0.014492184032299621,0.014492184032299621,0.014492184032299621,0.15052155358649555,-0.8391125728771995
3.068,400,0.7,2.773190335957577e-29,0.0028010794999225814,0.0028010794999225814,0.16438742323386354,0.014694376001035323,0.014694376001035323,0.014694376001035323,0.14969304723282822,-0.8364933539143055
3.072,400,0.7,1.8832935235664975e-29,0.0025825328848778765,0.0025825328848778765,0.16535486394622445,0.014897461558284378,0.014897461558284378,0.014897461558284378,0.1504574023879401,-0.8338553234846127
3.076,400,0.7,1.6441632429341846e-29,0.002380200878787355,0.002380200878787355,0.1656943402723355,0.01510142598002161,0.01510142598002161,0.01510142598002161,0.1505929142923139,-0.8311986474949495
3.08,400,0.7,4.8388085498487044e-30,0.002192962587691292,0.002192962587691292,0.16875221066695908,0.0153062546739205,0.0153062546739205,0.0153062546739205,0.1534459559930386,-0.8285234920041412
3.084,400,0.7,2.1140030530798307e-29,0.0020197666957681043,0.0020197666957681043,0.16506596091290227,0.01551193317845959,0.01551193317845959,0.01551193317845959,0.14955402773444268,-0.8258300231953167
3.088,400,0.7,4.7533897351228266e-29,0.001859627900391101,0.001859627900391101,0.1630402742621139,0.01571844716205895,0.01571844716205895,0.01571844716205895,0.14732182710005495,-0.8231184073484396
3.092,400,0.7,2.58798615908743e-29,0.0017116234568585072,0.0017116234568585072,0.1645602191707862,0.015925782422193644,0.015925782422193644,0.015925782422193644,0.14863443674859256,-0.8203888108130656
3.096,400,0.7,2.2577245659424451e-29,0.0015748898371638427,0.0015748898371638427,0.16490152554991286,0.01613392488452165,0.01613392488452165,0.01613392488452165,0.14876760066539121,-0.8176413999813406
3.1,400,0.7,1.2171767699152803e-28,0.0014486195061037066,0.0014486195061037066,0.16068962137457268,0.016342860602018082,0.016342860602018082,0.016342860602018082,0.1443467607725546,-0.814876341261233
3.104,400,0.7,2.1495458666764093e-30,0.0013320578170139346,0.0013320578170139346,0.17078074048698644,0.016552575754098357,0.016552575754098357,0.016552575754098357,0.15422816473288808,-0.8120938010500208
3.108,400,0.7,4.4689494638068155e-30,0.0012245000284920808,0.0012245000284920808,0.1689509985702496,0.01676305664575928,0.01676305664575928,0.01676305664575928,0.1521879419244903,-0.8092939457080268
3.112,400,0.7,1.585844953932746e-29,0.001125288442689278,0.001125288442689278,0.1657846258439458,0.016974289706718423,0.016974289706718423,0.016974289706718423,0.14881033613722738,-0.806476941532613
3.116,400,0.7,1.5585714528502403e-29,0.0010338096650240071,0.0010338096650240071,0.16582799507615015,0.017186261490547847,0.017186261490547847,0.017186261490547847,0.1486417335856023,-0.8036429547324361
3.12,400,0.7,9.988187682354756e-30,0.0009494919845314615,0.0009494919845314615,0.16694037406698992,0.017398958673814777,0.017398958673814777,0.017398958673814777,0.14954141539317514,-0.8007921514019758
3.124,400,0.7,2.8906031598315764e-29,0.0008718028735134068,0.0008718028735134068,0.16428375627663733,0.017612368055239736,0.017612368055239736,0.017612368055239736,0.14667138822139758,-0.7979246974963303
3.128,400,0.7,8.329218549142408e-29,0.0008002466046913609,0.0008002466046913609,0.1616379951416918,0.01782647655483306,0.01782647655483306,0.01782647655483306,0.14381151858685876,-0.7950407588062904
3.132,400,0.7,1.6404235571618598e-28,0.0007343619836191746,0.0007343619836191746,0.15994357032195033,0.018041271213055737,0.018041271213055737,0.018041271213055737,0.1419022991088946,-0.7921405009337025
3.136,400,0.7,4.3963068618760016e-29,0.0006737201937937862,0.0006737201937937862,0.16323550714481957,0.0182567391899669,0.0182567391899669,0.0182567391899669,0.14497876795485268,-0.7892240892671037
3.14,400,0.7,3.1014466805063136e-29,0.0006179227515844668,0.0006179227515844668,0.16410774755765567,0.01847286776438888,0.01847286776438888,0.01847286776438888,0.14563487979326678,-0.7862916889576624
3.144,400,0.7,2.1790969227919816e-28,0.0005665995678778321,0.0005665995678778321,0.1592336801711496,0.01868964433306601,0.01868964433306601,0.01868964433306601,0.14054403583808361,-0.7833434648954049
3.148,400,0.7,1.201338925340622e-28,0.0005194071131305298,0.0005194071131305298,0.16072236474483023,0.018907056409826054,0.018907056409826054,0.018907056409826054,0.14181530833500416,-0.7803795816857371
3.152,400,0.7,6.397523097936298e-29,0.0004760266823718584,0.0004760266823718584,0.16229764199329788,0.019125091624752087,0.019125091624752087,0.019125091624752087,0.1431725503685458,-0.7774002036262815
3.156,400,0.7,5.65651414088468e-29,0.0004361627565899658,0.0004361627565899658,0.1626053996762766,0.01934373772335336,0.01934373772335336,0.01934373772335336,0.14326166195292325,-0.774405494684001
3.16,400,0.7,9.671244923921586e-29,0.0003995414568525526,0.0003995414568525526,0.1612645266370216,0.0195629825657392,0.0195629825657392,0.0195629825657392,0.14170154407128238,-0.7713956184726481
3.164,400,0.7,1.6117863271317737e-28,0.00036590908746683497,0.00036590908746683497,0.1599875987998541,0.019782814125793472,0.019782814125793472,0.019782814125793472,0.14020478467406064,-0.7683707382305182
3.168,400,0.7,1.7513175605544121e-28,0.00033503076446095845,0.00033503076446095845,0.15978003551858322,0.020003220490359738,0.020003220490359738,0.020003220490359738,0.13977681502822348,-0.7653310167985137
3.172,400,0.7,9.22390155037783e-29,0.00030668912567550474,0.00030668912567550474,0.1613829239678007,0.020224189858431326,0.020224189858431326,0.020224189858431326,0.14115873410936938,-0.7622766165985383
3.176,400,0.7,2.4654231953278976e-28,0.00028068311877954024,0.00028068311877954024,0.1589250478234991,0.02044571054032166,0.02044571054032166,0.02044571054032166,0.13847933728317743,-0.7592076996121984
3.18,400,0.7,1.259085772708027e-28,0.00025682686355754,0.00025682686355754,0.1606049918086107,0.020667770956876674,0.020667770956876674,0.020667770956876674,0.13993722085173405,-0.7561244273598365
3.184,400,0.7,5.562661269604564e-29,0.00023494858488941892,0.00023494858488941892,0.1626472276436669,0.020890359638655594,0.020890359638655594,0.020890359638655594,0.1417568680050113,-0.7530269608798874
3.188,400,0.7,6.939607047052543e-29,0.00021488961290051247,0.00021488961290051247,0.16209430636343458,0.021113465225139495,0.021113465225139495,0.021113465225139495,0.1409808411382951,-0.7499154607085603
3.192,400,0.7,1.10221485523045e-28,0.0001965034468532387,0.0001965034468532387,0.16093765235914437,0.02133707646392737,0.02133707646392737,0.02133707646392737,0.139600575895217,-0.7467900868598559
3.196,400,0.7,9.2184583235921e-29,0.00017965487943780525,0.00017965487943780525,0.16138439970815632,0.0215611822099328,0.0215611822099328,0.0215611822099328,0.13982321749822352,-0.7436509988059063
3.2,400,0.7,1.5548550464268487e-28,0.0001642191782178514,0.0001642191782178514,0.16007750070069765,0.021785771424625056,0.021785771424625056,0.021785771424625056,0.13829172927607258,-0.7404983554576594
3.204,400,0.7,6.098591220337626e-29,0.00015008132110395524,0.00015008132110395524,0.16241727474951542,0.02201083317520039,0.02201083317520039,0.02201083317520039,0.14040644157431503,-0.7373323151458933
3.208,400,0.7,1.3839548859750707e-28,0.00013713528281815643,0.00013713528281815643,0.16036859336001977,0.022236356633834626,0.022236356633834626,0.022236356633834626,0.13813223672618513,-0.7341530356025635
3.212,400,0.7,2.2291584553766026e-28,0.00012528336944700967,0.00012528336944700967,0.15917689615963856,0.02246233107688229,0.02246233107688229,0.02246233107688229,0.13671456508275628,-0.7309606739424964
3.216,400,0.7,1.1469657416787428e-29,0.00011443559828030407,0.00011443559828030407,0.1665946193172165,0.022688745884110535,0.022688745884110535,0.022688745884110535,0.14390587343310596,-0.7277553866454187
3.22,400,0.7,1.1170007507496386e-28,0.00010450912025866072,0.00010450912025866072,0.1609043385290849,0.022915590537912933,0.022915590537912933,0.022915590537912933,0.13798874799117197,-0.7245373295383243
3.224,400,0.7,9.02841392837189e-29,9.542768246344594e-05,9.542768246344594e-05,0.16143647747381085,0.02314285462257286,0.02314285462257286,0.02314285462257286,0.13829362285123797,-0.7213066577781885
3.228,400,0.7,1.304777024793453e-28,8.712112820748722e-05,8.712112820748722e-05,0.16051587609971119,0.02337052782345848,0.02337052782345848,0.02337052782345848,0.13714534827625272,-0.7180635258350193
3.232,400,0.7,4.763827211754193e-29,7.95249323886451e-05,7.95249323886451e-05,0.1630347907889126,0.023598599926298414,0.023598599926298414,0.023598599926298414,0.13943619086261416,-0.7148080874752591
3.236,400,0.7,4.044555576808245e-29,7.257976989413614e-05,7.257976989413614e-05,0.16344399005529023,0.023827060816400035,0.023827060816400035,0.023827060816400035,0.1396169292388902,-0.7115404957455186
3.24,400,0.7,1.6127385487022055e-28,6.623111494547314e-05,6.623111494547314e-05,0.15998612226976863,0.024055900477903385,0.024055900477903385,0.024055900477903385,0.13593022179186526,-0.7082609029566667
3.244,400,0.7,6.498709968616439e-29,6.042886938806772e-05,6.042886938806772e-05,0.1622584100149737,0.02428510899303415,0.02428510899303415,0.02428510899303415,0.13797330102193955,-0.7049694606682582
3.248,400,0.7,1.108339454556191e-28,5.5127018033638116e-05,5.5127018033638116e-05,0.16092379923875247,0.024514676541368418,0.024514676541368418,0.024514676541368418,0.13640912269738406,-0.7016663196733065
3.2520000000000002,400,0.7,1.4260815972151519e-28,5.028330926768155e-05,5.028330926768155e-05,0.16029363015607437,0.02474459339907098,0.02474459339907098,0.02474459339907098,0.1355490367570034,-0.6983516299834059
3.2560000000000002,400,0.7,1.249199953170127e-28,4.5858959231328564e-05,4.5858959231328564e-05,0.16062469823723596,0.024974849938170212,0.024974849938170212,0.024974849938170212,0.13564984829906576,-0.6950255408141897
3.2600000000000002,400,0.7,4.2814774635188846e-29,4.181837798579099e-05,4.181837798579099e-05,0.16330167386261324,0.02520543662581485,0.02520543662581485,0.02520543662581485,0.1380962372367984,-0.6916882005711413
3.2640000000000002,400,0.7,1.1826766715679305e-28,3.812891615754715e-05,3.812891615754715e-05,0.1607615059211943,0.0254363440235636,0.0254363440235636,0.0254363440235636,0.1353251618976307,-0.6883397568357476
3.2680000000000002,400,0.7,7.522302062798572e-30,3.4760630653337494e-05,3.4760630653337494e-05,0.1676492014333357,0.025667562786638034,0.025667562786638034,0.025667562786638034,0.14198163864669766,-0.68498035635199
3.2720000000000002,400,0.7,1.323464088483592e-28,3.168606811623199e-05,3.168606811623199e-05,0.16048032498816273,0.025899083663218234,0.025899083663218234,0.025899083663218234,0.13458124132494448,-0.6816101450131871
3.2760000000000002,400,0.7,3.1745943043109553e-29,2.888006487776846e-05,2.888006487776846e-05,0.16404946962704195,0.026130897493705115,0.026130897493705115,0.026130897493705115,0.13791857213333683,-0.6782292678491783
3.2800000000000002,400,0.7,7.02278713673866e-29,2.6319562236274495e-05,2.6319562236274495e-05,0.16206451882389733,0.02636299521001467,0.02636299521001467,0.02636299521001467,0.13570152361388266,-0.6748378690138429
3.2840000000000003,400,0.7,9.19514839960627e-29,2.3983435966449713e-05,2.3983435966449713e-05,0.16139072924934503,0.026595367834891356,0.026595367834891356,0.026595367834891356,0.13479536141445367,-0.6714360917729674
3.2880000000000003,400,0.7,1.4535914545091394e-28,2.1852339035674698e-05,2.1852339035674698e-05,0.1602458631114924,0.026828006481161137,0.026828006481161137,0.026828006481161137,0.13341785663033126,-0.6680240784924516
3.2920000000000003,400,0.7,5.246206742345229e-29,1.9908556566681485e-05,1.9908556566681485e-05,0.16279365601659637,0.027060902351056938,0.027060902351056938,0.027060902351056938,0.13573275366553944,-0.6646019706268522
3.2960000000000003,400,0.7,4.959101262171441e-30,1.813587215179882e-05,1.813587215179882e-05,0.16869082065661395,0.027294046735498716,0.027294046735498716,0.027294046735498716,0.14139677392111524,-0.6611699087082663
3.3000000000000003,400,0.7,2.6442935119061313e-29,1.6519444681127094e-05,1.6519444681127094e-05,0.16450640942611147,0.02752743101345079,0.02752743101345079,0.02752743101345079,0.13697897841266068,-0.6577280323355467
3.3040000000000003,400,0.7,4.5199247586138875e-29,1.504569490585362e-05,1.504569490585362e-05,0.16316618087361526,0.027761046651143716,0.027761046651143716,0.027761046651143716,0.13540513422247155,-0.6542764801638629
3.3080000000000003,400,0.7,2.281500584275186e-29,1.3702201006977456e-05,1.3702201006977456e-05,0.16487533579837368,0.027994885201476527,0.027994885201476527,0.027994885201476527,0.13688045059689716,-0.6508153898945854
3.3120000000000003,400,0.7,3.895919322612723e-30,1.2477602494273164e-05,1.2477602494273164e-05,0.16929405778000942,0.028228938303271854,0.028228938303271854,0.028228938303271854,0.14106511947673755,-0.6473448982655097
3.3160000000000003,400,0.7,8.820399260683107e-29,1.1361511803244784e-05,1.1361511803244784e-05,0.16149475140045508,0.02846319768063562,0.02846319768063562,0.02846319768063562,0.13303155371981945,-0.643865141041409
3.3200000000000003,400,0.7,4.679119943336557e-30,1.0344433004619903e-05,1.0344433004619903e-05,0.16883610685967587,0.02869765514227187,0.02869765514227187,0.02869765514227187,0.140138451717404,-0.6403762530049133
3.3240000000000003,400,0.7,5.742731848370685e-30,9.417687081198007e-06,9.417687081198007e-06,0.16832404440234403,0.028932302580764097,0.028932302580764097,0.028932302580764097,0.13939174182157993,-0.6368783679477249
3.3280000000000003,400,0.7,1.2540859504104133e-29,8.573343265101228e-06,8.573343265101228e-06,0.1663714017899207,0.029167131972037037,0.029167131972037037,0.029167131972037037,0.13720426981788364,-0.633371618662148
3.332,400,0.7,2.586125407504293e-30,7.804155967531183e-06,7.804155967531183e-06,0.17031848003966574,0.02940213537453702,0.02940213537453702,0.02940213537453702,0.14091634466512873,-0.6298561369329526
3.336,400,0.7,9.24076892940098e-30,7.103506863143797e-06,7.103506863143797e-06,0.1671348192254063,0.02963730492867763,0.02963730492867763,0.02963730492867763,0.13749751429672866,-0.6263320535295521
3.34,400,0.7,3.2767929937466504e-29,6.4653517267575104e-06,6.4653517267575104e-06,0.16397025624636363,0.029872632856156992,0.029872632856156992,0.029872632856156992,0.13409762339020664,-0.6227994981985109
3.344,400,0.7,8.599782457317416e-29,5.884171647718556e-06,5.884171647718556e-06,0.16155807697387142,0.030108111459266413,0.030108111459266413,0.030108111459266413,0.131449965514605,-0.6192585996563563
3.348,400,0.7,2.564306928351031e-29,5.354928275201349e-06,5.354928275201349e-06,0.16458319864522003,0.030343733120352344,0.030343733120352344,0.030343733120352344,0.13423946552486768,-0.615709485582721
3.352,400,0.7,2.0044856899164532e-30,4.873022774933919e-06,4.873022774933919e-06,0.17095541318931373,0.03057949030103774,0.03057949030103774,0.03057949030103774,0.140375922888276,-0.612152282613785
3.356,400,0.7,2.3966539246891044e-29,4.4342581997748485e-06,4.4342581997748485e-06,0.16475223532579503,0.030815375541678756,0.030815375541678756,0.030815375541678756,0.13393685978411626,-0.6085871163360386
3.36,400,0.7,3.1367357453950904e-29,4.0348050011128796e-06,4.0348050011128796e-06,0.16407946252291666,0.03105138146067971,0.03105138146067971,0.03105138146067971,0.13302808106223696,-0.605014111280351
3.364,400,0.7,6.222596977294615e-30,3.6711694274926744e-06,3.6711694274926744e-06,0.16812341362435582,0.03128750075390248,0.03128750075390248,0.03128750075390248,0.13683591287045332,-0.6014333909163438
3.368,400,0.7,2.044347840446179e-29,3.3401645770860615e-06,3.3401645770860615e-06,0.16514972215655171,0.03152372619403238,0.03152372619403238,0.03152372619403238,0.13362599596251934,-0.5978450776470698
3.372,400,0.7,2.0386693133085606e-29,3.038883888300828e-06,3.038883888300828e-06,0.1651566759980187,0.031760050629913945,0.031760050629913945,0.031760050629913945,0.13339662536810476,-0.5942492928039943
3.376,400,0.7,7.291754301525325e-30,2.7646768694855864e-06,2.7646768694855864e-06,0.1677270215695578,0.03199646698595337,0.03199646698595337,0.03199646698595337,0.13573055458360442,-0.5906461566422708
3.38,400,0.7,7.273488754527477e-30,2.5151268844339498e-06,2.5151268844339498e-06,0.16773329182419847,0.032232968261545016,0.032232968261545016,0.032232968261545016,0.13550032356265346,-0.5870357883363192
3.384,400,0.7,6.067651139456215e-29,2.288030824819112e-06,2.288030824819112e-06,0.16242999032210859,0.03246954753037875,0.03246954753037875,0.03246954753037875,0.12996044279172983,-0.5834183059756926
3.388,400,0.7,8.318560602825881e-31,2.0813805135573956e-06,2.0813805135573956e-06,0.17315412161854338,0.032706197939917574,0.032706197939917574,0.032706197939917574,0.1404479236786258,-0.579793826561235
3.392,400,0.7,3.5617281086724944e-29,1.8933456961042506e-06,1.8933456961042506e-06,0.16376180461489745,0.032942912710720286,0.032942912710720286,0.032942912710720286,0.13081889190417717,-0.5761624660015331
3.396,400,0.7,9.596139707820001e-29,1.7222584874272331e-06,1.7222584874272331e-06,0.16128401698247927,0.03317968513595295,0.03317968513595295,0.03317968513595295,0.1281043318465263,-0.572524339109644
3.4,400,0.7,2.0730829137111291e-29,1.5665991536486408e-06,1.5665991536486408e-06,0.16511482716801812,0.0334165085806517,0.0334165085806517,0.0334165085806517,0.13169831858736641,-0.5688795596001107
3.404,400,0.7,6.732435712539613e-29,1.4249831163913337e-06,1.4249831163913337e-06,0.16217007674998427,0.03365337648115071,0.03365337648115071,0.03365337648115071,0.12851670026883355,-0.56522824008626
3.408,400,0.7,1.2086397259718093e-29,1.2961490773130475e-06,1.2961490773130475e-06,0.16646368040752452,0.03389028234464641,0.03389028234464641,0.03389028234464641,0.1325733980628781,-0.561570492077769
3.412,400,0.7,1.2335651584154924e-29,1.178948168802784e-06,1.178948168802784e-06,0.16641264804306466,0.03412721974843683,0.03412721974843683,0.03412721974843683,0.13228542829462783,-0.5579064259785119
3.416,400,0.7,8.139784105269586e-29,1.072334043840108e-06,1.072334043840108e-06,0.16169551009964692,0.03436418233948892,0.03436418233948892,0.03436418233948892,0.127331327760158,-0.5542361510846765
3.42,400,0.7,1.4473228073794598e-29,9.753538258759372e-07,9.753538258759372e-07,0.16601313046679828,0.03460116383361486,0.03460116383361486,0.03460116383361486,0.1314119666331834,-0.5505597755831442
3.424,400,0.7,4.256175190683485e-29,8.871398452459161e-07,8.871398452459161e-07,0.16331649195602665,0.03483815801533219,0.03483815801533219,0.03483815801533219,0.12847833394069447,-0.5468774065501414
3.428,400,0.7,7.375164120746112e-29,8.069020958550557e-07,8.069020958550557e-07,0.16194212385297138,0.035075158736698045,0.035075158736698045,0.035075158736698045,0.12686696511627332,-0.5431891499501468
3.432,400,0.7,6.158553651247985e-30,7.33921349768475e-07,7.33921349768475e-07,0.16814927709180094,0.03531215991744291,0.03531215991744291,0.03531215991744291,0.13283711717435803,-0.5394951106350601
3.436,400,0.7,4.523161623023682e-31,6.675428743425437e-07,6.675428743425437e-07,0.1746773166484225,0.03554915554377489,0.03554915554377489,0.03554915554377489,0.13912816110464762,-0.5357953923436257
3.44,400,0.7,4.432678338239602e-29,6.071706994097466e-07,6.071706994097466e-07,0.16321490926109267,0.035786139668208386,0.035786139668208386,0.035786139668208386,0.1274287695928843,-0.5320900977011099
3.444,400,0.7,2.371580480103844e-29,5.522623876958013e-07,5.522623876958013e-07,0.16477852773674162,0.03602310640894744,0.03602310640894744,0.03602310640894744,0.1287554213277942,-0.5283793282192247
3.448,400,0.7,1.5760202662754323e-29,5.023242649942248e-07,5.023242649942248e-07,0.16580016211540624,0.03626004994896125,0.03626004994896125,0.03626004994896125,0.12954011216644498,-0.5246631842963008
3.452,400,0.7,2.6661145753789643e-29,4.5690707005760136e-07,4.5690707005760136e-07,0.16448586374870758,0.03649696453631339,0.03649696453631339,0.03649696453631339,0.1279888992123942,-0.5209417652177009
3.456,400,0.7,3.196305322319176e-29,4.156019885270857e-07,4.156019885270857e-07,0.16403243035211423,0.03673384448254728,0.03673384448254728,0.03673384448254728,0.12729858586956694,-0.5172151691564791
3.46,400,0.7,2.977971508200539e-29,3.7803703679611257e-07,3.7803703679611257e-07,0.16420931332509725,0.03697068416296136,0.03697068416296136,0.03697068416296136,0.12723862916213588,-0.5134834931742642
3.464,400,0.7,4.3460167855831164e-29,3.438737659844851e-07,3.438737659844851e-07,0.16326426988173565,0.03720747801566624,0.03720747801566624,0.03720747801566624,0.1260567918660694,-0.5097468332223926
3.468,400,0.7,3.723077165132524e-30,3.128042578017489e-07,3.128042578017489e-07,0.16940750567136348,0.03744422054117431,0.03744422054117431,0.03744422054117431,0.13196328513018918,-0.5060052841432598
3.472,400,0.7,1.0992753288651872e-28,2.8454838691876003e-07,2.8454838691876003e-07,0.16094432858267116,0.037680906301995984,0.037680906301995984,0.037680906301995984,0.12326342228067518,-0.5022589396719032
3.476,400,0.7,5.640404953375594e-29,2.588513265882885e-07,2.588513265882885e-07,0.16261252958412745,0.03791752992170255,0.03791752992170255,0.03791752992170255,0.1246949996624249,-0.4985078924378116
3.48,400,0.7,2.0011744206494356e-30,2.3548127602192845e-07,2.3548127602192845e-07,0.17095954642819308,0.03815408608497175,0.03815408608497175,0.03815408608497175,0.13280546034322133,-0.4947522339669455
3.484,400,0.7,1.0370448399596902e-28,2.142273902886334e-07,2.142273902886334e-07,0.16109001858860966,0.0383905695365295,0.0383905695365295,0.0383905695365295,0.12269944905208016,-0.4909920546839924
3.488,400,0.7,6.748133608907976e-29,1.948978946903353e-07,1.948978946903353e-07,0.1621642543314018,0.03862697508122636,0.03862697508122636,0.03862697508122636,0.12353727925017544,-0.48722744391481926
3.492,400,0.7,6.018105765357138e-29,1.7731836758053336e-07,1.7731836758053336e-07,0.16245048785984723,0.03886329758294263,0.03886329758294263,0.03886329758294263,0.1235871902769046,-0.483458489889145
3.496,400,0.7,4.2062241316334147e-29,1.6133017659447854e-07,1.6133017659447854e-07,0.1633460058310462,0.039099531964131164,0.039099531964131164,0.039099531964131164,0.12424647386691504,-0.47968527974342023
3.5,400,0.7,1.6511960889299385e-29,1.467890547498318e-07,1.467890547498318e-07,0.16568366942286972,0.03933567320617625,0.03933567320617625,0.03933567320617625,0.12634799621669346,-0.4759078995239123
3.504,400,0.7,1.8080182996698445e-28,1.3356380421920767e-07,1.3356380421920767e-07,0.1597003780510393,0.03957171634763504,0.03957171634763504,0.03957171634763504,0.12012866170340425,-0.4721264341899871
3.508,400,0.7,7.470325443873337e-29,1.2153511618913646e-07,1.2153511618913646e-07,0.16191007282962006,0.03980765648447962,0.03980765648447962,0.03980765648447962,0.12210241634514044,-0.4683409676175974
3.512,400,0.7,1.0247890319383852e-28,1.1059449667917474e-07,1.1059449667917474e-07,0.16111973958731599,0.04004348876968498,0.04004348876968498,0.04004348876968498,0.12107625081763101,-0.4645515826029606
3.516,400,0.7,2.0941050283233766e-29,1.006432888772605e-07,1.006432888772605e-07,0.1650896035721109,0.040279208412263075,0.040279208412263075,0.040279208412263075,0.12481039515984782,-0.4607583608664297
3.52,400,0.7,9.237208830470714e-29,9.159178333921372e-08,9.159178333921372e-08,0.16137931982857961,0.04051481067706679,0.04051481067706679,0.04051481067706679,0.12086450915151283,-0.4569613830565574
3.524,400,0.7,3.4502174829898804e-29,8.335840826362825e-08,8.335840826362825e-08,0.16384132607305776,0.04075029088462452,0.04075029088462452,0.04075029088462452,0.12309103518843324,-0.4531607287543399
3.528,400,0.7,1.9107680132781078e-28,7.586899272782635e-08,7.586899272782635e-08,0.15956219335350758,0.04098564440993809,0.04098564440993809,0.04098564440993809,0.11857654894356948,-0.4493564764776491
3.532,400,0.7,1.7875152216127197e-29,6.905609628975213e-08,6.905609628975213e-08,0.16548535296422504,0.04122086668234931,0.04122086668234931,0.04122086668234931,0.12426448628187572,-0.4455487036858433
3.536,400,0.7,7.427107893538236e-29,6.285839905919201e-08,6.285839905919201e-08,0.1619245779026062,0.04145595318564129,0.04145595318564129,0.04145595318564129,0.1204686247169649,-0.44173748678454816
3.54,400,0.7,2.4125325598295466e-30,5.7220146868566847e-08,5.7220146868566847e-08,0.1704921893484476,0.041690899456482286,0.041690899456482286,0.041690899456482286,0.12880128989196532,-0.43792290113062465
3.544,400,0.7,1.0474493804649099e-29,5.209064650987659e-08,5.209064650987659e-08,0.16682152412329831,0.0419257010846634,0.0419257010846634,0.0419257010846634,0.12489582303863492,-0.434105021037295
3.548,400,0.7,9.359169262077537e-29,4.742380661439535e-08,4.742380661439535e-08,0.1613465279108206,0.04216035371270368,0.04216035371270368,0.04216035371270368,0.11918617419811692,-0.43028391977944347
3.552,400,0.7,1.931952799094443e-28,4.3177720068092404e-08,4.3177720068092404e-08,0.15953462824862982,0.04239485303475015,0.04239485303475015,0.04239485303475015,0.11713977521387967,-0.4264596695990759
3.556,400,0.7,8.954791654235404e-29,3.9314284181446516e-08,3.9314284181446516e-08,0.16145694731861,0.04262919479732976,0.04262919479732976,0.04262919479732976,0.11882775252128022,-0.4226323417109498
3.56,400,0.7,5.508263852911885e-29,3.5798855302774645e-08,3.5798855302774645e-08,0.1626717955338237,0.04286337479708448,0.04286337479708448,0.04286337479708448,0.11980842073673921,-0.41880200630835235
3.564,400,0.7,2.4676756623771656e-28,3.2599934657641356e-08,3.2599934657641356e-08,0.15892276480903822,0.04309738888235647,0.04309738888235647,0.04309738888235647,0.11582537592668174,-0.4149687325690442
3.568,400,0.7,6.251487174597274e-29,2.9688882717644222e-08,2.9688882717644222e-08,0.16235537078362142,0.04333123295120985,0.04333123295120985,0.04333123295120985,0.11902413783241156,-0.41113258866134567
3.572,400,0.7,1.188346578419808e-28,2.7039659439909304e-08,2.7039659439909304e-08,0.16074954923190482,0.04356490295132218,0.04356490295132218,0.04356490295132218,0.11718464628058264,-0.4072936417503823
3.576,400,0.7,8.900769145718676e-29,2.4628588066630867e-08,2.4628588066630867e-08,0.16147207500739008,0.043798394880532755,0.043798394880532755,0.043798394880532755,0.11767368012685733,-0.4034519580044747
3.58,400,0.7,2.217767861512938e-28,2.2434140384581336e-08,2.2434140384581336e-08,0.1591897034538947,0.044031704785181,0.044031704785181,0.044031704785181,0.11515799866871368,-0.3996076026016652
3.584,400,0.7,1.1813666793420792e-28,2.0436741464382686e-08,2.0436741464382686e-08,0.16076427658180725,0.04426482875967576,0.04426482875967576,0.04426482875967576,0.1164994478221315,-0.39576063973639664
3.588,400,0.7,7.133130368476306e-29,1.861859212662074e-08,1.861859212662074e-08,0.16202554379222442,0.044497762946928365,0.044497762946928365,0.044497762946928365,0.11752778084529605,-0.3919111326263232
3.592,400,0.7,2.976972733003012e-28,1.6963507542137066e-08,1.6963507542137066e-08,0.15845368920265318,0.04473050353834858,0.04473050353834858,0.04473050353834858,0.1137231856643046,-0.38805914351925797
3.596,400,0.7,2.6023928147491114e-28,1.5456770518398726e-08,1.5456770518398726e-08,0.15878987817167375,0.04496304677084492,0.04496304677084492,0.04496304677084492,0.11382683140082883,-0.38420473370025554
3.6,400,0.7,9.389586486383346e-29,1.4084998080385254e-08,1.4084998080385254e-08,0.16133841610558924,0.0451953889297649,0.0451953889297649,0.0451953889297649,0.11614302717582434,-0.380347963498819
3.604,400,0.7,2.2357300435629644e-28,1.2836020219320226e-08,1.2836020219320226e-08,0.15916953696922062,0.045427526346239776,0.045427526346239776,0.045427526346239776,0.11374201062298084,-0.3764888922962437
3.608,400,0.7,1.476066333990028e-28,1.1698769649617988e-08,1.1698769649617988e-08,0.16020750484234295,0.04565945539706129,0.04565945539706129,0.04565945539706129,0.11454804944528166,-0.3726275785330782
3.612,400,0.7,1.3366070931794526e-28,1.06631815937721e-08,1.06631815937721e-08,0.1604556205521745,0.045891172504462736,0.045891172504462736,0.045891172504462736,0.11456444804771176,-0.3687640797167073
3.616,400,0.7,1.7743756189410803e-28,9.7201026758191e-09,9.7201026758191e-09,0.15974733501691554,0.04612267413793496,0.04612267413793496,0.04612267413793496,0.11362466087898059,-0.36489845242906044
3.62,400,0.7,1.2754423846704311e-28,8.861208135135953e-09,8.861208135135953e-09,0.16057272379258383,0.04635395680814472,0.04635395680814472,0.04635395680814472,0.11421876698443911,-0.3610307523344338
3.624,400,0.7,3.205296045186841e-28,8.078926521309015e-09,8.078926521309015e-09,0.15826894536983346,0.046585017073783055,0.046585017073783055,0.046585017073783055,0.11168392829605041,-0.35716103418742384
3.628,400,0.7,7.673563258180331e-29,7.366371291551012e-09,7.366371291551012e-09,0.1618429665462724,0.046815851535160574,0.046815851535160574,0.046815851535160574,0.11502711501111182,-0.35328935184097604
3.632,400,0.7,3.3033360229514046e-28,6.717278597269586e-09,6.717278597269586e-09,0.1581936243248662,0.047046456837696295,0.047046456837696295,0.047046456837696295,0.1111471674871699,-0.34941575825454685
3.636,400,0.7,4.558799146970562e-28,6.125950756177255e-09,6.125950756177255e-09,0.15738830839987739,0.04727682966765881,0.04727682966765881,0.04727682966765881,0.11011147873221858,-0.3455403055023611
3.64,400,0.7,2.1039319273758327e-28,5.5872048409767555e-09,5.5872048409767555e-09,0.1593214366584751,0.047506966758207814,0.047506966758207814,0.047506966758207814,0.11181446990026728,-0.3416630447817848
3.644,400,0.7,5.870043288685178e-28,5.096325984464166e-09,5.096325984464166e-09,0.1567563014886435,0.047736864880071374,0.047736864880071374,0.047736864880071374,0.10901943660857213,-0.3377840264217978
3.648,400,0.7,2.8059990534859606e-28,4.649024893554291e-09,4.649024893554291e-09,0.15860155739867743,0.047966520849120585,0.047966520849120585,0.047966520849120585,0.11063503654955684,-0.3339032998915583
3.652,400,0.7,2.0098347606026455e-28,4.241399253807539e-09,4.241399253807539e-09,0.15943582523449254,0.04819593152363574,0.04819593152363574,0.04819593152363574,0.1112398937108568,-0.33002091380907517
3.656,400,0.7,1.5533308262497526e-28,3.869898645765467e-09,3.869898645765467e-09,0.1600799526459186,0.04842509379993091,0.04842509379993091,0.04842509379993091,0.11165485884598769,-0.3261369159499696
3.66,400,0.7,6.598716891902812e-28,3.5312926341789405e-09,3.5312926341789405e-09,0.15646376846004698,0.048654004619277186,0.048654004619277186,0.048654004619277186,0.10780976384076979,-0.32225135325632925
3.664,400,0.7,1.8664547353150172e-28,3.222641786329176e-09,3.222641786329176e-09,0.15962085458964625,0.04888266095805562,0.04888266095805562,0.04888266095805562,0.11073819363159063,-0.3183642718456546
3.668,400,0.7,4.0120255827902454e-28,2.9412712954940404e-09,2.9412712954940404e-09,0.15770771589296514,0.04911105983906555,0.04911105983906555,0.04911105983906555,0.10859665605389959,-0.31447571701989124
3.672,400,0.7,5.363363989767504e-28,2.6847470339973508e-09,2.6847470339973508e-09,0.15698197803896033,0.04933919831987544,0.04933919831987544,0.04933919831987544,0.1076427797190849,-0.31058573327455335
3.676,400,0.7,6.775318165511109e-28,2.450853757894103e-09,2.450853757894103e-09,0.15639774069117782,0.049567073501206045,0.049567073501206045,0.049567073501206045,0.10683066718997178,-0.3066943643079218
3.68,400,0.7,5.14130687977119e-28,2.2375753106685344e-09,2.2375753106685344e-09,0.15708768824979788,0.04979468251986656,0.04979468251986656,0.04979468251986656,0.10729300572993132,-0.3028016530303345
3.684,400,0.7,5.248558232193146e-28,2.0430766131345872e-09,2.0430766131345872e-09,0.157036072968462,0.05002202255375858,0.05002202255375858,0.05002202255375858,0.10701405041470342,-0.29890764157354693
3.688,400,0.7,5.46352020726603e-28,1.8656872981191054e-09,1.8656872981191054e-09,0.1569357232380447,0.05024909081819612,0.05024909081819612,0.05024909081819612,0.10668663241984858,-0.2950123713001746
3.692,400,0.7,2.349687939717975e-28,1.7038868281247765e-09,1.7038868281247765e-09,0.15904525019026042,0.05047588456541155,0.05047588456541155,0.05047588456541155,0.10856936562484887,-0.29111588281321343
3.696,400,0.7,6.6041601995808185e-28,1.5562909621418996e-09,1.5562909621418996e-09,0.15646170705026913,0.05070240108751722,0.05070240108751722,0.05070240108751722,0.1057593059627519,-0.2872182159656273
3.7,400,0.7,3.9509999319009715e-28,1.421639455514978e-09,1.421639455514978e-09,0.15774603477409982,0.05092863771292944,0.05092863771292944,0.05092863771292944,0.10681739706117038,-0.28331940987001214
3.704,400,0.7,3.707149884172544e-28,1.2987848724010523e-09,1.2987848724010523e-09,0.15790529811935156,0.051154591807834195,0.051154591807834195,0.051154591807834195,0.10675070631151737,-0.2794195029083272
3.708,400,0.7,7.393008146025821e-28,1.1866824153869065e-09,1.1866824153869065e-09,0.1561796197385058,0.05138026077361296,0.05138026077361296,0.05138026077361296,0.10479935896489284,-0.27551853274169263
3.712,400,0.7,6.1655881843424915e-28,1.0843806757308328e-09,1.0843806757308328e-09,0.1566334976618438,0.05160564204675915,0.05160564204675915,0.05160564204675915,0.10502785561508465,-0.27161653632025534
3.716,400,0.7,4.380269640716505e-28,9.910132194347537e-10,9.910132194347537e-10,0.1574881807988309,0.05183073310549341,0.05183073310549341,0.05183073310549341,0.10565744769333749,-0.26771354989311974
3.72,400,0.7,4.9038271543201565e-28,9.05790943350501e-10,9.05790943350501e-10,0.15720591662919234,0.05205553145841368,0.05205553145841368,0.05205553145841368,0.10515038517077865,-0.26380960901833217
3.724,400,0.7,7.7248193076071875e-28,8.279951158660898e-10,8.279951158660898e-10,0.1560698604298101,0.052280034650682844,0.052280034650682844,0.052280034650682844,0.10378982577912726,-0.2599047485729371
3.728,400,0.7,7.024702742833954e-28,7.569710509236591e-10,7.569710509236591e-10,0.15630737425924018,0.05250424026266727,0.05250424026266727,0.05250424026266727,0.10380313399657291,-0.25599900276308346
3.732,400,0.7,5.829630190363818e-28,6.921223538348147e-10,6.921223538348147e-10,0.15677357259416844,0.052728145910100596,0.052728145910100596,0.052728145910100596,0.10404542668406784,-0.2520924051341891
3.736,400,0.7,5.654224054286949e-28,6.329056876660934e-10,6.329056876660934e-10,0.15684994929443985,0.05295174924378371,0.05295174924378371,0.05295174924378371,0.10389820005065614,-0.24818498858116195
3.74,400,0.7,7.711101058765396e-28,5.788260139027033e-10,5.788260139027033e-10,0.15607430404318978,0.05317504794409025,0.05317504794409025,0.05317504794409025,0.10289925609909953,-0.24427678535867223
3.744,400,0.7,4.691619501208736e-28,5.294322592380744e-10,5.294322592380744e-10,0.15731651192888627,0.05339803973130389,0.05339803973130389,0.05339803973130389,0.10391847219758238,-0.24036782709147994
3.748,400,0.7,5.392869752706366e-28,4.843133786105215e-10,4.843133786105215e-10,0.15696826234736527,0.05362072235566587,0.05362072235566587,0.05362072235566587,0.1033475399916994,-0.2364581447848054
3.7520000000000002,400,0.7,6.479475015531948e-28,4.430947703431591e-10,4.430947703431591e-10,0.15650935778218172,0.053843093600557494,0.053843093600557494,0.053843093600557494,0.10266626418162422,-0.23254776883475303
3.7560000000000002,400,0.7,5.8683994508553835e-28,4.054350152402091e-10,4.054350152402091e-10,0.1567570016828162,0.05406515128390756,0.05406515128390756,0.05406515128390756,0.10269185039890863,-0.22863672903878388
3.7600000000000002,400,0.7,3.4380520888878782e-28,3.7102291090216083e-10,3.7102291090216083e-10,0.15809369386515038,0.05428689325193644,0.05428689325193644,0.05428689325193644,0.10380680061321393,-0.22472505460622635
3.7640000000000002,400,0.7,7.8799964228184565e-28,3.395747705064903e-10,3.395747705064903e-10,0.1560201378848016,0.05450831739011479,0.05450831739011479,0.05450831739011479,0.10151182049468681,-0.2208127741688327
3.7680000000000002,400,0.7,5.498856325618543e-28,3.108319686135736e-10,3.108319686135736e-10,0.15691960618503542,0.05472942160901915,0.05472942160901915,0.05472942160901915,0.10219018457601628,-0.21689991579138723
3.7720000000000002,400,0.7,5.107476393179049e-28,2.8455870453736886e-10,2.8455870453736886e-10,0.15710419294531422,0.05495020385202516,0.05495020385202516,0.05495020385202516,0.10215398909328906,-0.21298650698233482
3.7760000000000002,400,0.7,5.459349386548924e-28,2.605399679356217e-10,2.605399679356217e-10,0.15693763245287326,0.055170662096820165,0.055170662096820165,0.055170662096820165,0.10176697035605309,-0.20907257470446972
3.7800000000000002,400,0.7,3.6552825995278515e-28,2.3857968758771063e-10,2.3857968758771063e-10,0.15794052298752048,0.05539079435385287,0.05539079435385287,0.05539079435385287,0.10254972863366761,-0.20515814538565033
3.7840000000000003,400,0.7,5.39407999987172e-28,2.184990471038151e-10,2.184990471038151e-10,0.1569677013698887,0.055610598656208377,0.055610598656208377,0.055610598656208377,0.10135710271368031,-0.20124324492955112
3.7880000000000003,400,0.7,8.50854251844753e-28,2.001349496882952e-10,2.001349496882952e-10,0.1558282798571082,0.05583007307119854,0.05583007307119854,0.05583007307119854,0.09999820678590966,-0.1973278987264516
3.7920000000000003,400,0.7,4.375320368361199e-28,1.8333862169192325e-10,1.8333862169192325e-10,0.15749100714912673,0.05604921570298464,0.05604921570298464,0.05604921570298464,0.10144179144614208,-0.19341213166405838
3.7960000000000003,400,0.7,4.979237970771859e-28,1.6797434265249255e-10,1.6797434265249255e-10,0.15716776435605614,0.0562680246762378,0.0562680246762378,0.0562680246762378,0.10089973967981834,-0.18949596813835887
3.8000000000000003,400,0.7,7.272125242737732e-28,1.5391828684926197e-10,1.5391828684926197e-10,0.15622083506126927,0.05648649814802606,0.05648649814802606,0.05648649814802606,0.09973433691324321,-0.18557943206450803
3.8040000000000003,400,0.7,3.8101857727615743e-28,1.4105746934204814e-10,1.4105746934204814e-10,0.1578367616415709,0.05670463431151004,0.05670463431151004,0.05670463431151004,0.10113212733006086,-0.18166254688773822
3.8080000000000003,400,0.7,6.472372817677042e-28,1.2928878777443177e-10,1.2928878777443177e-10,0.15651209955256778,0.05692243137181399,0.05692243137181399,0.05692243137181399,0.0995896681807538,-0.17774533559430786
3.8120000000000003,400,0.7,2.217837663264407e-28,1.1851814605760824e-10,1.1851814605760824e-10,0.15918962477044202,0.05713988758947232,0.05713988758947232,0.05713988758947232,0.1020497371809697,-0.17382782072246614
3.8160000000000003,400,0.7,3.8224621784759815e-28,1.0865966153760681e-10,1.0865966153760681e-10,0.15782871959877062,0.0573570012242143,0.0573570012242143,0.0573570012242143,0.10047171837455632,-0.16991002437345046
3.8200000000000003,400,0.7,3.7111436273048696e-28,9.963493760142577e-11,9.963493760142577e-11,0.15790260629844152,0.05757377058428958,0.05757377058428958,0.05757377058428958,0.10032883571415194,-0.16599196822250684
3.8240000000000003,400,0.7,1.7747755936524713e-28,9.137240498476569e-11,9.137240498476569e-11,0.1597467715375241,0.057790193994703525,0.057790193994703525,0.057790193994703525,0.10195657754282056,-0.16207367352993354
3.8280000000000003,400,0.7,4.343634478705323e-29,8.380671911982967e-11,8.380671911982967e-11,0.16326564065420107,0.05800626982806807,0.05800626982806807,0.05800626982806807,0.105259370826133,-0.1581551611521435
3.8320000000000003,400,0.7,7.54258893884146e-29,7.68782145900766e-11,7.68782145900766e-11,0.16188600553288293,0.05822199643717562,0.05822199643717562,0.05822199643717562,0.1036640090957073,-0.1542364515527571
3.8360000000000003,400,0.7,9.936206094235023e-29,7.053240203114304e-11,7.053240203114304e-11,0.16119695607419476,0.05843737227104234,0.05843737227104234,0.05843737227104234,0.10275958380315242,-0.15031756481370442
3.84,400,0.7,2.541690686433857e-28,6.471951768470119e-11,6.471951768470119e-11,0.1588488827991309,0.05865239573885957,0.05865239573885957,0.05865239573885957,0.10019648706027133,-0.1463985206463524
3.844,400,0.7,4.856908973791273e-28,5.93941054597118e-11,5.93941054597118e-11,0.15722995095471634,0.05886706532292256,0.05886706532292256,0.05886706532292256,0.09836288563179378,-0.14247933840264523
3.848,400,0.7,1.2663001626426468e-27,5.4514641245168907e-11,5.4514641245168907e-11,0.15483424529981385,0.059081379509095165,0.059081379509095165,0.059081379509095165,0.09575286579071868,-0.138560037086271
3.852,400,0.7,2.006689177720148e-27,5.004318796174555e-11,5.004318796174555e-11,0.15368327830529144,0.05929533681022707,0.05929533681022707,0.05929533681022707,0.09438794149506437,-0.13464063536382878
3.856,400,0.7,3.0517253952311534e-27,4.5945081614159566e-11,4.5945081614159566e-11,0.15263522594203816,0.05950893577658132,0.05950893577658132,0.05950893577658132,0.09312629016545684,-0.13072115157602643
3.86,400,0.7,4.563032556617169e-27,4.21886457378553e-11,4.218864573785531e-11,0.15162952518501105,0.05972217497358483,0.05972217497358483,0.05972217497358483,0.09190735021142622,-0.1268016037488772
3.864,400,0.7,6.339705167015598e-27,3.874493012987134e-11,3.8744930129871346e-11,0.15080741311774182,0.05993505301011761,0.05993505301011761,0.05993505301011761,0.0908723601076242,-0.12288200960492215
3.868,400,0.7,7.83606041285529e-27,3.5587474085835355e-11,3.558747408583536e-11,0.15027765325282957,0.06014756847876578,0.06014756847876578,0.06014756847876578,0.09013008477406378,-0.11896238657445152
3.872,400,0.7,1.2069601790805189e-26,3.2692088236198984e-11,3.2692088236198996e-11,0.14919776866980577,0.060359720043158226,0.060359720043158226,0.060359720043158226,0.08883804862664754,-0.11504275180674726
3.876,400,0.7,1.862598257671237e-26,3.0036657975796046e-11,3.0036657975796065e-11,0.1481130999804213,0.0605715063692295,0.0605715063692295,0.0605715063692295,0.08754159361119179,-0.11112312218132733
3.88,400,0.7,2.6294169755314166e-26,2.7600962859645332e-11,2.7600962859645358e-11,0.1472511256963453,0.0607829261439873,0.060782926143987295,0.0607829261439873,0.08646819955235799,-0.10720351431920495
3.884,400,0.7,4.028478456409369e-26,2.5366512004492578e-11,2.5366512004492616e-11,0.1461845591685475,0.060993978092027425,0.060993978092027425,0.060993978092027425,0.08519058107652008,-0.1032839445941455
3.888,400,0.7,6.470492075281707e-26,2.3316394313864597e-11,2.331639431386466e-11,0.1449999006432806,0.06120466096039905,0.06120466096039905,0.06120466096039905,0.08379523968288155,-0.09936442914394508
3.892,400,0.7,1.0055437949246504e-25,2.143514189576338e-11,2.143514189576348e-11,0.1438977471004974,0.06141497349021043,0.06141497349021042,0.06141497349021043,0.08248277361028697,-0.09544498388169897
3.896,400,0.7,1.6360071796084328e-25,1.9708604428487365e-11,1.970860442848753e-11,0.14268092174541627,0.06162491450630628,0.061624914506306264,0.06162491450630628,0.08105600723911,-0.09152562450708555
3.9,400,0.7,2.7484756226948977e-25,1.8123836315388085e-11,1.812383631538836e-11,0.14138395221471073,0.06183448280134465,0.06183448280134462,0.06183448280134465,0.07954946941336608,-0.08760636651764876
3.904,400,0.7,4.3299169237414e-25,1.6668992155574597e-11,1.666899215557503e-11,0.1402476974230593,0.06204367719891837,0.06204367719891831,0.06204367719891837,0.07820402022414091,-0.08368722522008583
3.908,400,0.7,6.760907206780547e-25,1.5333231792192974e-11,1.533323179219365e-11,0.13913367560403528,0.062252496575944435,0.06225249657594433,0.062252496575944435,0.07688117902809084,-0.07976821574153659
3.912,400,0.7,1.048773045431883e-24,1.4106634098917032e-11,1.4106634098918081e-11,0.13803605319777282,0.06246093981431795,0.062460939814317766,0.06246093981431795,0.07557511338345486,-0.07584935304087255
3.916,400,0.7,1.6365051949977687e-24,1.2980117910932824e-11,1.298011791093446e-11,0.1369236981061168,0.06266900580161662,0.06266900580161631,0.06266900580161662,0.07425469230450017,-0.07193065191998763
3.92,400,0.7,2.515347348876942e-24,1.1945369664567446e-11,1.1945369664569962e-11,0.1358490783173909,0.06287669347101894,0.06287669347101842,0.06287669347101894,0.07297238484637196,-0.0680121270350861
3.924,400,0.7,3.8949756119809846e-24,1.0994777737206047e-11,1.0994777737209942e-11,0.13475588703479896,0.0630840017675582,0.06308400176755731,0.0630840017675582,0.07167188526724076,-0.06409379290797419
3.928,400,0.7,5.9633083168841645e-24,1.012137221939691e-11,1.0121372219402874e-11,0.1336910420451449,0.06329092966614827,0.06329092966614679,0.06329092966614827,0.07040011237899663,-0.06017566393734116
3.932,400,0.7,9.078276529868708e-24,9.318770169824038e-12,9.318770169833116e-12,0.13264039466686456,0.06349747612991369,0.06349747612991125,0.06349747612991369,0.06914291853695087,-0.05625775441004424
3.936,400,0.7,1.3906625761708523e-23,8.58112506305517e-12,8.581125063069077e-12,0.1315741920794724,0.0637036402119869,0.06370364021198287,0.0637036402119869,0.0678705518674855,-0.052340078512384876
3.94,400,0.7,2.1210518036639366e-23,7.903081545195126e-12,7.903081545216337e-12,0.13051886259852266,0.06390942090875168,0.06390942090874496,0.06390942090875168,0.06660944168977098,-0.04842265034138486
3.944,400,0.7,3.231991982512719e-23,7.279733095679638e-12,7.279733095711958e-12,0.12946589619716367,0.06411481729268353,0.06411481729267245,0.06411481729268353,0.06535107890448014,-0.04450548391604823
3.948,400,0.7,4.9196976902179685e-23,6.70658413536968e-12,6.706584135418877e-12,0.12841552513831078,0.06431982841325057,0.06431982841323224,0.06431982841325057,0.06409569672506021,-0.04058859318862499
3.952,400,0.7,7.465931571576497e-23,6.179514851396436e-12,6.179514851471096e-12,0.12737276730938,0.0645244533763769,0.06452445337634669,0.0645244533763769,0.0628483139330031,-0.036671992055864466
3.956,400,0.7,1.1300579525706803e-22,5.694749343189471e-12,5.694749343302476e-12,0.12633650782249758,0.06472869133371346,0.06472869133366385,0.06472869133371346,0.06160781648878412,-0.03275569437025478
3.96,400,0.7,1.7064127896583518e-22,5.24882670259576e-12,5.2488267027664014e-12,0.12530619665652634,0.06493254137380354,0.06493254137372226,0.06493254137380354,0.0603736552827228,-0.02883971395126345
3.964,400,0.7,2.570649333774948e-22,4.838574076440019e-12,4.838574076697084e-12,0.124281783799546,0.06513600262728131,0.06513600262714848,0.06513600262728131,0.0591457811722647,-0.024924064596557036
3.968,400,0.7,3.8603897092700015e-22,4.461082209697218e-12,4.461082210083257e-12,0.12326525976634425,0.06533907432854162,0.06533907432832527,0.06533907432854162,0.05792618543780263,-0.02100876009321923
3.972,400,0.7,5.78259641408006e-22,4.113683520591297e-12,4.113683521169557e-12,0.12225504814364888,0.06554175563769384,0.06554175563734241,0.06554175563769384,0.05671329250595504,-0.017093814228947728
3.976,400,0.7,8.633584114482715e-22,3.793931445411946e-12,3.7939314462753045e-12,0.12125303079560983,0.06574404578447594,0.06574404578390704,0.06574404578447594,0.05550898501113388,-0.013179240803247033
3.98,400,0.7,1.2853425928431168e-21,3.4995819600831493e-12,3.499581961368492e-12,0.12025815415211316,0.06594594398635736,0.06594594398543915,0.06594594398635736,0.0543122101657558,-0.009265053638600989
3.984,400,0.7,1.9095693141106682e-21,3.2285764683323163e-12,3.228576470241886e-12,0.11926852306559381,0.06614744949429738,0.06614744949281874,0.06614744949429738,0.05312107357129643,-0.005351266591635873
3.988,400,0.7,2.8297538753035387e-21,2.9790262122612925e-12,2.9790262150910462e-12,0.1182852430371483,0.06634856160805647,0.06634856160568174,0.06634856160805647,0.05193668142909183,-0.0014378935642646656
3.992,400,0.7,4.181691135775955e-21,2.749198138996195e-12,2.7491981431778862e-12,0.11730892802555262,0.06654927958147261,0.06654927957766996,0.06654927958147261,0.05075964844408001,0.002475051485183601
3.996,400,0.7,6.164856872481396e-21,2.53750173479014e-12,2.5375017409549967e-12,0.11633855508167666,0.06674960271974935,0.0667496027136756,0.06674960271974935,0.04958895236192731,0.0063875545308546625
4.0,400,0.7,9.067182660388695e-21,2.3424771278480498e-12,2.3424771369152325e-12,0.11537406339697051,0.06694953036209518,0.06694953035241827,0.06694953036209518,0.04842453303487533,0.010299601468266162
4.0040000000000004,400,0.7,1.330450455063384e-20,2.162784223346609e-12,2.1627842366511138e-12,0.11441546071742877,0.06714906182994936,0.06714906181457045,0.06714906182994936,0.04726639888747941,0.014211178103244107
4.008,400,0.7,1.9471977597062635e-20,1.9971926091503913e-12,1.9971926286223687e-12,0.11346327641787765,0.06734819654224182,0.06734819651786764,0.06734819654224182,0.04611507987563583,0.018122270140857127
4.0120000000000005,400,0.7,2.843388761761297e-20,1.8445725904684826e-12,1.8445726189023702e-12,0.11251676323265958,0.06754693380888913,0.06754693377035188,0.06754693380888913,0.04496982942377045,0.02203286317438846
4.016,400,0.7,4.142270797400116e-20,1.7038866465610883e-12,1.7038866879837963e-12,0.11157614430157085,0.06774527302926325,0.06774527296848647,0.06774527302926325,0.0438308712723076,0.02594294267431704
4.0200000000000005,400,0.7,6.019885386755269e-20,1.5741818116513128e-12,1.5741818718501666e-12,0.110641584098716,0.06794321365823923,0.06794321356263583,0.06794321365823923,0.042698370440476766,0.029852493977334343
4.024,400,0.7,8.72721688681689e-20,1.4545827541540488e-12,1.4545828414262177e-12,0.1097131383490437,0.06814075505833754,0.06814075490834236,0.06814075505833754,0.04157238329070616,0.03376150227536773
4.0280000000000005,400,0.7,1.2622090717525404e-19,1.344285207864805e-12,1.3442853340857121e-12,0.10879063337372566,0.06833789672026958,0.0683378964855335,0.06833789672026958,0.040452736653456084,0.03766995260464338
4.032,400,0.7,1.82125969616404e-19,1.2425501964330798e-12,1.2425503785590494e-12,0.10787397091116908,0.06853463809553054,0.06853463772909472,0.06853463809553054,0.03933933281563855,0.041577829834765705
4.0360000000000005,400,0.7,2.6216052419747084e-19,1.1486986073675924e-12,1.1486988695281165e-12,0.10696332487238445,0.06873097865028814,0.06873097807972833,0.06873097865028814,0.038232346222096314,0.04548511865782901
4.04,400,0.7,3.7648044580952244e-19,1.062106231731579e-12,1.0621066082120248e-12,0.10605855210936166,0.06892691792058095,0.06892691703441635,0.06892691792058095,0.03713163418878071,0.04939180357754811
4.0440000000000005,400,0.7,5.393679581718562e-19,9.821993290618435e-13,9.821998684298017e-13,0.10515972236663888,0.06912245531100765,0.06912245393815035,0.06912245531100765,0.036037267055631234,0.05329786889842568
4.048,400,0.7,7.709368618922146e-19,9.084503249831218e-13,9.084510959199837e-13,0.1042667011846382,0.06931759046657165,0.06931758834500124,0.06931759046657165,0.03494911071806654,0.05720329871494325
4.0520000000000005,400,0.7,1.0993916651676053e-18,8.40374192062205e-13,8.403752914538701e-13,0.1033794366968318,0.06951232283880865,0.0695123195682687,0.06951232283880865,0.03386711385802316,0.061108076900785076
4.056,400,0.7,1.5641160451748259e-18,7.775248259217771e-13,7.775263900378223e-13,0.10249802709210025,0.06970665205230261,0.06970664702315622,0.06970665205230261,0.032791375039797635,0.06501218709809078
4.0600000000000005,400,0.7,2.220213645319788e-18,7.194919368113698e-13,7.194941570250151e-13,0.10162232061502136,0.06990057768825389,0.06990056997374693,0.06990057768825389,0.031721742926767466,0.0689156127067438
4.064,400,0.7,3.144286837249862e-18,6.65898125754729e-13,6.659012700415663e-13,0.10075236142566349,0.07009409925100693,0.07009408744635058,0.07009409925100693,0.03065826217465656,0.07281833687368465
4.0680000000000005,400,0.7,4.442838885914977e-18,6.163961346423558e-13,6.164005774812417e-13,0.09988809528262743,0.07028721640585911,0.07028719838650992,0.07028721640585911,0.029600878876768322,0.07672034248227556
4.072,400,0.7,6.263461365584985e-18,5.706664341348468e-13,5.706726975962124e-13,0.09902949676948217,0.07047992883587793,0.07047990139678822,0.07047992883587793,0.028549567933604234,0.0806216121416751
4.0760000000000005,400,0.7,8.810286149191148e-18,5.284150066039499e-13,5.284238168900991e-13,0.09817652938606951,0.07067223605645653,0.07067219437419642,0.07067223605645653,0.027504293329612975,0.08452212817627526
4.08,400,0.7,1.2364916041946193e-17,4.893711895089463e-13,4.893835544249883e-13,0.09732917140729634,0.07086413778659993,0.07086407462002976,0.07086413778659993,0.02646503362069641,0.08842187261515502
4.0840000000000005,400,0.7,1.7314932916892697e-17,4.5328584600306475e-13,4.5330316093598166e-13,0.09648740592580751,0.07105563365449835,0.0710555381595564,0.07105563365449835,0.02543177227130916,0.09232082718158885
4.088,400,0.7,2.4192786618472115e-17,4.1992957735636884e-13,4.199537701429873e-13,0.09565119289694951,0.07124672342663245,0.07124657940194916,0.07124672342663245,0.02440446947031706,0.0962189732825788
4.0920000000000005,400,0.7,3.372779146011722e-17,3.8909119054183825e-13,3.8912491833329835e-13,0.0948205237599573,0.0714374066394457,0.071437189940054,0.0714374066394457,0.023383117120511596,0.1001162919984445
4.096,400,0.7,4.691745701215596e-17,3.605761411734285e-13,3.6062305863044065e-13,0.09399535462488308,0.07162768312643733,0.07162735785252486,0.07162768312643733,0.02236767149844575,0.10401276407243686
4.1,400,0.7,6.512215247298154e-17,3.342052496160122e-13,3.3427037176848516e-13,0.09317566724699633,0.07181755267716386,0.07181706558271647,0.07181755267716386,0.02135811456983247,0.10790836990041312
4.104,400,0.7,9.019320379133276e-17,3.098134846475769e-13,3.0990367785136823e-13,0.09236144398914246,0.07200701485232534,0.07200628715580598,0.07200701485232534,0.02035442913681712,0.11180308952054206
4.108,400,0.7,1.2464548910592215e-16,2.8724876462253627e-13,2.8737341011164217e-13,0.0915526451326461,0.07219606944723976,0.0721949848607363,0.07219606944723976,0.019356575685406344,0.1156969026030573
4.112,400,0.7,1.7188545550366496e-16,2.6637095144656037e-13,2.6654283690206405e-13,0.09074925843825214,0.07238471625826595,0.07238310356344342,0.07238471625826595,0.01836454217998619,0.11958978844006783
4.116,400,0.7,2.365196812229257e-16,2.4705089757587245e-13,2.472874172570954e-13,0.08995125062680433,0.07257295504112643,0.07257056275539646,0.07257295504112643,0.017378295585677897,0.12348172593539797
4.12,400,0.7,3.247619061317523e-16,2.2916956685549106e-13,2.294943287616228e-13,0.08915859839140182,0.07276078549687183,0.07275724519248436,0.07276078549687183,0.01639781289452999,0.1273726935944956
4.124,400,0.7,4.449769510464879e-16,2.1261719995211375e-13,2.1306217690316023e-13,0.08837127297117289,0.0729482075734903,0.0729429809036383,0.0729482075734903,0.015423065397682595,0.13126266951437288
4.128,400,0.7,6.083990402441464e-16,1.972926184015842e-13,1.9790101744182835e-13,0.08758925172754227,0.07313522098912627,0.07312752350280932,0.07313522098912627,0.014454030738416002,0.13515163137361708
4.132,400,0.7,8.300848847717229e-16,1.8310251767262622e-13,1.8393260255739794e-13,0.08681250926880545,0.07332182548266161,0.07331051748712838,0.07332182548266161,0.013490683786143834,0.13903955642243374
4.136,400,0.7,1.130172180369349e-15,1.6996082532418946e-13,1.7109099750455881e-13,0.086041016004464,0.07350802105921277,0.07349145207699927,0.07350802105921277,0.01253299494525123,0.14292642147276385
4.14,400,0.7,1.535531362681141e-15,1.5778816077559926e-13,1.5932369213828041e-13,0.08527474977289888,0.0736938075402104,0.07366959615627625,0.0736938075402104,0.011580942232688476,0.14681220288844019
4.144,400,0.7,2.0819447597162672e-15,1.4651129284055522e-13,1.485932376002715e-13,0.08451368489346693,0.07387918471297132,0.07384390942765778,0.07387918471297132,0.01063450018049561,0.15069687657541617
4.148,400,0.7,2.81695848995531e-15,1.3606264337540031e-13,1.3887960186535562e-13,0.08375779660418785,0.07406415250542463,0.07401292252688917,0.07406415250542463,0.009693644098763221,0.15458041797203317
4.152,400,0.7,3.803620542666279e-15,1.2637985201126308e-13,1.3018347255392936e-13,0.08300705751848475,0.07424871081137079,0.07417457903025888,0.07424871081137079,0.008758346707113965,0.15846280203937088
4.156,400,0.7,5.1253482212730494e-15,1.1740536507985433e-13,1.2253071330112737e-13,0.0822614448164504,0.07443285947353473,0.07432603668881396,0.07443285947353473,0.007828585342915667,0.16234400325163623
4.16,400,0.7,6.8922918357070516e-15,1.090860503029396e-13,1.1597834213864664e-13,0.08152093183254211,0.07461659842953643,0.0744634323173433,0.07461659842953643,0.006904333403005683,0.16622399558663375
4.164,400,0.7,9.249581720564262e-15,1.0137285202919802e-13,1.1062243374976228e-13,0.0807854951595181,0.07479992767766887,0.07458163372398481,0.07479992767766887,0.005985567481849238,0.1701027525162833
4.168,400,0.7,1.2388057639474615e-14,9.422048320615114e-14,1.0660854084562576e-13,0.08005510869990769,0.07498284698290954,0.0746740319147134,0.07498284698290954,0.00507226171699815,0.1739802469972201
4.172,400,0.7,1.655812324355148e-14,8.758710265242414e-14,1.0414522589597563e-13,0.07932974895769848,0.07516535659450724,0.07473247516746791,0.07516535659450724,0.004164392363191244,0.17785645146144202
4.176,400,0.7,2.2087681325156403e-14,8.143408515564578e-14,1.0352176648080218e-13,0.07860939086974258,0.07534745618248008,0.07474748625038435,0.07534745618248008,0.003261934687262505,0.18173133780704556
4.18,400,0.7,2.940523046253786e-14,7.572573320868802e-14,1.0513096367122588e-13,0.0778940095737514,0.07552914588881524,0.07470892387223181,0.07552914588881524,0.002364863684936158,0.1856048773890128
4.184,400,0.7,3.9069571274396436e-14,7.042907407039358e-14,1.0949864534479002e-13,0.07718358114793124,0.07571042558261659,0.07460716054252778,0.07571042558261659,0.001473155565314646,0.18947704101008975
4.188,400,0.7,5.1807979305728907e-14,6.55136314918161e-14,1.1732161079754501e-13,0.07647808054214289,0.0758912953988585,0.07443464355236826,0.0758912953988585,0.0005867851432843907,0.1933477989117146
4.192,400,0.7,6.856504424959942e-14,6.09512464323533e-14,1.2951629068195272e-13,0.07577748387272978,0.0760717552227822,0.07418742431227753,0.07577748387272978,-0.00029427135005241634,0.19721712076504083
4.196,400,0.7,9.05651620170537e-14,5.671588623695787e-14,1.4728104825401156e-13,0.07508176695252151,0.07625180510718556,0.0738660843514713,0.07508176695252151,-0.0011700381546640437,0.20108497566202616
4.2,400,0.7,1.1939223344843628e-13,5.278348451441282e-14,1.721757179628491e-13,0.07439090560640826,0.07643144511604033,0.07347565205882174,0.07439090560640826,-0.0020405395096320667,0.20495133210659927
4.204,400,0.7,1.5709113329480397e-13,4.9131793068582135e-14,2.062229263633861e-13,0.07370487572780551,0.07661067513246736,0.0730245466110724,0.07370487572780551,-0.0029057994046618463,0.20881615800590908
4.208,400,0.7,2.0629661718558644e-13,4.57402342075882e-14,2.5203685139317466e-13,0.07302365343129297,0.076789495214796,0.07252300270600864,0.07302365343129297,-0.0037658417835030322,0.2126794206616566
4.212,400,0.7,2.7039679303999914e-13,4.258976955944403e-14,3.1298656259944317e-13,0.07234721477717845,0.07696790580415758,0.07198154034071072,0.07234721477717845,-0.0046206910269791235,0.21654108676149952
4.216,400,0.7,3.537399536426452e-13,3.966280729960077e-14,3.93402760942246e-13,0.07167553586488319,0.07714590622542195,0.07140985617706294,0.07167553586488319,-0.005470370360538754,0.22040112237055703
4.22,400,0.7,4.618957338511634e-13,3.69430460282414e-14,4.988387798794048e-13,0.0710085930340108,0.07732349741183636,0.07081623359444211,0.0710085930340108,-0.006314904377825559,0.22425949292298497
4.224,400,0.7,6.019842806855141e-13,3.4415425214378186e-14,6.363997058998923e-13,0.07034636265440217,0.07750067880910293,0.07020737390144516,0.07034636265440217,-0.00715431615470076,0.2281161632136515
4.228,400,0.7,7.830902345232801e-13,3.20659963407718e-14,8.151562308640519e-13,0.06968882115878032,0.07767745057564891,0.06958849151432277,0.06968882115878032,-0.007988629416868592,0.23197109738988844
4.232,400,0.7,1.0167823409642847e-12,2.988184744551986e-14,1.0466641884098045e-12,0.06903594510612977,0.07785381301931184,0.06896353243110158,0.06903594510612977,-0.008817867913182065,0.23582425894335224
4.236,400,0.7,1.3177644387066374e-12,2.7851030342935907e-14,1.3456154690495734e-12,0.06838771105536105,0.07802976608266511,0.06833542402433579,0.06838771105536105,-0.009642055027304058,0.23967561070196028
4.24,400,0.7,1.7046892274481376e-12,2.5962479621048758e-14,1.7306517070691864e-12,0.06774409573274479,0.07820530997661676,0.06770630767266861,0.06774409573274479,-0.010461214243871975,0.24352511482193556
4.244,400,0.7,2.2011737901129797e-12,2.420594772577446e-14,2.225379737838754e-12,0.06710507589221551,0.07838044504538286,0.06707773386545253,0.06710507589221551,-0.011275369153167347,0.24737273277993344
4.248,400,0.7,2.837064059915926e-12,2.2571951247279287e-14,2.8596360111632053e-12,0.06647062845049014,0.07855517088670527,0.0664508169200505,0.06647062845049014,-0.012084542436215137,0.2512184253652874
4.252,400,0.7,3.6500066584503735e-12,2.1051697490843543e-14,3.671058355941217e-12,0.06584073031025708,0.07872948799284604,0.0658263527876756,0.06584073031025708,-0.012888757682588958,0.25506215267233256
4.256,400,0.7,4.687398340314289e-12,1.9637041891585904e-14,4.707035382205875e-12,0.06521535853066703,0.0789033967996155,0.06520490709151079,0.06521535853066703,-0.013688038268948474,0.25890387409284965
4.26,400,0.7,6.0087998026231035e-12,1.832044510997596e-14,6.027120247733079e-12,0.06459449021846714,0.07907689684890946,0.06458687947529901,0.06459449021846714,-0.014482406630442327,0.26274354830860175
4.264,400,0.7,7.688918192348207e-12,1.7094911417159226e-14,7.706013103765366e-12,0.06397810254876213,0.0792499888840777,0.06397255042315839,0.06397810254876213,-0.015271886335315565,0.2665811332839861
4.268,400,0.7,9.821285091345423e-12,1.5953962282001237e-14,9.837239053627424e-12,0.06336617284356272,0.07942267294399115,0.06336211507054097,0.06336617284356272,-0.01605650010042843,0.2704165862587809
4.272,400,0.7,1.2522784375839685e-11,1.489159107525582e-14,1.2537675966914941e-11,0.06275867845186534,0.07959494924658553,0.06275570731872883,0.06275867845186534,-0.016836270794720193,0.2742498637410186
4.276,400,0.7,1.5939214476069404e-11,1.3902230977285326e-14,1.595311670704669e-11,0.06215559680956653,0.07976681766422532,0.06215341725239054,0.06215559680956653,-0.017611220854658785,0.2780809214999537
4.28,400,0.7,2.0252108652921174e-11,1.2980715771523869e-14,2.0265089368692697e-11,0.061556905491972014,0.07993827885242483,0.061555303614639734,0.061556905491972014,-0.018381373360452813,0.28190971455916397
4.284,400,0.7,2.5687083579296503e-11,1.2122259794263e-14,2.5699205839090765e-11,0.060962582087071115,0.08010933244994402,0.060961402564268796,0.060962582087071115,-0.019146750362872902,0.2857361971897427
4.288,400,0.7,3.252403604467314e-11,1.1322416252261839e-14,3.25353584609254e-11,0.060372604323337756,0.08027997973766593,0.06037173416335144,0.060372604323337756,-0.019907375414328174,0.2895603229036365
4.292,400,0.7,4.110957770854145e-11,1.0577069375364868e-14,4.112015477791681e-11,0.05978694996825887,0.08045022000877144,0.05978630682683581,0.05978694996825887,-0.020663270040512577,0.2933820444470764
4.296,400,0.7,5.1872166354497784e-11,9.882393539199746e-15,5.1882048748036985e-11,0.059205596908403164,0.08062005412859694,0.059205120667820584,0.059205596908403164,-0.02141445722019377,0.2972013137941509
4.3,400,0.7,6.534048833721876e-11,9.234844577824553e-15,6.534972318179659e-11,0.05862852308999229,0.08078948152772458,0.058628169779500035,0.05862852308999229,-0.02216095843773229,0.30101808214049197
4.304,400,0.7,8.216574518574853e-11,8.631127431139315e-15,8.217437631317967e-11,0.05805570656488677,0.0809585031435704,0.058055443965365716,0.05805570656488677,-0.02290279657868364,0.3048322998970895
4.308,400,0.7,1.0314862740835666e-10,8.068186531213867e-15,1.0315669559488787e-10,0.05748712545813379,0.08112711913800812,0.05748692991818315,0.05748712545813379,-0.02363999367987433,0.30864391668423324
4.312,400,0.7,1.292718985743604e-10,7.5431866353721e-15,1.2927944176099577e-10,0.05692275797212462,0.08129532917872014,0.056922612098066726,0.05692275797212462,-0.024372571206595514,0.31245288132558613
4.316,400,0.7,1.6173968419206896e-10,7.053491522301895e-15,1.6174673768359127e-10,0.056362582402070496,0.08146313412323165,0.0563624733790784,0.056362582402070496,-0.025100551721161157,0.3162591418423863
4.32,400,0.7,2.020247596628709e-10,6.596653366252884e-15,2.0203135631623715e-10,0.055806577133625704,0.08163053485049715,0.05580649550321465,0.055806577133625704,-0.025823957716871446,0.32006264544778956
4.324,400,0.7,2.5192536382320443e-10,6.170403586819055e-15,2.5193153422679126e-10,0.05525472061897609,0.08179753036994697,0.055254659387269124,0.05525472061897609,-0.026542809750970876,0.323863338541336
4.328,400,0.7,3.136333259305108e-10,5.7726295704262525e-15,3.136390985600812e-10,0.05470699141046843,0.08196412171690422,0.054706945396732244,0.05470699141046843,-0.02725713030643579,0.32766116670357176
4.332,400,0.7,3.8981562219813015e-10,5.401371118301214e-15,3.8982102356924846e-10,0.05416336813046835,0.08213030890693457,0.05416333349015771,0.05416336813046835,-0.02796694077646622,0.3314560746907885
4.336,400,0.7,4.83711819217152e-10,5.0548044653203225e-15,4.837168740216174e-10,0.0536238295034558,0.08229609306156624,0.053623803378509846,0.0536238295034558,-0.028672263558110436,0.33524800642993213
4.34,400,0.7,5.992503085915941e-10,4.731239401639953e-15,5.992550398309957e-10,0.0530883543191279,0.08246147299196417,0.05308833458104576,0.0530883543191279,-0.02937311867283627,0.33903690501363026
4.344,400,0.7,7.411866866158079e-10,4.429099564842435e-15,7.411911157153728e-10,0.05255692145902731,0.08262645022503508,0.05255690651985472,0.05255692145902731,-0.03006952876600777,0.3428227126953851
4.348,400,0.7,9.152682194977937e-10,4.146922900703782e-15,9.152723664206945e-10,0.05202950989386461,0.08279102451350658,0.05202949856682021,0.05202950989386461,-0.030761514619641966,0.3466053708849021
4.352,400,0.7,1.128428965936375e-09,3.883348066800438e-15,1.1284328492844417e-09,0.05150609866802843,0.08295519677387105,0.05150609006460389,0.05150609866802843,-0.031449098105842614,0.3503848201435784
4.356,400,0.7,1.3890208448002236e-09,3.637109392703336e-15,1.3890244819096163e-09,0.05098666691557803,0.08311896787907086,0.050986660369411636,0.05098666691557803,-0.03213230096349283,0.3541610001801367
4.36,400,0.7,1.7070868079796558e-09,3.4070328497072367e-15,1.7070902150125055e-09,0.0504711938507725,0.0832823365361264,0.05047118886123501,0.0504711938507725,-0.03281114268535391,0.35793384984642146
4.364,400,0.7,2.094683203705754e-09,3.192022321830798e-15,2.0946863957280758e-09,0.04995965877605357,0.08344530430573202,0.04995965496638454,0.04995965877605357,-0.03348564552967845,0.36170330713334464
4.368,400,0.7,2.5662595433120686e-09,2.99106091324894e-15,2.566262534372982e-09,0.04945204107206272,0.08360787062489348,0.04945203815823121,0.04945204107206272,-0.034155829552830766,0.36546930916699466
4.372,400,0.7,3.139105084938973e-09,2.803199797798727e-15,3.1391078881387707e-09,0.048948320206110854,0.08377003711320764,0.04894831797362861,0.048948320206110854,-0.03482171690709679,0.36923179220490765
4.376,400,0.7,3.833873102302349e-09,2.6275584083071817e-15,3.833875729860757e-09,0.048448475727154376,0.08393180335444039,0.04844847401377117,0.048448475727154376,-0.03548332762728602,0.3729906916324998
4.38,400,0.7,4.675195262881046e-09,2.4633155145649503e-15,4.67519772619656e-09,0.04795248726904203,0.0840931704556125,0.047952485951816365,0.04795248726904203,-0.036140683186570474,0.3767459419596602
4.384,400,0.7,5.69240037802948e-09,2.309708515124876e-15,5.692402687737995e-09,0.04746033454677384,0.08425413765566868,0.04746033353239156,0.04746033454677384,-0.03679380310889484,0.38049747681752594
4.388,400,0.7,6.92035378102949e-09,2.1660251033721586e-15,6.920355947054593e-09,0.04697199736049353,0.08441470664165301,0.04697199657801014,0.04697199736049353,-0.03744270928115948,0.3842452289554074
4.392,400,0.7,8.400435926251484e-09,2.031604230678216e-15,8.400437957855715e-09,0.046487455591153436,0.08457487663132822,0.04648745498654077,0.046487455591153436,-0.03808742104017478,0.38798913023790293
4.396,400,0.7,1.0181681309648942e-08,1.9058289068518307e-15,1.018168321547785e-08,0.046006689203355954,0.08473464839815754,0.04600668873540064,0.046006689203355954,-0.03872795919480159,0.39172911164217306
4.4,400,0.7,1.2322101734597255e-08,1.7881242972730108e-15,1.2322103522721552e-08,0.0455296782451252,0.08489402300771273,0.04552967788233722,0.0455296782451252,-0.03936434476258753,0.3954651032554017
4.404,400,0.7,1.4890221142209892e-08,1.6779561248692085e-15,1.4890222820166018e-08,0.04505640284658531,0.08505299983621127,0.045056402564864165,0.04505640284658531,-0.03999659698962596,0.39919703427242426
4.408,400,0.7,1.7966852795299325e-08,1.5748250149363666e-15,1.796685437012434e-08,0.04458684322022269,0.0852115805760826,0.044586843001093474,0.04458684322022269,-0.040624737355859905,0.40292483299354687
4.412,400,0.7,2.164715360984465e-08,1.4782672425306801e-15,2.1647155088111893e-08,0.04412097966031908,0.08536976443777318,0.044120979489596035,0.04412097966031908,-0.0412487847774541,0.40664842682253677
4.416,400,0.7,2.604299480966126e-08,1.3878493412646115e-15,2.6042996197510602e-08,0.043658792545418636,0.08552755270618714,0.0436587924121919,0.043658792545418636,-0.04186876016076851,0.41036774226480754
4.42,400,0.7,3.1285693091718505e-08,1.3031676542511742e-15,3.128569439488616e-08,0.043200262334047765,0.08568494609290565,0.0432002622299133,0.043200262334047765,-0.04248468375885789,0.41408270492577826
4.424,400,0.7,3.7529151700763225e-08,1.2238473489896057e-15,3.752915292461057e-08,0.042745369568213336,0.08584194233368966,0.04274536948668689,0.042745369568213336,-0.04309657276547633,0.4177932395094319
4.428,400,0.7,4.495346702014613e-08,1.149535874652605e-15,4.4953468169682003e-08,0.042294094871026,0.08599854530314348,0.04229409480709679,0.042294094871026,-0.04370445043211748,0.4214992698170501
4.432,400,0.7,5.3769062631418206e-08,1.0799062667764983e-15,5.376906371132447e-08,0.041846418948013955,0.08615475536890697,0.04184641889780357,0.041846418948013955,-0.04430833642089302,0.4252007187461602
4.436,400,0.7,6.42214201701139e-08,1.0146542169688525e-15,6.422142118476812e-08,0.041402322585972214,0.08631057128349058,0.04140232254647394,0.041402322585972214,-0.04490824869751837,0.4288975082896496
4.44,400,0.7,7.659648404362061e-08,9.534954885595592e-16,7.65964849971161e-08,0.040961786653667856,0.08646599245079138,0.040961786622547125,0.040961786653667856,-0.045504205797123526,0.4325895595350995
4.444,400,0.7,9.122682582373369e-08,8.961638556684585e-16,9.122682671989754e-08,0.04052479210078386,0.08662102100751862,0.04052479207622518,0.04052479210078386,-0.04609622890673476,0.43627679266429964
4.448,400,0.7,1.0849866333993431e-07,8.424117560602564e-16,1.0849866418234607e-07,0.04009131995872348,0.08677565689433321,0.04009131993931283,0.04009131995872348,-0.04668433693560973,0.43995912695297473
4.452,400,0.7,1.2885983986473784e-07,7.920072425441296e-16,1.288598406567451e-07,0.03966135133985996,0.08692990284373446,0.03966135132449428,0.03966135133985996,-0.047268551503874504,0.443636480770698
4.456,400,0.7,1.5282887967860183e-07,7.447352893708613e-16,1.5282888042333713e-07,0.03923486743735155,0.08708375708733444,0.03923486742516905,0.03923486743735155,-0.04784888964998289,0.447308771581024
4.46,400,0.7,1.8100524824348155e-07,7.00394277347642e-16,1.8100524894387584e-07,0.03881184952570154,0.08723722061015819,0.03881184951602787,0.03881184952570154,-0.04842537108445665,0.4509759159418117
4.464,400,0.7,2.1408095825233154e-07,6.587961018346867e-16,2.1408095891112764e-07,0.038392278959688136,0.08739029398169057,0.03839227895199484,0.038392278959688136,-0.048998015022002434,0.45463782950576587
4.468,400,0.7,2.528536763271553e-07,6.197649471949337e-16,2.5285367694692025e-07,0.03797613717492113,0.08754297846291098,0.03797613716879343,0.03797613717492113,-0.04956684128798985,0.4582944270211686
4.472,400,0.7,2.9824150030445915e-07,5.831375331852763e-16,2.982415008875967e-07,0.03756340568733637,0.08769527152346399,0.03756340568244823,0.03756340568733637,-0.050131865836127616,0.46194562233285225
4.476,400,0.7,3.512995926313271e-07,5.487594076840889e-16,3.512995931800865e-07,0.03715406609319674,0.08784717891451738,0.03715406608929153,0.03715406609319674,-0.050693112821320635,0.4655913283833482
4.48,400,0.7,4.132388724713498e-07,5.164881094974024e-16,4.1323887298783793e-07,0.036748100068692245,0.08799869851725087,0.03674810006556761,0.036748100068692245,-0.05125059844855862,0.4692314572142728
4.484,400,0.7,4.854469868543489e-07,4.861905815743225e-16,4.854469873405395e-07,0.036345489370154936,0.0881498274592583,0.03634548936765111,0.036345489370154936,-0.05180433808910336,0.47286591996791577
4.488,400,0.7,5.695118005343112e-07,4.577406218266738e-16,5.695118009920518e-07,0.035946215833514684,0.08830057244523051,0.03594621583150533,0.035946215833514684,-0.05235435661171583,0.47649462688906014
4.492,400,0.7,6.672476638330687e-07,4.310223061725356e-16,6.67247664264091e-07,0.03555026137463691,0.08845092957666913,0.03555026137302199,0.03555026137463691,-0.052900668202032215,0.48011748732699333
4.496,400,0.7,7.80724739524967e-07,4.0592633931646903e-16,7.807247399308934e-07,0.03515760798855326,0.08860089990251638,0.03515760798725342,0.03515760798855326,-0.05344329191396312,0.4837344097377732
4.5,400,0.7,9.123016911740764e-07,3.823501458667795e-16,9.123016915564266e-07,0.034768237749622365,0.08875048718225498,0.034768237748574606,0.034768237749622365,-0.05398224943263261,0.48734530168667695
4.5040000000000004,400,0.7,1.0646620590700527e-06,3.601990261214613e-16,1.0646620594302517e-06,0.03438213281146315,0.08889968736217681,0.03438213281061734,0.03438213281146315,-0.05451755455071366,0.49095006985090567
4.508,400,0.7,1.2408546739158318e-06,3.393832891038453e-16,1.240854674255215e-06,0.03399927540653817,0.0890485038972188,0.033999275405854394,0.03399927540653817,-0.055049228490680634,0.49454862002248945
4.5120000000000005,400,0.7,1.4443384829960315e-06,3.19819821135327e-16,1.4443384833158512e-06,0.033619647846139016,0.08919693473907093,0.03361964784558544,0.033619647846139016,-0.05557728689293192,0.49814085711142614
4.516,400,0.7,1.6790321898058402e-06,3.014298235078081e-16,1.67903219010727e-06,0.03324323252010506,0.08934498610667319,0.033243232519656246,0.03324323252010506,-0.056101753586568125,0.501726685149053
4.5200000000000005,400,0.7,1.9493691341055623e-06,2.841409767569717e-16,1.9493691343897033e-06,0.03287001189676081,0.0894926529046607,0.032870011896396406,0.03287001189676081,-0.05662264100789989,0.505306007291629
4.524,400,0.7,2.260357866860246e-06,2.6788459240097674e-16,2.260357867128131e-06,0.032499968522618945,0.08963993852874295,0.032499968522322654,0.032499968522618945,-0.05713997000612401,0.5088787258241607
4.5280000000000005,400,0.7,2.6176489015020635e-06,2.5259706991230336e-16,2.6176489017546606e-06,0.03213308502225984,0.08978684015939369,0.032133085022018594,0.03213308502225984,-0.05765375513713385,0.5124447421644537
4.532,400,0.7,3.0276081510537396e-06,2.3821813138368584e-16,3.027608151291958e-06,0.03176934409816451,0.08993336225387263,0.031769344097967805,0.03176934409816451,-0.058164018155708125,0.5160039568673882
4.5360000000000005,400,0.7,3.49739758835794e-06,2.2469194253235573e-16,3.497397588582632e-06,0.031408728530549795,0.09007950338530873,0.03140872853038918,0.031408728530549795,-0.05867077485475894,0.51955626962944
4.54,400,0.7,4.035063694734351e-06,2.1196610463224417e-16,4.0350636949463166e-06,0.031051221177017533,0.09022526323953439,0.031051221176886207,0.031051221177017533,-0.05917404206251686,0.5231015792934172
4.5440000000000005,400,0.7,4.6496342888296935e-06,1.9999096523984494e-16,4.649634289029685e-06,0.030696804972553494,0.09037064870541482,0.030696804972445965,0.030696804972553494,-0.05967384373286133,0.5266397838534478
4.548,400,0.7,5.35122435569291e-06,1.8872132723583222e-16,5.351224355881632e-06,0.030345462929268728,0.09051565051496828,0.030345462929180562,0.030345462929268728,-0.06017018758569955,0.5301707804601891
4.5520000000000005,400,0.7,6.151151521023569e-06,1.7811370889444605e-16,6.151151521201683e-06,0.029997178136205234,0.09066027378385452,0.029997178136132844,0.029997178136205234,-0.06066309564764929,0.5336944654262807
4.556,400,0.7,7.0620618409162755e-06,1.681273542859094e-16,7.062061841084403e-06,0.029651933759101336,0.09080452480111799,0.029651933759041814,0.029651933759101336,-0.06115259104201665,0.5372107342320248
4.5600000000000005,400,0.7,8.098066600197402e-06,1.5872511250012734e-16,8.098066600356128e-06,0.029309713040277116,0.09094839455015681,0.029309713040228114,0.029309713040277116,-0.061638681509879695,0.5407194815313188
4.564,400,0.7,9.274890834907646e-06,1.4987117628864262e-16,9.274890835057517e-06,0.028970499298403295,0.0910918889338505,0.028970499298362897,0.028970499298403295,-0.06212138963544721,0.5442206011578063
4.5680000000000005,400,0.7,1.0610034313276983e-05,1.415323836750913e-16,1.0610034313418516e-05,0.028634275928232502,0.09123500780774832,0.028634275928199157,0.028634275928232502,-0.06260073187951581,0.5477139861312829
4.572,400,0.7,1.212294572531861e-05,1.3367741566430056e-16,1.2122945725452288e-05,0.028301026400526768,0.09137775530511609,0.0283010264004992,0.028301026400526768,-0.06307672890458932,0.5511995286643245
4.5760000000000005,400,0.7,1.3835210847521196e-05,1.262775343834297e-16,1.3835210847647473e-05,0.027970734261720486,0.0915201238384756,0.027970734261697668,0.027970734261720486,-0.06354938957675511,0.5546771201691802
4.58,400,0.7,1.5770755455477346e-05,1.1930504091565547e-16,1.5770755455596652e-05,0.02764338313385204,0.0916621202289221,0.027643383133833126,0.02764338313385204,-0.06401873709507006,0.558146651264872
4.5840000000000005,400,0.7,1.795606376840635e-05,1.1273437780716366e-16,1.7956063768519083e-05,0.02731895671420131,0.09180374315285958,0.02731895671418562,0.02731895671420131,-0.06448478643865826,0.561608011784558
4.588,400,0.7,2.0420413205213092e-05,1.0654139787958252e-16,2.0420413205319632e-05,0.026997438775283822,0.09194499512947031,0.02699743877527078,0.026997438775283822,-0.06494755635418649,0.5650610907831294
4.5920000000000005,400,0.7,2.319612623711195e-05,1.0070359336599525e-16,2.3196126237212652e-05,0.026678813164429386,0.0920858754773303,0.02667881316441853,0.026678813164429386,-0.06540706231290092,0.5685057765450495
4.596,400,0.7,2.631884010360191e-05,9.519984944918225e-17,2.631884010369711e-05,0.026363063803725776,0.09222638328378226,0.026363063803716735,0.026363063803725776,-0.06586331948005648,0.5719419565924211
4.6000000000000005,400,0.7,2.982779515358283e-05,9.001031223073826e-17,2.982779515367284e-05,0.02605017468973596,0.09236651857446213,0.02605017468972842,0.02605017468973596,-0.06631634388472617,0.5753695176933183
4.604,400,0.7,3.376614254639391e-05,8.511625365643724e-17,3.3766142546479024e-05,0.025740129893306686,0.09250628415440733,0.025740129893300386,0.025740129893306686,-0.06676615426110064,0.5787883458703348
4.6080000000000005,400,0.7,3.818127202328366e-05,8.050003970781273e-17,3.818127202336416e-05,0.02543291355934908,0.09264568499050918,0.025432913559343805,0.02543291355934908,-0.0672127714311601,0.5821983264093862
4.612,400,0.7,4.312516042316928e-05,7.61454367809997e-17,4.3125160423245425e-05,0.025128509906655303,0.09278471630107805,0.02512850990665089,0.025128509906655303,-0.06765620639442275,0.5855993438687478
4.616,400,0.7,4.865474157694299e-05,7.203711507189003e-17,4.865474157701503e-05,0.02482690322760127,0.09292337550146255,0.02482690322759757,0.02482690322760127,-0.06809647227386129,0.5889912820883394
4.62,400,0.7,5.4832298156298966e-05,6.816051286455092e-17,5.483229815636713e-05,0.024528077888034225,0.09306166566744711,0.024528077888031116,0.024528077888034225,-0.06853358777941289,0.5923740241992387
4.624,400,0.7,6.172587600383702e-05,6.450194787350041e-17,6.172587600390152e-05,0.024232018326977536,0.09319959062739486,0.024232018326974924,0.024232018326977536,-0.06896757230041732,0.5957474526334402
4.628,400,0.7,6.940972139129904e-05,6.104865206096108e-17,6.94097213913601e-05,0.023938709056442634,0.09333715138210849,0.023938709056440435,0.023938709056442634,-0.06939844232566586,0.59911144913386
4.632,400,0.7,7.796474158094378e-05,5.778855050672636e-17,7.796474158100156e-05,0.0236481346612126,0.09347435251488864,0.02364813466121075,0.0236481346612126,-0.06982621785367604,0.6024658947645604
4.636,400,0.7,8.747898897454804e-05,5.471079829630211e-17,8.747898897460275e-05,0.023360279798601842,0.09361117643627193,0.023360279798600274,0.023360279798601842,-0.07025089663767009,0.6058106699212381
4.64,400,0.7,9.804816903417862e-05,5.180437818100893e-17,9.804816903423041e-05,0.023075129198233842,0.09374764251832543,0.023075129198232524,0.023075129198233842,-0.07067251332009158,0.609145654341923
4.644,400,0.7,0.0001097761720491982,4.905946965609389e-17,0.00010977617204924726,0.022792667661854515,0.09388374611307267,0.022792667661853394,0.022792667661854515,-0.07109107845121815,0.6124707271179362
4.648,400,0.7,0.00012277562870951643,4.646684061268023e-17,0.0001227756287095629,0.022512880063063068,0.09401948180195888,0.02251288006306212,0.022512880063063068,-0.07150660173889581,0.6157857667050637
4.652,400,0.7,0.00013716848930476864,4.401759839699609e-17,0.00013716848930481266,0.022235751347102376,0.09415485539092644,0.022235751347101575,0.022235751347102376,-0.07191910404382407,0.6190906509349835
4.656,400,0.7,0.00015308662623403693,4.170348147085582e-17,0.00015308662623407865,0.0219612665306441,0.09428986765015827,0.021961266530643418,0.0219612665306441,-0.07232860111951417,0.6223852570269114
4.66,400,0.7,0.00017067245935798312,3.951666402496473e-17,0.00017067245935802264,0.021689410701545488,0.09442452304224962,0.021689410701544908,0.021689410701545488,-0.07273511234070412,0.6256694615994912
4.664,400,0.7,0.00019007960355762525,3.74498916174496e-17,0.0001900796035576627,0.021420169018632026,0.09455881964498468,0.021420169018631533,0.021420169018632026,-0.07313865062635265,0.6289431406829032
4.668,400,0.7,0.00021147353769524635,3.5496338356345543e-17,0.00021147353769528185,0.021153526711464803,0.09469275531905731,0.02115352671146438,0.021153526711464803,-0.07353922860759252,0.6322061697312179
4.672,400,0.7,0.00023503229398626186,3.3649495738740104e-17,0.0002350322939862955,0.020889469080108528,0.09482633400847536,0.020889469080108167,0.020889469080108528,-0.07393686492836683,0.6354584236349646
4.676,400,0.7,0.0002609471665970093,3.190337288341556e-17,0.0002609471665970412,0.020627981494910096,0.09495954984167235,0.02062798149490979,0.020627981494910096,-0.07433156834676224,0.6386997767339421
4.68,400,0.7,0.00028942343808534813,3.0252195960392414e-17,0.0002894234380853784,0.02036904939624954,0.09509240724579698,0.02036904939624928,0.02036904939624954,-0.07472335784954745,0.6419301028302361
4.684,400,0.7,0.00032068112207943295,2.869061650326951e-17,0.0003206811220794616,0.020112658294332314,0.0952249038892325,0.020112658294332092,0.020112658294332314,-0.07511224559490019,0.6451492752014827
4.688,400,0.7,0.0003549557203860034,2.7213393370954703e-17,0.0003549557203860306,0.019858793768938718,0.09535705604609424,0.019858793768938527,0.019858793768938718,-0.07549826227715552,0.6483571666143374
4.692,400,0.7,0.00039249899247824257,2.5815958922245492e-17,0.0003924989924782684,0.019607441469198798,0.0954888470257967,0.019607441469198635,0.019607441469198798,-0.0758814055565979,0.6515536493381745
4.696,400,0.7,0.00043357973509229884,2.449382613784166e-17,0.00043357973509232335,0.01935858711335442,0.09562027645617967,0.019358587113354277,0.01935858711335442,-0.07626168934282525,0.6547385951590033
4.7,400,0.7,0.0004784845694187449,2.3242579325224036e-17,0.00047848456941876815,0.01911221648852488,0.09575136440403056,0.019112216488524757,0.01911221648852488,-0.07663914791550569,0.6579118753935975
4.704,400,0.7,0.0005275187331355099,2.2058550589723496e-17,0.0005275187331355319,0.018868315450478818,0.09588207841330261,0.018868315450478713,0.018868315450478818,-0.07701376296282379,0.6610733609038482
4.708,400,0.7,0.0005810068742905919,2.093761163607118e-17,0.0005810068742906128,0.01862686992339225,0.09601246133112423,0.01862686992339216,0.01862686992339225,-0.07738559140773199,0.6642229221113237
4.712,400,0.7,0.0006392938437919112,1.9876529018737628e-17,0.0006392938437919311,0.0183878658996137,0.09614248021137785,0.018387865899613623,0.0183878658996137,-0.07775461431176414,0.6673604290120375
4.716,400,0.7,0.0007027454830232855,1.8871870202219357e-17,0.0007027454830233044,0.018151289439427475,0.09627214802401968,0.018151289439427405,0.018151289439427475,-0.0781208585845922,0.6704857511914364
4.72,400,0.7,0.0007717494028625765,1.7920537115888993e-17,0.0007717494028625944,0.017917126670817355,0.09640146073452587,0.017917126670817296,0.017917126670817355,-0.07848433406370851,0.6735987578395815
4.724,400,0.7,0.0008467157501428931,1.7019441894099468e-17,0.0008467157501429101,0.01768536378922608,0.09653043835616558,0.01768536378922603,0.01768536378922608,-0.0788450745669395,0.6766993177665442
4.728,400,0.7,0.0009280779573595192,1.616594511841855e-17,0.0009280779573595353,0.01745598705732754,0.09665906199365981,0.0174559870573275,0.01745598705732754,-0.07920307493633227,0.6797872994179949
4.732,400,0.7,0.0010162934712203012,1.5357455039704966e-17,0.0010162934712203166,0.01722898280477147,0.0967873266185505,0.01722898280477143,0.01722898280477147,-0.07955834381377902,0.6828625708909997
4.736,400,0.7,0.0011118444553893762,1.4591383625523343e-17,0.0011118444553893908,0.017004337427961463,0.09691525120507109,0.017004337427961428,0.017004337427961463,-0.07991091377710963,0.6859249999499989
4.74,400,0.7,0.0012152384626130913,1.3865472857866335e-17,0.0012152384626131052,0.016782037389805014,0.0970428247274516,0.016782037389804987,0.016782037389805014,-0.08026078733764658,0.6889744540429947
4.744,400,0.7,0.0013270090711931216,1.3177395623455342e-17,0.0013270090711931348,0.016562069219475575,0.09717007191248087,0.01656206921947555,0.016562069219475575,-0.08060800269300529,0.6920108003179237
4.748,400,0.7,0.00144771648061367,1.2525342927830673e-17,0.0014477164806136827,0.016344419512178087,0.09729694411957297,0.016344419512178066,0.016344419512178087,-0.08095252460739488,0.6950339056392084
4.752,400,0.7,0.001577948060981309,1.190713973541691e-17,0.001577948060981321,0.016129074928901654,0.09742348368980978,0.016129074928901633,0.016129074928901654,-0.08129440876090813,0.6980436366045071
4.756,400,0.7,0.0017183188507790329,1.1320987345741559e-17,0.0017183188507790441,0.015916022196183665,0.09754968345891521,0.01591602219618365,0.015916022196183665,-0.08163366126273154,0.7010398595616323
4.76,400,0.7,0.0018694719973433253,1.0765184559598704e-17,0.0018694719973433361,0.015705248105867497,0.09767553599702783,0.01570524810586748,0.015705248105867497,-0.08197028789116033,0.7040224406256594
4.764,400,0.7,0.0020320791343706535,1.0238074517513375e-17,0.002032079134370664,0.015496739514860391,0.09780104526840354,0.015496739514860379,0.015496739514860391,-0.08230430575354315,0.7069912456962015
4.768,400,0.7,0.0022068406906942894,9.738101019238373e-18,0.002206840690694299,0.01529048334489611,0.09792621385617735,0.0152904833448961,0.01529048334489611,-0.08263573051128124,0.7099461404748553
4.772,400,0.7,0.002394486124551039,9.26383484571156e-18,0.0023944861245510482,0.015086466582287563,0.09805103395189137,0.015086466582287555,0.015086466582287563,-0.08296456736960381,0.7128869904828216
4.776,400,0.7,0.0025957740775247695,8.813836058381387e-18,0.002595774077524778,0.014884676277687496,0.09817552226946068,0.01488467627768749,0.014884676277687496,-0.08329084599177318,0.7158136610786869
4.78,400,0.7,0.0028114924423941015,8.386914154524395e-18,0.0028114924423941097,0.014685099545850414,0.09829964755370782,0.014685099545850407,0.014685099545850414,-0.0836145480078574,0.7187260174763647
4.784,400,0.7,0.0030424583391763984,7.981653178216329e-18,0.003042458339176406,0.014487723565384938,0.09842346529674208,0.01448772356538493,0.014487723565384938,-0.08393574173135714,0.7216239247631953
4.788,400,0.7,0.0032895179937215296,7.597029478534082e-18,0.0032895179937215374,0.014292535578513994,0.09854693590273272,0.014292535578513987,0.014292535578513994,-0.08425440032421873,0.7245072479182001
4.792,400,0.7,0.003553546513359894,7.23195750262038e-18,0.0035535465133599013,0.014099522890832954,0.09867005481779292,0.014099522890832949,0.014099522890832954,-0.08457053192695997,0.7273758518304806
4.796,400,0.7,0.0038354475542633497,6.885344921491986e-18,0.0038354475542633566,0.01390867287106569,0.09879284111359336,0.013908672871065685,0.01390867287106569,-0.08488416824252767,0.7302296013177727
4.8,400,0.7,0.0041361528753670876,6.556229976639378e-18,0.0041361528753670945,0.013719972950824298,0.09891528983705608,0.013719972950824293,0.013719972950824298,-0.08519531688623178,0.7330683611451327
4.804,400,0.7,0.004456621773956325,6.2436655625075185e-18,0.004456621773956331,0.013533410624364426,0.09903741058522965,0.013533410624364422,0.013533410624364426,-0.08550399996086522,0.7358919960437662
4.808,400,0.7,0.004797840398276619,5.946831577489526e-18,0.0047978403982766255,0.013348973448342573,0.09915918276038242,0.013348973448342571,0.013348973448342573,-0.08581020931203985,0.7387003707299905
4.812,400,0.7,0.005160820932846428,5.664891483660357e-18,0.005160820932846434,0.013166649041575353,0.09928060983793152,0.01316664904157535,0.013166649041575353,-0.08611396079635616,0.7414933499243269
4.816,400,0.7,0.005546600652513324,5.397017140524309e-18,0.0055466006525133294,0.012986425084795385,0.09940171313581446,0.012986425084795384,0.012986425084795385,-0.08641528805101907,0.7442707983707081
4.82,400,0.7,0.005956240841668554,5.142484415375923e-18,0.005956240841668559,0.012808289320407966,0.09952248840476616,0.012808289320407965,0.012808289320407966,-0.08671419908435819,0.7470325808558269
4.824,400,0.7,0.006390825575464847,4.9005159653829155e-18,0.006390825575464852,0.01263222955224931,0.09964297793815514,0.012632229552249307,0.01263222955224931,-0.08701074838590583,0.7497785622285819
4.828,400,0.7,0.006851460360348333,4.6706616348600416e-18,0.006851460360348337,0.012458233645345776,0.09976307733636784,0.012458233645345772,0.012458233645345776,-0.08730484369102207,0.7525086074196409
4.832,400,0.7,0.007339270631735778,4.4521657065575e-18,0.007339270631735782,0.012286289525666159,0.09988285255117986,0.012286289525666159,0.012286289525666159,-0.0875965630255137,0.7552225814611131
4.836,400,0.7,0.007855400107136624,4.244400842515519e-18,0.007855400107136628,0.012116385179883733,0.10000232752093761,0.012116385179883733,0.012116385179883733,-0.08788594234105387,0.7579203495063318
4.84,400,0.7,0.008401008993661719,4.046903007236692e-18,0.008401008993661722,0.011948508655133581,0.10012144943717441,0.011948508655133578,0.011948508655133581,-0.08817294078204083,0.7606017768497095
4.844,400,0.7,0.008977272049423994,3.8590764827394434e-18,0.008977272049423998,0.011782648058766198,0.100240259430545,0.011782648058766198,0.011782648058766198,-0.08845761137177881,0.7632667289467215
4.848,400,0.7,0.009585376498917761,3.680471721709651e-18,0.009585376498917764,0.011618791558109208,0.10035872686169955,0.011618791558109205,0.011618791558109208,-0.08873993530359034,0.7659150714339441
4.852,400,0.7,0.010226519803189917,3.5105934513255655e-18,0.01022651980318992,0.011456927380224287,0.10047686644063698,0.011456927380224287,0.011456927380224287,-0.0890199390604127,0.7685466701492079
4.856,400,0.7,0.010901907286236906,3.3490133215077082e-18,0.01090190728623691,0.011297043811664036,0.10059466475582952,0.011297043811664036,0.011297043811664036,-0.08929762094416549,0.7711613911517882
4.86,400,0.7,0.011612749619756868,3.195262270507051e-18,0.011612749619756871,0.011139129198230527,0.10071215625409177,0.011139129198230527,0.011139129198230527,-0.08957302705586125,0.773759100742726
4.864,400,0.7,0.01236026016910392,3.0489289896411386e-18,0.012360260169103923,0.010983171944734683,0.10082935323969691,0.010983171944734683,0.010983171944734683,-0.08984618129496223,0.776339665485163
4.868,400,0.7,0.01314565220402857,2.90974707659417e-18,0.013145652204028574,0.010829160514752882,0.10094616377936626,0.010829160514752882,0.010829160514752882,-0.09011700326461337,0.778902952224764
4.872,400,0.7,0.013970135978467016,2.777221322212264e-18,0.013970135978467019,0.01067708343038817,0.1010627019260799,0.01067708343038817,0.01067708343038817,-0.09038561849569172,0.7814488281102082
4.876,400,0.7,0.014834915684470517,2.651133939425551e-18,0.01483491568447052,0.010526929272024753,0.1011788605593712,0.010526929272024749,0.010526929272024753,-0.09065193128734644,0.7839771606137103
4.88,400,0.7,0.015741186285955413,2.531060852726927e-18,0.015741186285955416,0.010378686678093081,0.10129473287415193,0.010378686678093078,0.010378686678093081,-0.09091604619605885,0.7864878175516062
4.884,400,0.7,0.016690130238903277,2.4167479237892893e-18,0.01669013023890328,0.01023234434482354,0.10141027217655665,0.01023234434482354,0.01023234434482354,-0.09117792783173312,0.788980667104977
4.888,400,0.7,0.017682914105135294,2.3078975395839397e-18,0.017682914105135297,0.01008789102600922,0.10152548679956717,0.010087891026009219,0.01008789102600922,-0.09143759577355795,0.7914555778403006
4.892,400,0.7,0.01872068506769042,2.2042229176014463e-18,0.018720685067690424,0.009945315532765016,0.10164039161357322,0.009945315532765016,0.009945315532765016,-0.09169507608080821,0.7939124187301567
4.896,400,0.7,0.019804567356445726,2.105475418871208e-18,0.01980456735644573,0.009804606733287423,0.10175497595015974,0.009804606733287423,0.009804606733287423,-0.09195036921687232,0.7963510591739325
4.9,400,0.7,0.020935658593328164,2.0114074157056788e-18,0.020935658593328167,0.009665753552614566,0.10186924247508378,0.009665753552614566,0.009665753552614566,-0.09220348892246921,0.7987713690185732
4.904,400,0.7,0.022115026067114716,1.9217933315706214e-18,0.02211502606711472,0.00952874497238779,0.10198318224231274,0.00952874497238779,0.00952874497238779,-0.09245443726992496,0.8011732185793281
4.908,400,0.7,0.023343702948486048,1.8363999541370037e-18,0.02334370294848605,0.009393570030611786,0.10209681141368573,0.009393570030611786,0.009393570030611786,-0.09270324138307395,0.8035564786605254
4.912,400,0.7,0.024622684456550577,1.7550288711038266e-18,0.02462268445655058,0.009260217821416469,0.10221011591584724,0.009260217821416467,0.009260217821416469,-0.09294989809443077,0.8059210205763289
4.916,400,0.7,0.025952923988683395,1.6774403369971328e-18,0.025952923988683395,0.009128677494816592,0.10232315662820081,0.009128677494816592,0.009128677494816592,-0.09319447913338422,0.8082667161715236
4.92,400,0.7,0.027335329225929426,1.603505706862005e-18,0.027335329225929426,0.008998938256477563,0.10243584843686163,0.008998938256477563,0.008998938256477563,-0.09343691018038407,0.8105934378422609
4.924,400,0.7,0.028770758226912066,1.5329840225413594e-18,0.028770758226912066,0.008870989367474335,0.10254828874101227,0.008870989367474335,0.008870989367474335,-0.09367729937353793,0.812901058556823
4.928,400,0.7,0.030260015523393295,1.4658128924113712e-18,0.030260015523393295,0.008744820144054049,0.10266030427486021,0.008744820144054049,0.008744820144054049,-0.09391548413080616,0.8151894518763426
4.932,400,0.7,0.03180384823111226,1.4017233930476374e-18,0.03180384823111226,0.008620419957401416,0.10277207299822687,0.008620419957401416,0.008620419957401416,-0.09415165304082546,0.8174584919755217
4.936,400,0.7,0.03340294218993374,1.340602607904044e-18,0.03340294218993374,0.008497778233400404,0.10288353113406748,0.008497778233400404,0.008497778233400404,-0.09438575290066707,0.8197080536633058
4.94,400,0.7,0.03505791814748077,1.2823390321736024e-18,0.03505791814748077,0.008376884452397149,0.10299461473670736,0.008376884452397149,0.008376884452397149,-0.09461773028431021,0.821938012403528
4.944,400,0.7,0.03676932800065119,1.2267078377596418e-18,0.03676932800065119,0.008257728148966349,0.10310549411888079,0.008257728148966349,0.008257728148966349,-0.09484776596991444,0.8241482443355169
4.948,400,0.7,0.03853765110969761,1.1736749710673571e-18,0.03853765110969761,0.008140298911674015,0.10321597961702235,0.008140298911674015,0.008140298911674015,-0.09507568070534833,0.8263386262946498
4.952,400,0.7,0.040363290699453644,1.123080328151792e-18,0.040363290699453644,0.008024586382843066,0.1033261411768217,0.008024586382843066,0.008024586382843066,-0.09530155479397864,0.828509035832858
4.956,400,0.7,0.0422465703624309,1.074792684783735e-18,0.0422465703624309,0.007910580258318794,0.10343600970568845,0.007910580258318794,0.007910580258318794,-0.09552542944736965,0.8306593512390816
4.96,400,0.7,0.04418773067841857,1.028704011649324e-18,0.04418773067841857,0.00779827028723464,0.10354557976254605,0.00779827028723464,0.00779827028723464,-0.09574730947531142,0.8327894515596408
4.964,400,0.7,0.04618692596511668,9.847182708746591e-19,0.04618692596511668,0.007687646271777688,0.10365482843007703,0.007687646271777688,0.007687646271777688,-0.09596718215829934,0.8348992166185701
4.968,400,0.7,0.04824422117408843,9.427099382249401e-19,0.04824422117408843,0.007578698066956565,0.10376382078057443,0.007578698066956565,0.007578698066956565,-0.09618512271361787,0.8369885270378344
4.972,400,0.7,0.0503595889461608,9.02622759303591e-19,0.0503595889461608,0.007471415580368668,0.10387245562632243,0.007471415580368668,0.007471415580368668,-0.09640104004595376,0.8390572642575103
4.976,400,0.7,0.0525329068400624,8.643570226862314e-19,0.0525329068400624,0.0073657887719653856,0.10398075262180352,0.0073657887719653856,0.0073657887719653856,-0.09661496384983814,0.8411053105558484
4.98,400,0.7,0.054763954747490295,8.277737034976345e-19,0.054763954747490295,0.007261807653823826,0.10408886785199714,0.007261807653823826,0.007261807653823826,-0.09682706019817332,0.8431325490692521
4.984,400,0.7,0.05705241250775127,7.928738304752883e-19,0.05705241250775127,0.007159462289912865,0.10419655711991245,0.007159462289912865,0.007159462289912865,-0.09703709482999959,0.845138863812164
4.988,400,0.7,0.05939785773418217,7.595139149092893e-19,0.05939785773418217,0.007058742795862517,0.104304020774656,0.007058742795862517,0.007058742795862517,-0.09724527797879348,0.8471241396968495
4.992,400,0.7,0.061799763864169334,7.276436831499568e-19,0.061799763864169334,0.006959639338734815,0.1044111886767969,0.006959639338734815,0.006959639338734815,-0.09745154933806208,0.8490882625530602
4.996,400,0.7,0.06425749844400276,6.972123794814148e-19,0.06425749844400276,0.006862142136792303,0.10451799220847321,0.006862142136792303,0.006862142136792303,-0.09765585007168091,0.8510311191475889
5.0,400,0.7,0.06677032165885759,6.681188443137559e-19,0.06677032165885759,0.006766241459270236,0.104624552211283,0.006766241459270236,0.006766241459270236,-0.09785831075201276,0.8529525972037114
5.0040000000000004,400,0.7,0.06933738511773696,6.4030856352798565e-19,0.06933738511773696,0.006671927626145757,0.10473084190549084,0.006671927626145757,0.006671927626145757,-0.09805891427934509,0.8548525854204911
5.008,400,0.7,0.07195773090203449,6.137451937889465e-19,0.07195773090203449,0.006579191007911746,0.10483676776172667,0.006579191007911746,0.006579191007911746,-0.09825757675381491,0.8567309734919489
5.0120000000000005,400,0.7,0.07463029088592824,5.88340241658603e-19,0.07463029088592824,0.0064880220253467555,0.10494245382512171,0.0064880220253467555,0.0064880220253467555,-0.09845443179977495,0.8585876521261173
5.016,400,0.7,0.07735388633542917,5.64068902044763e-19,0.07735388633542917,0.006398411149290303,0.10504777635523155,0.006398411149290303,0.006398411149290303,-0.09864936520594124,0.8604225130639279
5.0200000000000005,400,0.7,0.08012722779249118,5.408332997779073e-19,0.08012722779249118,0.006310348900413444,0.10515293963752188,0.006310348900413444,0.006310348900413444,-0.09884259073710844,0.8622354490979578
5.024,400,0.7,0.0829489152490247,5.186506813691681e-19,0.0829489152490247,0.006223825848994652,0.105257640893155,0.006223825848994652,0.006223825848994652,-0.09903381504416034,0.8640263540910329
5.0280000000000005,400,0.7,0.0858174386151503,4.974326355258809e-19,0.0858174386151503,0.006138832614693308,0.10536206702855665,0.006138832614693308,0.006138832614693308,-0.09922323441386334,0.8657951229946567
5.032,400,0.7,0.08873117848464149,4.771173324767715e-19,0.08873117848464149,0.00605535986632462,0.10546631128049898,0.00605535986632462,0.00605535986632462,-0.09941095141417436,0.8675416518672796
5.0360000000000005,400,0.7,0.09168840719954006,4.57710977912696e-19,0.09168840719954006,0.005973398321635939,0.10557012255137659,0.005973398321635939,0.005973398321635939,-0.09959672422974064,0.8692658378924081
5.04,400,0.7,0.0946872902149417,4.391441028254677e-19,0.0946872902149417,0.005892938747081685,0.10567364835303256,0.005892938747081685,0.005892938747081685,-0.09978070960595087,0.8709675793965235
5.0440000000000005,400,0.7,0.09772588776361198,4.213761654557493e-19,0.09772588776361198,0.00581397195760086,0.10577690253371187,0.00581397195760086,0.00581397195760086,-0.09996293057611101,0.8726467758668305
5.048,400,0.7,0.10080215681920124,4.043555877082943e-19,0.10080215681920124,0.005736488816394741,0.10587998073609846,0.005736488816394741,0.005736488816394741,-0.10014349191970372,0.8743033279688143
5.0520000000000005,400,0.7,0.10391395335569725,3.8808161898699403e-19,0.10391395335569725,0.00566048023470343,0.10598267819289992,0.00566048023470343,0.00566048023470343,-0.10032219795819648,0.875937137563608
5.056,400,0.7,0.10705903489943298,3.7251452745114178e-19,0.10705903489943298,0.005585937171585244,0.10608502728986746,0.005585937171585244,0.005585937171585244,-0.10049909011828222,0.8775481077251717
5.0600000000000005,400,0.7,0.11023506336912522,3.575949816975704e-19,0.11023506336912522,0.005512850633696251,0.10618721485739567,0.005512850633696251,0.005512850633696251,-0.10067436422369942,0.8791361427572576
5.064,400,0.7,0.1134396081983033,3.433240084418527e-19,0.1134396081983033,0.005441211675068554,0.1062890308014158,0.005441211675068554,0.005441211675068554,-0.10084781912634724,0.8807011482101774
5.0680000000000005,400,0.7,0.11667014973316063,3.296687608813996e-19,0.11667014973316063,0.00537101139689193,0.10639049639354649,0.00537101139689193,0.00537101139689193,-0.10101948499665456,0.8822430308973566
5.072,400,0.7,0.11992408289820068,3.165713622795965e-19,0.11992408289820068,0.005302240947294509,0.10649184565867183,0.005302240947294509,0.005302240947294509,-0.10118960471137732,0.8837616989116791
5.0760000000000005,400,0.7,0.1231987211208088,3.040448549518914e-19,0.1231987211208088,0.005234891521123778,0.10659277928292299,0.005234891521123778,0.005234891521123778,-0.10135788776179921,0.8852570616415932
5.08,400,0.7,0.12649130050489893,2.9203728677131376e-19,0.12649130050489893,0.005168954359729094,0.10669351366084152,0.005168954359729094,0.005168954359729094,-0.10152455930111243,0.8867290297870156
5.0840000000000005,400,0.7,0.12979898424292774,2.8055059518519733e-19,0.12979898424292774,0.005104420750745059,0.10679383217296508,0.005104420750745059,0.005104420750745059,-0.10168941142222002,0.8881775153749903
5.088,400,0.7,0.13311886725476083,2.6952530945218395e-19,0.13311886725476083,0.005041282027873656,0.10689406163577841,0.005041282027873656,0.005041282027873656,-0.10185277960790476,0.889602431775115
5.0920000000000005,400,0.7,0.1364479810406634,2.5897666734178826e-19,0.1364479810406634,0.004979529570670121,0.10699387245679245,0.004979529570670121,0.004979529570670121,-0.10201434288612234,0.8910036937147331
5.096,400,0.7,0.1397832987354674,2.4886816168359315e-19,0.1397832987354674,0.004919154804326307,0.10709340916944957,0.004919154804326307,0.004919154804326307,-0.10217425436512326,0.8923812172938768
5.1000000000000005,400,0.7,0.14312174034963124,2.3917127104271464e-19,0.14312174034963124,0.004860149199456805,0.10719276760587017,0.004860149199456805,0.004860149199456805,-0.10233261840641336,0.8937349199999717
5.104,400,0.7,0.14646017818268386,2.298952918033901e-19,0.14646017818268386,0.0048025042718843084,0.10729165750159905,0.0048025042718843084,0.0048025042718843084,-0.10248915322971475,0.8950647207222656
5.1080000000000005,400,0.7,0.1497954423935473,2.209998185849207e-19,0.1497954423935473,0.004746211582427548,0.10739031268060063,0.004746211582427548,0.004746211582427548,-0.10264410109817308,0.8963705397660385
5.112,400,0.7,0.15312432671210097,2.1245779617624558e-19,0.15312432671210097,0.004691262736687525,0.10748885897616187,0.004691262736687525,0.004691262736687525,-0.10279759623947435,0.8976522988665115
5.1160000000000005,400,0.7,0.15644359427540055,2.0428648805585045e-19,0.15644359427540055,0.004637649384835768,0.10758690897749379,0.004637649384835768,0.004637649384835768,-0.10294925959265802,0.8989099212025278
5.12,400,0.7,0.15974998357175083,1.9643751059954064e-19,0.15974998357175083,0.0045853632214043465,0.10768485646089582,0.0045853632214043465,0.0045853632214043465,-0.10309949323949147,0.9001433314099333
5.124,400,0.7,0.16304021447578312,1.889116264649251e-19,0.16304021447578312,0.0045343959850726355,0.10778251908002216,0.0045343959850726355,0.0045343959850726355,-0.10324812309494953,0.9013524555947078
5.128,400,0.7,0.16631099435649727,1.8170016696424984e-19,0.16631099435649727,0.00448473945846015,0.10787982264643149,0.00448473945846015,0.00448473945846015,-0.10339508318797135,0.9025372213458053
5.132,400,0.7,0.16955902424121197,1.7478652970948822e-19,0.16955902424121197,0.004436385467915572,0.10797680388445356,0.004436385467915572,0.004436385467915572,-0.103540418416538,0.9036975577477269
5.136,400,0.7,0.17278100501715932,1.681543578530799e-19,0.17278100501715932,0.004389325883308895,0.10807351149640634,0.004389325883308895,0.004389325883308895,-0.10368418561309745,0.9048333953927968
5.14,400,0.7,0.17597364365303786,1.617810792403313e-19,0.17597364365303786,0.004343552617823268,0.10817010723567654,0.004343552617823268,0.004343552617823268,-0.10382655461785327,0.9059446663931627
5.144,400,0.7,0.1791336594225178,1.5567415764060555e-19,0.1791336594225178,0.004299057627747954,0.10826630465785934,0.004299057627747954,0.004299057627747954,-0.10396724703011138,0.907031304392498
5.148,400,0.7,0.1822577901119154,1.4980749439858756e-19,0.1822577901119154,0.004255832912271429,0.1083623396342005,0.004255832912271429,0.004255832912271429,-0.10410650672192907,0.9080932445774161
5.152,400,0.7,0.18534279819421537,1.4417565475520588e-19,0.18534279819421537,0.0042138705132760326,0.10845813642997924,0.0042138705132760326,0.0042138705132760326,-0.10424426591670322,0.9091304236885802
5.156,400,0.7,0.18838547695199534,1.3877858191645511e-19,0.18838547695199534,0.004173162515133086,0.10855351806417092,0.004173162515133086,0.004173162515133086,-0.10438035554903784,0.9101427800315183
5.16,400,0.7,0.19138265653209882,1.3360045985050616e-19,0.19138265653209882,0.004133701044497116,0.10864858312445883,0.004133701044497116,0.004133701044497116,-0.10451488207996171,0.9111302534871407
5.164,400,0.7,0.19433120991477015,1.2862883183377552e-19,0.19433120991477015,0.004095478270103986,0.10874338992106425,0.004095478270103986,0.004095478270103986,-0.10464791165096027,0.9120927855219355
5.168,400,0.7,0.19722805878120364,1.238514220901423e-19,0.19722805878120364,0.004058486402566353,0.10883801078661667,0.004058486402566353,0.004058486402566353,-0.10477952438405032,0.9130303191978669
5.172,400,0.7,0.20007017926301227,1.1926658813540577e-19,0.20007017926301227,0.004022717694171883,0.10893231432229927,0.004022717694171883,0.004022717694171883,-0.10490959662812739,0.9139427991819664
5.176,400,0.7,0.20285460755818616,1.1486757557771703e-19,0.20285460755818616,0.003988164438682118,0.10902626751182998,0.003988164438682118,0.003988164438682118,-0.10503810307314786,0.914830171755595
5.18,400,0.7,0.20557844539861742,1.1064345230945573e-19,0.20557844539861742,0.0039548189711308265,0.10911993515729769,0.0039548189711308265,0.0039548189711308265,-0.10516511618616686,0.9156923848233938
5.184,400,0.7,0.20823886535463418,1.0658398249403103e-19,0.20823886535463418,0.003922673667623656,0.10921338427615704,0.003922673667623656,0.003922673667623656,-0.10529071060853339,0.9165293879219297
5.188,400,0.7,0.21083311596271692,1.0268630960402964e-19,0.21083311596271692,0.003891720945139948,0.10930652037389564,0.003891720945139948,0.003891720945139948,-0.10541479942875569,0.9173411322279972
5.192,400,0.7,0.21335852666372113,9.893948213488408e-20,0.21335852666372113,0.0038619532613321317,0.10939944645305516,0.0038619532613321317,0.0038619532613321317,-0.10553749319172302,0.9181275705666133
5.196,400,0.7,0.21581251253879843,9.53369203227333e-20,0.21581251253879843,0.003833363114328751,0.10949217451417027,0.003833363114328751,0.003833363114328751,-0.10565881139984153,0.9188886574186781
5.2,400,0.7,0.21819257883175253,9.187177146419625e-20,0.21819257883175253,0.0038059430425377797,0.1095847328412129,0.0038059430425377797,0.0038059430425377797,-0.10577878979867511,0.9196243489283086
5.204,400,0.7,0.22049632524732352,8.854873261973683e-20,0.22049632524732352,0.0037796856244478156,0.10967683475335818,0.0037796856244478156,0.0037796856244478156,-0.10589714912891036,0.920334602909852
5.208,400,0.7,0.22272145001490593,8.534980783457558e-20,0.22272145001490593,0.0037545834784342047,0.10976882188783967,0.0037545834784342047,0.0037545834784342047,-0.10601423840940546,0.9210193788545586
5.212,400,0.7,0.22486575370929288,8.227695131800883e-20,0.22486575370929288,0.0037306292625629727,0.10986048985326129,0.0037306292625629727,0.0037306292625629727,-0.10612986059069832,0.9216786379369125
5.216,400,0.7,0.22692714281998178,7.932371258773269e-20,0.22692714281998178,0.003707815674396352,0.10995187461281977,0.003707815674396352,0.003707815674396352,-0.10624405893842342,0.9223123430206581
5.22,400,0.7,0.22890363306185565,7.648157252157328e-20,0.22890363306185565,0.0036861354507992726,0.11004309280782537,0.0036861354507992726,0.0036861354507992726,-0.1063569573570261,0.9229204586644544
5.224,400,0.7,0.23079335242098253,7.374449065436079e-20,0.23079335242098253,0.003665581367746047,0.11013420165859289,0.003665581367746047,0.003665581367746047,-0.10646862029084685,0.9235029511272248
5.228,400,0.7,0.23259454393005793,7.112110874118146e-20,0.23259454393005793,0.0036461462401280063,0.1102247569301667,0.0036461462401280063,0.0036461462401280063,-0.1065786106900387,0.9240597883731482
5.232,400,0.7,0.23430556816898881,6.859505765188548e-20,0.23430556816898881,0.003627822921562285,0.11031516616657358,0.003627822921562285,0.003627822921562285,-0.10668734324501129,0.9245909400763082
5.236,400,0.7,0.23592490548715575,6.615957098954308e-20,0.23592490548715575,0.003610604304200713,0.11040554346654784,0.003610604304200713,0.003610604304200713,-0.10679493916234713,0.9250963776250292
5.24,400,0.7,0.2374511579446543,6.38235967187638e-20,0.2374511579446543,0.0035944833185395215,0.11049540994094366,0.0035944833185395215,0.0035944833185395215,-0.10690092662240414,0.9255760741258303
5.244,400,0.7,0.23888305097074708,6.157831165232502e-20,0.23888305097074708,0.003579452933230321,0.11058494306974403,0.003579452933230321,0.003579452933230321,-0.10700549013651371,0.9260300044070812
5.248,400,0.7,0.24021943473884896,5.941658931723556e-20,0.24021943473884896,0.003565506154890878,0.11067428371015804,0.003565506154890878,0.003565506154890878,-0.10710877755526717,0.9264581450222804
5.252,400,0.7,0.2414592852579091,5.734304589241666e-20,0.2414592852579091,0.0035526360279178482,0.11076308843494187,0.0035526360279178482,0.0035526360279178482,-0.10721045240702402,0.9268604742530079
5.256,400,0.7,0.24260170518141555,5.53357092374907e-20,0.24260170518141555,0.003540835634298534,0.11085217129020349,0.003540835634298534,0.003540835634298534,-0.10731133565590495,0.9272369721115357
5.26,400,0.7,0.24364592433543042,5.3419379529170426e-20,0.24364592433543042,0.0035300980934256636,0.11094028340053588,0.0035300980934256636,0.0035300980934256636,-0.10741018530711022,0.9275876203430863
5.264,400,0.7,0.24459129996873946,5.1565207148786145e-20,0.24459129996873946,0.0035204165619104315,0.11102859946969693,0.0035204165619104315,0.0035204165619104315,-0.10750818290778649,0.9279124024277519
5.268,400,0.7,0.2454373167281265,4.977798510365162e-20,0.2454373167281265,0.0035117842333980773,0.11111678533194037,0.0035117842333980773,0.0035117842333980773,-0.10760500109854229,0.9282113035820758
5.272,400,0.7,0.24618358636321216,4.805995111323006e-20,0.24618358636321216,0.0035041943383835165,0.11120459434942505,0.0035041943383835165,0.0035041943383835165,-0.10770040001104153,0.9284843107602768
5.276,400,0.7,0.24682984716575682,4.6412787592006726e-20,0.24682984716575682,0.0034976401440274412,0.11129177984239165,0.0034976401440274412,0.0034976401440274412,-0.10779413969836421,0.9287314126551417
5.28,400,0.7,0.24737596314898266,4.481908999618248e-20,0.24737596314898266,0.0034921149539738575,0.1113791319705736,0.0034921149539738575,0.0034921149539738575,-0.10788701701659974,0.9289525996985759
5.284,400,0.7,0.24782192297335304,4.32813839624158e-20,0.24782192297335304,0.003487612108167871,0.11146641085474382,0.003487612108167871,0.003487612108167871,-0.10797879874657595,0.9291478640617962
5.288,400,0.7,0.2481678386257716,4.180135463114187e-20,0.2481678386257716,0.003484124982673708,0.11155339551606444,0.003484124982673708,0.003484124982673708,-0.10806927053339073,0.9293171996551992
5.292,400,0.7,0.2484139438595645,4.0377536160819664e-20,0.2484139438595645,0.0034816469894949163,0.11164003339544067,0.0034816469894949163,0.0034816469894949163,-0.10815838640594574,0.929460602127885
5.296,400,0.7,0.24856059240363892,3.901465686813477e-20,0.24856059240363892,0.00348017157639394,0.11172587390053806,0.00348017157639394,0.00348017157639394,-0.10824570232414413,0.9295780688668246
5.3,400,0.7,0.24860825594926397,3.7695346969385305e-20,0.24860825594926397,0.003479692226712952,0.11181187572150227,0.003479692226712952,0.003479692226712952,-0.10833218349478932,0.9296695989957123
5.304,400,0.7,0.24855752192365183,3.642156351798123e-20,0.24855752192365183,0.003480202459195217,0.11189781487323575,0.003480202459195217,0.003480202459195217,-0.10841761241404053,0.9297351933734556
5.308,400,0.7,0.24840909105981515,3.519475561558619e-20,0.24840909105981515,0.003481695827807639,0.1119834746739108,0.003481695827807639,0.003481695827807639,-0.10850177884610317,0.9297748545923537
5.312,400,0.7,0.24816377477270546,3.401136492551632e-20,0.24816377477270546,0.0034841659215637216,0.1120689805539922,0.0034841659215637216,0.0034841659215637216,-0.10858481463242847,0.9297885869758992
5.316,400,0.7,0.24782249235192533,3.287366501724731e-20,0.24782249235192533,0.0034876063643467497,0.11215403767760485,0.0034876063643467497,0.0034876063643467497,-0.1086664313132581,0.9297763965763014
5.32,400,0.7,0.24738626798141294,3.177621867998144e-20,0.24738626798141294,0.003492010814735013,0.1122389219577825,0.003492010814735013,0.003492010814735013,-0.10874691114304748,0.9297382911716132
5.324,400,0.7,0.24685622759719994,3.0717037963603285e-20,0.24685622759719994,0.003497372965826386,0.11232367367424965,0.003497372965826386,0.003497372965826386,-0.10882630070842327,0.9296742802625835
5.328,400,0.7,0.24623359559409128,2.969745419257861e-20,0.24623359559409128,0.0035036865450643207,0.11240806407040463,0.0035036865450643207,0.0035036865450643207,-0.10890437752534031,0.9295843750691324
5.332,400,0.7,0.24551969139257315,2.871397056417938e-20,0.24551969139257315,0.003510945314064438,0.11249225792327065,0.003510945314064438,0.003510945314064438,-0.10898131260920621,0.9294685885265233
5.336,400,0.7,0.2447159258772743,2.776749077546577e-20,0.2447159258772743,0.003519143068442046,0.11257605253255507,0.003519143068442046,0.003519143068442046,-0.10905690946411302,0.929326935281217
5.34,400,0.7,0.2438237977184906,2.6853555495823846e-20,0.2438237977184906,0.003528273637639927,0.11265972179996465,0.003528273637639927,0.003528273637639927,-0.10913144816232473,0.9291594316863615
5.344,400,0.7,0.24284488958818354,2.5973104491792894e-20,0.24284488958818354,0.00353833088475728,0.11274306348220466,0.00353833088475728,0.00353833088475728,-0.10920473259744738,0.928966095797
5.348,400,0.7,0.24178086428200096,2.5123399939549417e-20,0.24178086428200096,0.0035493087063793987,0.11282621818130416,0.0035493087063793987,0.0035493087063793987,-0.10927690947492476,0.9287469473649332
5.352,400,0.7,0.24063346075887718,2.4302087337899303e-20,0.24063346075887718,0.003561201032407273,0.11290931176884639,0.003561201032407273,0.003561201032407273,-0.10934811073643912,0.92850200783328
5.356,400,0.7,0.2394044901094155,2.3510695815066698e-20,0.2394044901094155,0.0035740018258893064,0.11299207873550865,0.0035740018258893064,0.0035740018258893064,-0.10941807690961934,0.9282313003306988
5.36,400,0.7,0.23809583146462376,2.2748300466240425e-20,0.23809583146462376,0.0035877050828525205,0.11307449128762295,0.0035877050828525205,0.0035877050828525205,-0.10948678620477043,0.9279348496653225
5.364,400,0.7,0.23670942785601304,2.201375587219495e-20,0.23670942785601304,0.003602304832135003,0.11315654856999151,0.003602304832135003,0.003602304832135003,-0.10955424373785651,0.927612682318358
5.368,400,0.7,0.23524728203813866,2.1305497030851952e-20,0.23524728203813866,0.0036177951352189576,0.11323830459222448,0.0036177951352189576,0.0036177951352189576,-0.10962050945700552,0.9272648264373996
5.372,400,0.7,0.2337114522843494,2.0626409010856266e-20,0.2337114522843494,0.003634170086064927,0.11331928676827437,0.003634170086064927,0.003634170086064927,-0.10968511668220944,0.9268913118294045
5.376,400,0.7,0.23210404816647612,1.9958961962773628e-20,0.23210404816647612,0.0036514238109457307,0.11340152172304264,0.0036514238109457307,0.0036514238109457307,-0.10975009791209692,0.9264921699534051
5.38,400,0.7,0.23042722632859164,1.9319962937081796e-20,0.23042722632859164,0.003669550468282371,0.11348287010615733,0.003669550468282371,0.003669550468282371,-0.10981331963787497,0.926067433912888
5.384,400,0.7,0.2286831862651559,1.8705584073412383e-20,0.2286831862651559,0.0036885442484792257,0.11356366215009776,0.0036885442484792257,0.0036885442484792257,-0.10987511790161854,0.925617138447891
5.388,400,0.7,0.22687416611303068,1.8111950758640585e-20,0.22687416611303068,0.003708399373761569,0.11364428742393129,0.003708399373761569,0.003708399373761569,-0.10993588805016972,0.9251413199268026
5.392,400,0.7,0.22500243846706963,1.7537249132392324e-20,0.22500243846706963,0.0037291100980125576,0.11372489953046941,0.0037291100980125576,0.0037291100980125576,-0.10999578943245684,0.9246400163378665
5.396,400,0.7,0.2230703062282638,1.6985569670524368e-20,0.2230703062282638,0.003750670706610989,0.11380480703050055,0.003750670706610989,0.003750670706610989,-0.11005413632388956,0.9241132672804113
5.4,400,0.7,0.22108009849306656,1.644792289353168e-20,0.22108009849306656,0.0037730755162711494,0.11388521937876613,0.0037730755162711494,0.0037730755162711494,-0.11011214386249497,0.9235611139557662
5.404,400,0.7,0.21903416649261148,1.5927915179852322e-20,0.21903416649261148,0.003796318874880897,0.11396553427837494,0.003796318874880897,0.003796318874880897,-0.11016921540349404,0.9229835991579373
5.408,400,0.7,0.21693487958931143,1.5428284150411767e-20,0.21693487958931143,0.0038203951613434567,0.1140452112371503,0.0038203951613434567,0.0038203951613434567,-0.11022481607580685,0.9223807672639689
5.412,400,0.7,0.21478462133892712,1.4943571661532423e-20,0.21478462133892712,0.003845298785417204,0.1141250143367632,0.003845298785417204,0.003845298785417204,-0.110279715551346,0.9217526642240464
5.416,400,0.7,0.21258578562488278,1.447949621712734e-20,0.21258578562488278,0.0038710241875578185,0.11420388339539372,0.0038710241875578185,0.0038710241875578185,-0.1103328592078359,0.9210993375513274
5.42,400,0.7,0.21034077287178266,1.4031402916360344e-20,0.21034077287178266,0.0038975658387605,0.11428247267430286,0.0038975658387605,0.0038975658387605,-0.11038490683554236,0.9204208363115091
5.424,400,0.7,0.20805198634436248,1.3598353514387494e-20,0.20805198634436248,0.003924918240403271,0.11436084558145124,0.003924918240403271,0.003924918240403271,-0.11043592734104797,0.9197172111121195
5.428,400,0.7,0.2057218285378446,1.3173528157496295e-20,0.2057218285378446,0.0039530759240904816,0.11444019394872285,0.0039530759240904816,0.0039530759240904816,-0.11048711802463236,0.9189885140915603
5.432,400,0.7,0.20335269766511072,1.2768059214197083e-20,0.20335269766511072,0.003982033451497054,0.11451835068618714,0.003982033451497054,0.003982033451497054,-0.11053631723469008,0.9182347989078956
5.436,400,0.7,0.20094698424564497,1.2375676534420156e-20,0.20094698424564497,0.00401178541421439,0.11459638494116607,0.00401178541421439,0.00401178541421439,-0.11058459952695168,0.9174561207273765
5.44,400,0.7,0.1985070678010564,1.199643775175242e-20,0.1985070678010564,0.004042326433595276,0.11467419300294367,0.004042326433595276,0.004042326433595276,-0.1106318665693484,0.9166525362127246
5.444,400,0.7,0.1960353136610602,1.1628846336463657e-20,0.1960353136610602,0.004073651160601239,0.11475199547118345,0.004073651160601239,0.004073651160601239,-0.11067834431058221,0.9158241035111834
5.448,400,0.7,0.19353406988386046,1.127175903369642e-20,0.19353406988386046,0.004105754275649739,0.11482996638982332,0.004105754275649739,0.004105754275649739,-0.11072421211417358,0.9149708822422999
5.452,400,0.7,0.1910056642942457,1.0933857299641783e-20,0.1910056642942457,0.004138630488461055,0.11490605700888387,0.004138630488461055,0.004138630488461055,-0.11076742652042282,0.9140929334855113
5.456,400,0.7,0.1884524016420275,1.060274915129783e-20,0.1884524016420275,0.004172274537908165,0.1149829340787183,0.004172274537908165,0.004172274537908165,-0.11081065954081014,0.9131903197674541
5.46,400,0.7,0.18587656088359641,1.0281030038299975e-20,0.18587656088359641,0.004206681191865773,0.1150599662489731,0.004206681191865773,0.004206681191865773,-0.11085328505710733,0.9122631050490938
5.464,400,0.7,0.1832803925885364,9.972968524465986e-21,0.1832803925885364,0.004241845247060106,0.11513602166883753,0.004241845247060106,0.004241845247060106,-0.11089417642177743,0.9113113547125857
5.468,400,0.7,0.18066611647299735,9.669708001816374e-21,0.18066611647299735,0.004277761528919127,0.11521322210040452,0.004277761528919127,0.004277761528919127,-0.1109354605714854,0.9103351355479642
5.472,400,0.7,0.17803591906097718,9.380947156893085e-21,0.17803591906097718,0.004314424891425039,0.11528901554684992,0.004314424891425039,0.004314424891425039,-0.11097459065542488,0.909334515739568
5.476,400,0.7,0.17539195147470824,9.101903537285031e-21,0.17539195147470824,0.004351830216965289,0.11536450845326447,0.004351830216965289,0.004351830216965289,-0.11101267823629918,0.9083095648523
5.48,400,0.7,0.17273632735441793,8.828553077704663e-21,0.17273632735441793,0.004389972416185896,0.11544073954011483,0.004389972416185896,0.004389972416185896,-0.11105076712392893,0.9072603538176509
5.484,400,0.7,0.17007112090781198,8.566532378119369e-21,0.17007112090781198,0.004428846427845135,0.11551605981367669,0.004428846427845135,0.004428846427845135,-0.11108721338583155,0.9061869549195515
5.488,400,0.7,0.16739836508921851,8.311159862779282e-21,0.16739836508921851,0.004468447218666446,0.1155917194485138,0.004468447218666446,0.004468447218666446,-0.11112327222984736,0.9050894417799894
5.492,400,0.7,0.16472004990767888,8.067125503133451e-21,0.16472004990767888,0.0045087697831942795,0.11566622432361083,0.0045087697831942795,0.0045087697831942795,-0.11115745454041655,0.903967889344477
5.496,400,0.7,0.162038120863438,7.83138440658118e-21,0.162038120863438,0.004549809143649759,0.11574036912627113,0.004549809143649759,0.004549809143649759,-0.11119055998262137,0.9028223738672995
5.5,400,0.7,0.1593544775118392,7.602056611689591e-21,0.1593544775118392,0.0045915603497849854,0.11581467033847208,0.0045915603497849854,0.0045915603497849854,-0.11122310998868709,0.9016529728966054
5.5040000000000004,400,0.7,0.156670972152837,7.377753910483668e-21,0.156670972152837,0.0046340184787428546,0.11588954427189707,0.0046340184787428546,0.0046340184787428546,-0.11125552579315422,0.9004597652593006
5.508,400,0.7,0.15398940864525157,7.16250751793716e-21,0.15398940864525157,0.004677178634911131,0.1159635670530248,0.004677178634911131,0.004677178634911131,-0.11128638841811367,0.8992428310457768
5.5120000000000005,400,0.7,0.1513115413431282,6.954537214919008e-21,0.1513115413431282,0.004721035949782903,0.11603723167406108,0.004721035949782903,0.004721035949782903,-0.11131619572427817,0.8980022515944872
5.516,400,0.7,0.1486390741526565,6.753398677271272e-21,0.1486390741526565,0.004765585581814984,0.1161106026674103,0.004765585581814984,0.004765585581814984,-0.11134501708559531,0.8967381094763238
5.5200000000000005,400,0.7,0.14597365970719708,6.556526468341262e-21,0.14597365970719708,0.004810822716286452,0.11618456497982946,0.004810822716286452,0.004810822716286452,-0.111373742263543,0.8954504884788739
5.524,400,0.7,0.14331689865778496,6.3684413105956216e-21,0.14331689865778496,0.004856742565159352,0.11625733051361775,0.004856742565159352,0.004856742565159352,-0.1114005879484584,0.8941394735905023
5.5280000000000005,400,0.7,0.1406703390765351,6.184992950349814e-21,0.1406703390765351,0.004903340366939655,0.1163304027170727,0.004903340366939655,0.004903340366939655,-0.11142706235013305,0.8928051509842891
5.532,400,0.7,0.1380354759700788,6.006835970952447e-21,0.1380354759700788,0.0049506113865384815,0.11640347200924245,0.0049506113865384815,0.0049506113865384815,-0.11145286062270397,0.891447608001824
5.5360000000000005,400,0.7,0.13541375089996902,5.834963471148371e-21,0.13541375089996902,0.004998550915134315,0.11647604736864058,0.004998550915134315,0.004998550915134315,-0.11147749645350626,0.8900669331368621
5.54,400,0.7,0.1328065517069371,5.6664556592906494e-21,0.1328065517069371,0.005047154270035358,0.11654930783693979,0.005047154270035358,0.005047154270035358,-0.11150215356690443,0.8886632160188523
5.5440000000000005,400,0.7,0.130215212335673,5.504731014360281e-21,0.130215212335673,0.005096416794542766,0.116621697614885,0.005096416794542766,0.005096416794542766,-0.11152528082034223,0.887236547396316
5.548,400,0.7,0.12764101275668108,5.3472707236649446e-21,0.12764101275668108,0.005146333857815709,0.11669425166811172,0.005146333857815709,0.005146333857815709,-0.11154791781029601,0.8857870191201324
5.5520000000000005,400,0.7,0.12508517898188176,5.197034324105355e-21,0.12508517898188176,0.00519690085473512,0.11676549703067657,0.00519690085473512,0.00519690085473512,-0.11156859617594145,0.8843147241266758
5.556,400,0.7,0.1225488831702061,5.048654443518984e-21,0.1225488831702061,0.005248113205769385,0.1168379129797972,0.005248113205769385,0.005248113205769385,-0.11158979977402782,0.882819756420857
5.5600000000000005,400,0.7,0.12003324381964069,4.90656917279116e-21,0.12003324381964069,0.00529996635683996,0.11690927999528865,0.00529996635683996,0.00529996635683996,-0.11160931363844868,0.8813022110590485
5.564,400,0.7,0.11753932604195777,4.769575693942114e-21,0.11753932604195777,0.00535245577918811,0.11698007401245808,0.00535245577918811,0.00535245577918811,-0.11162761823326997,0.879762184131906
5.5680000000000005,400,0.7,0.11506814191636562,4.634207159524336e-21,0.11506814191636562,0.0054055769692431775,0.11705205455901886,0.0054055769692431775,0.0054055769692431775,-0.11164647758977568,0.8781997727470824
5.572,400,0.7,0.11262065091849678,4.507694464787226e-21,0.11262065091849678,0.005459325448488174,0.11712125283804306,0.005459325448488174,0.005459325448488174,-0.11166192738955488,0.8766150750118722
5.5760000000000005,400,0.7,0.110197760420558,4.381539307276679e-21,0.110197760420558,0.005513696763330713,0.1171922171255242,0.005513696763330713,0.005513696763330713,-0.11167852036219349,0.8750081900157335
5.58,400,0.7,0.10780032625923223,4.2598327131877934e-21,0.10780032625923223,0.005568686484970825,0.1172626426564237,0.005568686484970825,0.005568686484970825,-0.11169395617145286,0.8733792178127421
5.5840000000000005,400,0.7,0.10542915336729043,4.143909793623123e-21,0.10542915336729043,0.005624290209270661,0.11733161804025699,0.005624290209270661,0.005624290209270661,-0.11170732783098633,0.8717282594039785
5.588,400,0.7,0.10308499646515275,4.028851297336862e-21,0.10308499646515275,0.005680503556625534,0.11740201413857264,0.005680503556625534,0.005680503556625534,-0.1117215105819471,0.8700554167198096
5.5920000000000005,400,0.7,0.100768560808683,3.917058542768577e-21,0.100768560808683,0.005737322171835072,0.11747236488121272,0.005737322171835072,0.005737322171835072,-0.11173504270937765,0.8683607926021236
5.596,400,0.7,0.09848050298951996,3.810812481253557e-21,0.09848050298951996,0.00579474172397333,0.11754111134199494,0.00579474172397333,0.00579474172397333,-0.1117463696180216,0.8666444907864908
5.6000000000000005,400,0.7,0.09622143178402112,3.706628746680445e-21,0.09622143178402112,0.005852757906263445,0.11761041045746268,0.005852757906263445,0.005852757906263445,-0.11175765255119924,0.8649066158842683
5.604,400,0.7,0.0939919090475081,3.6059518363025225e-21,0.0939919090475081,0.005911366435948473,0.11767925296181746,0.005911366435948473,0.005911366435948473,-0.11176788652586898,0.8631472733646434
5.6080000000000005,400,0.7,0.09179245064990911,3.5057074490712645e-21,0.09179245064990911,0.005970563054166072,0.11774973653198019,0.005970563054166072,0.005970563054166072,-0.11177917347781412,0.8613665695366303
5.612,400,0.7,0.08962352744947989,3.411273108670632e-21,0.08962352744947989,0.006030343525821638,0.11781800346401117,0.006030343525821638,0.006030343525821638,-0.11178765993818952,0.8595646115310192
5.6160000000000005,400,0.7,0.08748556630092877,3.3201224859175853e-21,0.08748556630092877,0.00609070363946553,0.11788571319319609,0.00609070363946553,0.00609070363946553,-0.11179500955373056,0.8577415072822876
5.62,400,0.7,0.08537895109492406,3.2299229741076697e-21,0.08537895109492406,0.00615163920716427,0.11795457165737558,0.00615163920716427,0.00615163920716427,-0.1118029324502113,0.8558973655104706
5.6240000000000006,400,0.7,0.08330402382516283,3.1410777914946914e-21,0.08330402382516283,0.00621314606437989,0.11802430241537795,0.00621314606437989,0.00621314606437989,-0.11181115635099806,0.8540322957029969
5.628,400,0.7,0.0812610856802104,3.05803321288544e-21,0.0812610856802104,0.006275220069845531,0.11809128746111064,0.006275220069845531,0.006275220069845531,-0.11181606739126511,0.8521464080965087
5.632,400,0.7,0.07925039815679316,2.9765724326243118e-21,0.07925039815679316,0.006337857105442215,0.11815878626182197,0.006337857105442215,0.006337857105442215,-0.11182092915637976,0.85023981365865
5.636,400,0.7,0.0772721841915008,2.8954849972463903e-21,0.0772721841915008,0.0064010530760770816,0.11822783581652024,0.0064010530760770816,0.0064010530760770816,-0.11182678274044316,0.8483126240698394
5.64,400,0.7,0.07532662930799597,2.8196831801288295e-21,0.07532662930799597,0.006464803909561794,0.11829415605427109,0.006464803909561794,0.006464803909561794,-0.1118293521447093,0.8463649517050289
5.644,400,0.7,0.07341388277689978,2.7442357812741303e-21,0.07341388277689978,0.006529105556490664,0.11836196080145613,0.006529105556490664,0.006529105556490664,-0.11183285524496546,0.8443969096154581
5.648,400,0.7,0.07153405878550774,2.67175362503255e-21,0.07153405878550774,0.006593953990121918,0.11842887976913051,0.006593953990121918,0.006593953990121918,-0.1118349257790086,0.8424086115104015
5.652,400,0.7,0.06968723761489286,2.600075631911433e-21,0.06968723761489286,0.00665934520625561,0.11849686604768475,0.00665934520625561,0.00665934520625561,-0.11183752084142914,0.8404001717389125
5.656,400,0.7,0.06787346682161997,2.53243814811491e-21,0.06787346682161997,0.006725275223116455,0.11856276104821069,0.006725275223116455,0.006725275223116455,-0.11183748582509423,0.8383717052715827
5.66,400,0.7,0.06609276242186664,2.4665811181526953e-21,0.06609276242186664,0.00679174008123406,0.11862863480941091,0.00679174008123406,0.00679174008123406,-0.11183689472817684,0.8363233276822993
5.664,400,0.7,0.06434511007550925,2.402941540146744e-21,0.06434511007550925,0.006858735843324815,0.11869398331069729,0.006858735843324815,0.006858735843324815,-0.11183524746737247,0.8342551551300247
5.668,400,0.7,0.06263046626797471,2.338636127535583e-21,0.06263046626797471,0.006926258594175304,0.11876179761227457,0.006926258594175304,0.006926258594175304,-0.11183553901809926,0.8321673043405884
5.672,400,0.7,0.060948759487835166,2.27888801364468e-21,0.060948759487835166,0.006994304440524305,0.11882649835548292,0.006994304440524305,0.006994304440524305,-0.11183219391495862,0.8300598925885094
5.676,400,0.7,0.059299891398058795,2.2191755438610002e-21,0.059299891398058795,0.007062869510947014,0.11889287800651836,0.007062869510947014,0.007062869510947014,-0.11183000849557134,0.8279330376788303
5.68,400,0.7,0.057683737999090524,2.162620763672848e-21,0.057683737999090524,0.007131949955739435,0.1189574153753433,0.007131949955739435,0.007131949955739435,-0.11182546541960386,0.8257868579290027
5.684,400,0.7,0.0561001507819997,2.106217646086303e-21,0.0561001507819997,0.007201541946802296,0.11902348299695746,0.007201541946802296,0.007201541946802296,-0.11182194105015517,0.8236214721507921
5.688,400,0.7,0.05454895786992959,2.0518412667035133e-21,0.05454895786992959,0.007271641677528726,0.11908887345991541,0.007271641677528726,0.007271641677528726,-0.11181723178238669,0.8214369996322296
5.692,400,0.7,0.05302996514648161,1.9996787677335504e-21,0.05302996514648161,0.007342245362687113,0.11915325100337099,0.007342245362687113,0.007342245362687113,-0.11181100564068387,0.8192335601196047
5.696,400,0.7,0.05154295736933539,1.947541701947179e-21,0.05154295736933539,0.007413349238309639,0.11921929760318715,0.007413349238309639,0.007413349238309639,-0.11180594836487752,0.817011273799503
5.7,400,0.7,0.050087699267908695,1.8981009927356273e-21,0.050087699267908695,0.007484949561579517,0.11928358261005208,0.007484949561579517,0.007484949561579517,-0.11179863304847257,0.8147702612809026
5.704,400,0.7,0.04866393662377775,1.8516743288270263e-21,0.04866393662377775,0.007557042610717708,0.11934549170119911,0.007557042610717708,0.007557042610717708,-0.1117884490904814,0.8125106435773202
5.708,400,0.7,0.04727139733265328,1.8032837304105087e-21,0.04727139733265328,0.007629624684871259,0.11941169413826211,0.007629624684871259,0.007629624684871259,-0.11178206945339085,0.8102325420890211
5.712,400,0.7,0.045909792446855065,1.7573741310095945e-21,0.045909792446855065,0.007702692104003241,0.11947616557234801,0.007702692104003241,0.007702692104003241,-0.11177347346834476,0.807936078585284
5.716,400,0.7,0.04457881719738481,1.7137230599450432e-21,0.04457881719738481,0.007776241208780563,0.11953904680262167,0.007776241208780563,0.007776241208780563,-0.11176280559384111,0.8056213751867449
5.72,400,0.7,0.04327815199462957,1.6698489944719961e-21,0.04327815199462957,0.007850268360464294,0.11960388438251629,0.007850268360464294,0.007850268360464294,-0.111753616022052,0.8032885543478037
5.724,400,0.7,0.042007463406916225,1.6278472990189172e-21,0.042007463406916225,0.007924769940802252,0.11966757121591305,0.007924769940802252,0.007924769940802252,-0.1117428012751108,0.8009377388391065
5.728,400,0.7,0.04076640511634742,1.588536276123373e-21,0.04076640511634742,0.007999742351915997,0.11972868485423069,0.007999742351915997,0.007999742351915997,-0.11172894250231469,0.7985690517301052
5.732,400,0.7,0.039554618851066696,1.5486960688299426e-21,0.039554618851066696,0.008075182016195446,0.11979218405476473,0.008075182016195446,0.008075182016195446,-0.11171700203856928,0.7961826163717062
5.736,400,0.7,0.038371735293581156,1.5100126781970922e-21,0.038371735293581156,0.008151085376191643,0.1198554222648159,0.008151085376191643,0.008151085376191643,-0.11170433688862424,0.7937785563789944
5.74,400,0.7,0.03721737496470806,1.4727318925624521e-21,0.03721737496470806,0.008227448894505045,0.11991791961628698,0.008227448894505045,0.008227448894505045,-0.11169047072178193,0.7913569956140555
5.744,400,0.7,0.036091149082519626,1.4363898720147513e-21,0.036091149082519626,0.008304269053684562,0.11998038505120123,0.008304269053684562,0.008304269053684562,-0.11167611599751667,0.7889180581688817
5.748,400,0.7,0.034992660396294215,1.400371965215976e-21,0.034992660396294215,0.008381542356116217,0.12004387265525737,0.008381542356116217,0.008381542356116217,-0.11166233029914116,0.7864618683483751
5.752,400,0.7,0.033921503994941274,1.3672397578006441e-21,0.033921503994941274,0.008459265323919739,0.12010373255188267,0.008459265323919739,0.008459265323919739,-0.11164446722796292,0.7839885506534617
5.756,400,0.7,0.03287726808984841,1.3328672795837894e-21,0.03287726808984841,0.008537434498844533,0.12016738620459698,0.008537434498844533,0.008537434498844533,-0.11162995170575245,0.7814982297642894
5.76,400,0.7,0.03185953477204923,1.3004557310456307e-21,0.03185953477204923,0.008616046442162975,0.12022893046874325,0.008616046442162975,0.008616046442162975,-0.11161288402658028,0.7789910305235398
5.764,400,0.7,0.030867880743570313,1.267963770404206e-21,0.030867880743570313,0.008695097734566476,0.12029218667376136,0.008695097734566476,0.008695097734566476,-0.11159708893919489,0.7764670779198579
5.768,400,0.7,0.029901878022962763,1.2370513013962204e-21,0.029901878022962763,0.008774584976063591,0.12035389096973578,0.008774584976063591,0.008774584976063591,-0.11157930599367219,0.7739264970713791
5.772,400,0.7,0.02896109462514022,1.2067669924531022e-21,0.02896109462514022,0.008854504785873785,0.12041585519061158,0.008854504785873785,0.008854504785873785,-0.1115613504047378,0.7713694132093712
5.776,400,0.7,0.028045095215478596,1.1772618447245664e-21,0.028045095215478596,0.008934853802327995,0.12047773920358452,0.008934853802327995,0.008934853802327995,-0.11154288540125654,0.7687959516620104
5.78,400,0.7,0.027153441738427264,1.1493200502711406e-21,0.027153441738427264,0.009015628682767418,0.12053779111499273,0.009015628682767418,0.009015628682767418,-0.1115221624322253,0.7662062378382613
5.784,400,0.7,0.02628569402085454,1.1215498660347409e-21,0.02628569402085454,0.009096826103436283,0.12059893853797402,0.009096826103436283,0.009096826103436283,-0.11150211243453773,0.7636003972118797
5.788,400,0.7,0.025441410350142277,1.0950199010890775e-21,0.025441410350142277,0.009178442759387761,0.1206587860381527,0.009178442759387761,0.009178442759387761,-0.11148034327876494,0.7609785553055605
5.792,400,0.7,0.024620148027567925,1.0682911266950203e-21,0.024620148027567925,0.00926047536437825,0.12072056664736149,0.00926047536437825,0.00926047536437825,-0.11146009128298323,0.7583408376751907
5.796,400,0.7,0.023821463897043395,1.0426780495315613e-21,0.023821463897043395,0.009342920650771153,0.12078123625462421,0.009342920650771153,0.009342920650771153,-0.11143831560385306,0.755687369894257
5.8,400,0.7,0.023044914849705896,1.0182205162612517e-21,0.023044914849705896,0.009425775369434819,0.12084057610263058,0.009425775369434819,0.009425775369434819,-0.11141480073319576,0.7530182775383559
5.804,400,0.7,0.02229005830461594,9.94819901998785e-22,0.02229005830461594,0.009509036289645098,0.12089870128524456,0.009509036289645098,0.009509036289645098,-0.11138966499559946,0.7503336861698872
5.808,400,0.7,0.021556452666018657,9.708885968883065e-22,0.021556452666018657,0.00959270019898604,0.12095957625109476,0.00959270019898604,0.00959270019898604,-0.11136687605210871,0.7476337213228366
5.812,400,0.7,0.020843657757541025,9.492015259464445e-22,0.020843657757541025,0.009676763903253376,0.12101605274920896,0.009676763903253376,0.009676763903253376,-0.11133928884595558,0.7449185084877357
5.816,400,0.7,0.02015123523381638,9.263602668825399e-22,0.02015123523381638,0.0097612242263549,0.1210769475394136,0.0097612242263549,0.0097612242263549,-0.1113157233130587,0.7421881730967536
5.82,400,0.7,0.019478748969935792,9.049340305649567e-22,0.019478748969935792,0.00984607801021471,0.12113545046304365,0.00984607801021471,0.00984607801021471,-0.11128937245282894,0.7394428405089215
5.824,400,0.7,0.018825765429232293,8.830798419234601e-22,0.018825765429232293,0.009931322114678504,0.12119656653534129,0.009931322114678504,0.009931322114678504,-0.11126524442066278,0.7366826359955434
5.828,400,0.7,0.01819185400994059,8.631112074762306e-22,0.01819185400994059,0.01001695341741362,0.12125374671893399,0.01001695341741362,0.01001695341741362,-0.11123679330152036,0.7339076847257091
5.832,400,0.7,0.017576587371133903,8.429482926894613e-22,0.017576587371133903,0.010102968813817694,0.12131284153249218,0.010102968813817694,0.010102968813817694,-0.11120987271867448,0.7311181117520021
5.836,400,0.7,0.01697954173857273,8.238895957571146e-22,0.01697954173857273,0.010189365216921549,0.12137001424164043,0.010189365216921549,0.010189365216921549,-0.11118064902471889,0.7283140419963285
5.84,400,0.7,0.016400297190931768,8.041349855058777e-22,0.016400297190931768,0.010276139557294742,0.12143068771087559,0.010276139557294742,0.010276139557294742,-0.11115454815358085,0.7254956002359358
5.844,400,0.7,0.01583843792696304,7.847228988543106e-22,0.01583843792696304,0.010363288782951842,0.12149177892870541,0.010363288782951842,0.010363288782951842,-0.11112849014575357,0.7226629110895596
5.848,400,0.7,0.015293552514140609,7.660148359205468e-22,0.015293552514140609,0.010450809859260073,0.12155210173565394,0.010450809859260073,0.010450809859260073,-0.11110129187639387,0.7198160990037551
5.852,400,0.7,0.014765234119366038,7.482323111902856e-22,0.014765234119366038,0.01053869976884424,0.12161082181410976,0.01053869976884424,0.01053869976884424,-0.11107212204526552,0.7169552882393722
5.856,400,0.7,0.01425308072224574,7.309680292645609e-22,0.01425308072224574,0.010626955511496507,0.12166918127169986,0.010626955511496507,0.010626955511496507,-0.11104222576020335,0.7140806028582134
5.86,400,0.7,0.013756695311560032,7.1431408299410425e-22,0.013756695311560032,0.010715574104081327,0.12172679868523273,0.010715574104081327,0.010715574104081327,-0.1110112245811514,0.7111921667098352
5.864,400,0.7,0.01327568606541285,6.988773050044635e-22,0.01327568606541285,0.01080455258044792,0.12178141758587896,0.01080455258044792,0.01080455258044792,-0.11097686500543104,0.70829010341854
5.868,400,0.7,0.012809666515710756,6.848721397544407e-22,0.012809666515710756,0.010893887991335206,0.12183202517077575,0.010893887991335206,0.010893887991335206,-0.11093813717944054,0.7053745363705258
5.872,400,0.7,0.012358255697455323,6.694895429884521e-22,0.012358255697455323,0.010983577404282458,0.12188881671495962,0.010983577404282458,0.010983577404282458,-0.11090523931067715,0.7024455887012019
5.876,400,0.7,0.011921078283424135,6.536656136200085e-22,0.011921078283424135,0.011073617903543477,0.12194861576328585,0.011073617903543477,0.011073617903543477,-0.11087499785974236,0.6995033832826869
5.88,400,0.7,0.01149776470487272,6.377623362386931e-22,0.01149776470487272,0.011164006589988092,0.12201019132911309,0.011164006589988092,0.011164006589988092,-0.110846184739125,0.6965480427114727
5.884,400,0.7,0.011087951258665938,6.229539697928115e-22,0.011087951258665938,0.011254740581019282,0.122068924001405,0.011254740581019282,0.011254740581019282,-0.11081418342038571,0.6935796892962708
5.888,400,0.7,0.010691280201483638,6.078200279367913e-22,0.010691280201483638,0.01134581701048661,0.12213040850098116,0.01134581701048661,0.01134581701048661,-0.11078459149049455,0.69059844504602
5.892,400,0.7,0.010307399831664342,5.956750587305924e-22,0.010307399831664342,0.011437233028588385,0.1221808672923534,0.011437233028588385,0.011437233028588385,-0.11074363426376502,0.687604431658095
5.896,400,0.7,0.009935964559086132,5.846842905950381e-22,0.009935964559086132,0.011528985801792622,0.12222742551124571,0.011528985801792622,0.011528985801792622,-0.11069843970945309,0.6845977705066733
5.9,400,0.7,0.009576634963732062,5.749387670664432e-22,0.009576634963732062,0.011621072512749367,0.12226944672197197,0.011621072512749367,0.011621072512749367,-0.1106483742092226,0.6815785826312805
5.904,400,0.7,0.009229077843434703,5.639878008133017e-22,0.009229077843434703,0.011713490360197167,0.12231752402589154,0.011713490360197167,0.011713490360197167,-0.11060403366569437,0.6785469887255395
5.908,400,0.7,0.0088929662512332,5.501064185550729e-22,0.0088929662512332,0.011806236558882304,0.12237982621016269,0.011806236558882304,0.011806236558882304,-0.11057358965128039,0.6755031091260674
5.912,400,0.7,0.008567979522918219,5.326993480928241e-22,0.008567979522918219,0.011899308339470997,0.1224602126042852,0.011899308339470997,0.011899308339470997,-0.11056090426481421,0.6724470638015949
5.916,400,0.7,0.00825380329520862,5.149232330009339e-22,0.00825380329520862,0.011992702948465234,0.12254506101109584,0.011992702948465234,0.011992702948465234,-0.11055235806263061,0.6693789723422258
5.92,400,0.7,0.007950129515069442,5.003838916723583e-22,0.007950129515069442,0.012086417648112233,0.1226166666117126,0.012086417648112233,0.012086417648112233,-0.11053024896360036,0.6662989539489179
5.924,400,0.7,0.007656656440566983,4.907978740982922e-22,0.007656656440566983,0.012180449716328208,0.12266502462633198,0.012180449716328208,0.012180449716328208,-0.11048457491000377,0.6632071274231229
5.928,400,0.7,0.007373088633809595,4.884574251885275e-22,0.007373088633809595,0.012274796446607911,0.12267697479585309,0.012274796446607911,0.012274796446607911,-0.11040217834924518,0.6601036111566273
5.932,400,0.7,0.007099136946341921,4.883917669806012e-22,0.007099136946341921,0.012369455147941877,0.12267731086721677,0.012369455147941877,0.012369455147941877,-0.11030785571927489,0.6569885231215772
5.936,400,0.7,0.006834518497436948,4.860776822428986e-22,0.006834518497436948,0.012464423144738297,0.12268918445180922,0.012464423144738297,0.012464423144738297,-0.11022476130707093,0.653861980860679
5.94,400,0.7,0.006578956645763371,4.732237102714928e-22,0.006578956645763371,0.012559697776728097,0.12275618498692709,0.012559697776728097,0.012559697776728097,-0.11019648721019899,0.6507241014776065
5.944,400,0.7,0.006332180954712497,4.492126038773994e-22,0.006332180954712497,0.012655276398896544,0.12288636487722054,0.012655276398896544,0.012655276398896544,-0.110231088478324,0.647575001627575
5.948,400,0.7,0.006093927151920813,4.2023108665259746e-22,0.006093927151920813,0.012751156381390578,0.12305309366392994,0.012751156381390578,0.012751156381390578,-0.11030193728253937,0.6444147975081235
5.952,400,0.7,0.005863937083253468,3.949373472424949e-22,0.005863937083253468,0.012847335109444356,0.1232082877352814,0.012847335109444356,0.012847335109444356,-0.11036095262583705,0.6412436048500729
5.956,400,0.7,0.00564195866169911,3.8711880265153152e-22,0.00564195866169911,0.0129438099832924,0.12325827650585362,0.0129438099832924,0.0129438099832924,-0.11031446652256122,0.6380615389086741
5.96,400,0.7,0.005427745811476532,4.017455755123075e-22,0.005427745811476532,0.013040578418092766,0.12316555810084327,0.013040578418092766,0.013040578418092766,-0.1101249796827505,0.6348687144549554
5.964,400,0.7,0.0052210584077369525,4.3024671297395525e-22,0.0052210584077369525,0.013137637843844441,0.12299420859149875,0.013137637843844441,0.013137637843844441,-0.1098565707476543,0.6316652457672476
5.968,400,0.7,0.005021662212173738,4.548947773267048e-22,0.005021662212173738,0.013234985705307645,0.12285494024568293,0.013234985705307645,0.013234985705307645,-0.10961995454037528,0.6284512466229109
5.972,400,0.7,0.004829328804859832,4.5359785172243455e-22,0.004829328804859832,0.013332619461927889,0.12286207803879105,0.013332619461927889,0.013332619461927889,-0.10952945857686316,0.6252268302902354
5.976,400,0.7,0.004643835512650971,4.125121745116407e-22,0.004643835512650971,0.013430536587748936,0.12309944128137569,0.013430536587748936,0.013430536587748936,-0.10966890469362675,0.6219921095205535
5.98,400,0.7,0.004464965334394203,3.428830412556393e-22,0.004464965334394203,0.013528734571343239,0.12356163207608382,0.013528734571343239,0.013528734571343239,-0.11003289750474059,0.6187471965405207
5.984,400,0.7,0.004292506863293449,2.726449466401587e-22,0.004292506863293449,0.013627210915725954,0.12413467961223561,0.013627210915725954,0.013627210915725954,-0.11050746869650965,0.6154922030446092
5.988,400,0.7,0.004126254206644335,2.436095534768502e-22,0.004126254206644335,0.013725963138284399,0.12441618869726273,0.013725963138284399,0.013725963138284399,-0.11069022555897834,0.6122272401877668
5.992,400,0.7,0.0039660069032542095,2.85175268514822e-22,0.0039660069032542095,0.013824988770693302,0.12402234565841118,0.013824988770693302,0.013824988770693302,-0.11019735688771788,0.6089524185782917
5.996,400,0.7,0.0038115698387497423,3.902700429838453e-22,0.0038115698387497423,0.01392428535884287,0.12323800828609198,0.01392428535884287,0.01392428535884287,-0.10931372292724911,0.60566784827087
6.0,400,0.7,0.0036627531590435356,5.137973797266446e-22,0.0036627531590435356,0.01402385046276153,0.12255053311746689,0.01402385046276153,0.01402385046276153,-0.10852668265470536,0.6023736387598362
6.0040000000000004,400,0.7,0.0035193721821878865,5.851371099804336e-22,0.0035193721821878865,0.014123681656531696,0.1222254900901302,0.014123681656531696,0.014123681656531696,-0.10810180843359851,0.5990698989725932
6.008,400,0.7,0.0033812473087847135,5.450988563367668e-22,0.0033812473087847135,0.014223776528232472,0.12240268766467186,0.014223776528232472,0.014223776528232472,-0.10817891113643938,0.5957567372632346
6.0120000000000005,400,0.7,0.0032482039312550885,3.875238152497831e-22,0.0032482039312550885,0.014324132679843102,0.12325566231560771,0.014324132679843102,0.014324132679843102,-0.1089315296357646,0.5924342614063619
6.016,400,0.7,0.0031200723420574616,1.7856312896302138e-22,0.0031200723420574616,0.01442474772718168,0.12519275007375819,0.01442474772718168,0.01442474772718168,-0.11076800234657651,0.5891025785910763
6.0200000000000005,400,0.7,0.002996687641120089,4.116295704568355e-23,0.002996687641120089,0.014525619299824453,0.12886125870192033,0.014525619299824453,0.014525619299824453,-0.11433563940209587,0.5857617954151779
6.024,400,0.7,0.0028778896426227365,9.547951503193573e-23,0.0028778896426227365,0.014626745041036282,0.12675782627415677,0.014626745041036282,0.014626745041036282,-0.11213108123312049,0.5824120178795313
6.0280000000000005,400,0.7,0.0027635227813246,3.9019882179841644e-22,0.0027635227813246,0.014728122607689305,0.12323846455788473,0.014728122607689305,0.014728122607689305,-0.10851034195019543,0.5790533513826408
6.032,400,0.7,0.0026534360185653844,8.512264174761655e-22,0.0026534360185653844,0.014829749670196145,0.12128841019545628,0.014829749670196145,0.014829749670196145,-0.10645866052526012,0.5756859007153937
6.0360000000000005,400,0.7,0.0025474827481127547,1.2960351345306102e-21,0.0025474827481127547,0.014931623912439008,0.12023744311333756,0.014931623912439008,0.014931623912439008,-0.10530581920089856,0.5723097700560057
6.04,400,0.7,0.00244552070200436,1.510785310784906e-21,0.00244552070200436,0.015033743031686,0.1198541434096798,0.015033743031686,0.015033743031686,-0.1048204003779938,0.5689250629651385
6.0440000000000005,400,0.7,0.002347411856484477,1.3763563692931056e-21,0.002347411856484477,0.01513610473852558,0.12008711814395974,0.01513610473852558,0.01513610473852558,-0.10495101340543415,0.5655318823812212
6.048,400,0.7,0.0022530223381780896,9.68270460435535e-22,0.0022530223381780896,0.015238706756804608,0.12096632695582352,0.015238706756804608,0.015238706756804608,-0.1057276201990189,0.5621303306159354
6.0520000000000005,400,0.7,0.0021622223306513428,5.823705065926676e-22,0.0021622223306513428,0.015341546823533558,0.12223733844352407,0.015341546823533558,0.015341546823533558,-0.10689579161999051,0.5587205093499034
6.056,400,0.7,0.0020748859813955784,6.338246054340987e-22,0.0020748859813955784,0.015444622688835586,0.1220256749081854,0.015444622688835586,0.015444622688835586,-0.10658105221934981,0.5553025196285502
6.0600000000000005,400,0.7,0.001990891309403967,1.4590849551593241e-21,0.001990891309403967,0.015547932115868857,0.11994119364170448,0.015547932115868857,0.015547932115868857,-0.10439326152583563,0.5518764618581448
6.064,400,0.7,0.0019101201134038388,3.1200265558307637e-21,0.0019101201134038388,0.015651472880755024,0.11804111359901392,0.015651472880755024,0.015651472880755024,-0.1023896407182589,0.5484424358020381
6.0680000000000005,400,0.7,0.0018324578808376932,5.310013540505325e-21,0.0018324578808376932,0.01575524277250916,0.1167117314190584,0.01575524277250916,0.01575524277250916,-0.10095648864654924,0.5450005405770711
6.072,400,0.7,0.0017577936976734322,7.458461066898876e-21,0.0017577936976734322,0.015859239592973026,0.11586234462810172,0.015859239592973026,0.015859239592973026,-0.10000310503512869,0.5415508746501607
6.0760000000000005,400,0.7,0.0016860201591266982,9.03631731889239e-21,0.0016860201591266982,0.015963461156741385,0.11538258809424957,0.015963461156741385,0.015963461156741385,-0.09941912693750819,0.5380935358350838
6.08,400,0.7,0.001617033281353172,9.905245055535318e-21,0.001617033281353172,0.016067905291096744,0.11515305633110341,0.016067905291096744,0.016067905291096744,-0.09908515104000667,0.534628621289414
6.0840000000000005,400,0.7,0.001550732414182809,1.0584990301499353e-20,0.001550732414182809,0.01617256983594166,0.11498712491134505,0.01617256983594166,0.01617256983594166,-0.09881455507540339,0.5311562275116594
6.088,400,0.7,0.0014870201549562403,1.2228956406018563e-20,0.0014870201549562403,0.0162774526437239,0.11462620084369383,0.0162774526437239,0.0162774526437239,-0.09834874819996994,0.527676450338564
6.0920000000000005,400,0.7,0.0014258022635043205,1.6238250107794273e-20,0.0014258022635043205,0.01638255157937292,0.11391729343982551,0.01638255157937292,0.01638255157937292,-0.09753474186045259,0.5241893849425956
6.096,400,0.7,0.0013669875783239075,2.3725238282467323e-20,0.0013669875783239075,0.0164878645202415,0.11296936891227821,0.0164878645202415,0.0164878645202415,-0.0964815043920367,0.5206951258295961
6.1000000000000005,400,0.7,0.0013104879340104113,3.493146546154953e-20,0.0013104879340104113,0.016593389356020224,0.11200224735174454,0.016593389356020224,0.016593389356020224,-0.09540885799572431,0.5171937668366189
6.104,400,0.7,0.001256218079953362,4.917225684299505e-20,0.001256218079953362,0.016699123988680127,0.11114739343431196,0.016699123988680127,0.016699123988680127,-0.09444826944563184,0.5136854011299301
6.1080000000000005,400,0.7,0.001204095600348735,6.522631595931312e-20,0.001204095600348735,0.016805066332411748,0.11044105986591682,0.016805066332411748,0.016805066332411748,-0.09363599353350507,0.5101701212031887
6.112,400,0.7,0.0011540408355629917,8.230404798403693e-20,0.0011540408355629917,0.016911214313547977,0.10985966665172561,0.016911214313547977,0.016911214313547977,-0.09294845233817764,0.5066480188757939
6.1160000000000005,400,0.7,0.0011059768048551758,1.0106151703656599e-19,0.0011059768048551758,0.017017565870509805,0.10934639385469355,0.017017565870509805,0.017017565870509805,-0.09232882798418375,0.5031191852914055
6.12,400,0.7,0.0010598291305010251,1.243223663323475e-19,0.0010598291305010253,0.0171241189537311,0.10882852258057979,0.017124118953731098,0.0171241189537311,-0.09170440362684869,0.49958371091663006
6.1240000000000006,400,0.7,0.0010155259633195788,1.5689215025887932e-19,0.001015525963319579,0.017230871525600152,0.10824682081151249,0.017230871525600152,0.017230871525600152,-0.09101594928591233,0.4960416855398745
6.128,400,0.7,0.0009729979096318517,2.044891271048441e-19,0.0009729979096318519,0.017337821560387073,0.10758443036749263,0.017337821560387073,0.017337821560387073,-0.09024660880710555,0.4924931982703701
6.132000000000001,400,0.7,0.0009321779596486965,2.723087314527307e-19,0.0009321779596486968,0.017444967044192655,0.10686837622036652,0.017444967044192655,0.017444967044192655,-0.08942340917617386,0.48893833753736315
6.136,400,0.7,0.0008930014173171208,3.636604219169441e-19,0.0008930014173171211,0.017552305974869505,0.1061451660687205,0.017552305974869505,0.017552305974869505,-0.08859286009385099,0.4853771910894627
6.140000000000001,400,0.7,0.0008554058316105721,4.799601644402777e-19,0.0008554058316105726,0.017659836361967437,0.10545145960791592,0.017659836361967433,0.017659836361967437,-0.08779162324594848,0.48180984599415666
6.144,400,0.7,0.0008193309292786986,6.222911062267045e-19,0.0008193309292786993,0.017767556226675373,0.10480219738294917,0.01776755622667537,0.017767556226675373,-0.0870346411562738,0.4782363886374877
6.148,400,0.7,0.0007847185490642098,7.94231244036248e-19,0.0007847185490642106,0.017875463601738206,0.10419228073672353,0.017875463601738202,0.017875463601738206,-0.08631681713498532,0.4746569047238978
6.152,400,0.7,0.0007515125773613998,1.0048764226098596e-18,0.0007515125773614007,0.017983556531421953,0.10360416775629888,0.01798355653142195,0.017983556531421953,-0.08562061122487694,0.47107147927621
6.156,400,0.7,0.0007196588853487728,1.271214393211434e-18,0.0007196588853487741,0.018091833071419327,0.10301639753794417,0.018091833071419323,0.018091833071419327,-0.08492456446652484,0.46748019663580487
6.16,400,0.7,0.0006891052675502642,1.6180782843601108e-18,0.0006891052675502659,0.018200291288822355,0.10241323118253819,0.018200291288822352,0.018200291288822355,-0.08421293989371584,0.46388314046290746
6.164,400,0.7,0.0006598013818587493,2.076085584730615e-18,0.0006598013818587513,0.018308929262029885,0.1017901187091337,0.01830892926202988,0.018308929262029885,-0.08348118944710381,0.46028039373707785
6.168,400,0.7,0.0006316986909757634,2.677941098156141e-18,0.0006316986909757661,0.018417745080715746,0.1011537085539491,0.018417745080715735,0.018417745080715746,-0.08273596347323336,0.45667203875781526
6.172,400,0.7,0.000604750405292209,3.4565887241915256e-18,0.0006047504052922125,0.018526736845732375,0.10051562372255902,0.01852673684573236,0.018526736845732375,-0.08198888687682665,0.4530581571453444
6.176,400,0.7,0.0005789114271627179,4.445446771908586e-18,0.0005789114271627224,0.018635902669081442,0.09988662824715579,0.018635902669081425,0.018635902669081442,-0.08125072557807435,0.4494388298415274
6.18,400,0.7,0.0005541382965895537,5.683903287369265e-18,0.0005541382965895594,0.01874524067384238,0.09927223369673004,0.018745240673842353,0.01874524067384238,-0.08052699302288766,0.44581413711095297
6.184,400,0.7,0.0005303891382869119,7.226467359548677e-18,0.0005303891382869192,0.01885474899411308,0.09867195341442013,0.018854748994113043,0.01885474899411308,-0.07981720442030704,0.44218415854215226
6.188,400,0.7,0.000507623610115786,9.153281568683414e-18,0.0005076236101157951,0.018964425774938197,0.0980810480437892,0.018964425774938155,0.018964425774938197,-0.079116622268851,0.43854897304897594
6.192,400,0.7,0.00048580285286308546,1.157925572251464e-17,0.00048580285286309706,0.019074269172270307,0.09749329119120169,0.019074269172270248,0.019074269172270307,-0.07841902201893139,0.4349086588721008
6.196,400,0.7,0.0004648894413603807,1.4658580274470754e-17,0.00046488944136039535,0.01918427735290435,0.09690376456402905,0.019184277352904275,0.01918427735290435,-0.0777194872111247,0.4312632935807055
6.2,400,0.7,0.00044484733691939403,1.8583839992123834e-17,0.0004448473369194126,0.019294448494400318,0.0963105982211055,0.019294448494400214,0.019294448494400318,-0.07701614972670519,0.4276129540742624
6.204,400,0.7,0.00042564184105414976,2.358300165960692e-17,0.00042564184105417334,0.01940478078505373,0.09571501372510019,0.01940478078505359,0.01940478078505373,-0.07631023294004646,0.42395771658449355
6.208,400,0.7,0.00040723955048760965,2.9919353666712325e-17,0.00040723955048763957,0.019515272423820115,0.09512006530767066,0.01951527242381993,0.019515272423820115,-0.07560479288385054,0.4202976566774521
6.212,400,0.7,0.0003896083134086749,3.7898929689265993e-17,0.0003896083134087128,0.019625921620263997,0.09452902200647992,0.019625921620263755,0.019625921620263997,-0.07490310038621592,0.4166328492557469
6.216,400,0.7,0.00037271718696697744,4.789118227783123e-17,0.0003727171869670253,0.019736726594483115,0.09394400068119918,0.019736726594482792,0.019736726594483115,-0.07420727408671607,0.4129633685609037
6.22,400,0.7,0.00035653639597035846,6.036353698637321e-17,0.00035653639597041885,0.01984768557709383,0.09336536610881549,0.019847685577093408,0.01984768557709383,-0.07351768053172165,0.40928928817586724
6.224,400,0.7,0.0003410372927877558,7.592332876297314e-17,0.0003410372927878318,0.01995879680911627,0.09279201918721551,0.019958796809115716,0.01995879680911627,-0.07283322237809924,0.40561068102762854
6.228,400,0.7,0.00032619231840217897,9.536040610764508e-17,0.0003261923184022743,0.02007005854197765,0.09222217052976422,0.020070058541976916,0.02007005854197765,-0.07215211198778658,0.4019276193899922
6.232,400,0.7,0.00031197496462511207,1.1968414035163033e-16,0.00031197496462523176,0.020181469037401246,0.09165418891270244,0.020181469037400288,0.020181469037401246,-0.0714727198753012,0.3982401748864699
6.236,400,0.7,0.00029835973741936217,1.5015472069466095e-16,0.00029835973741951233,0.020293026567393988,0.09108716360024954,0.020293026567392732,0.020293026567393988,-0.07079413703285556,0.3945484184933097
6.24,400,0.7,0.000285322121330957,1.8830913106071352e-16,0.00028532212133114534,0.020404729414158846,0.09052111686828633,0.020404729414157195,0.020404729414158846,-0.07011638745412749,0.39085242054264113
6.244,400,0.7,0.00027283854498955703,2.3599564054487563e-16,0.000272838544989793,0.02051657587006507,0.08995679585326326,0.020516575870062906,0.02051657587006507,-0.06944021998319819,0.3871522507257684
6.248,400,0.7,0.00026088634766621656,2.9543526630423087e-16,0.000260886347666512,0.02062856423757999,0.08939520481501301,0.020628564237577154,0.02062856423757999,-0.06876664057743302,0.3834479780965641
6.252,400,0.7,0.0002494437468598542,3.6932607787334937e-16,0.00024944374686022353,0.02074069282920243,0.08883712935048478,0.02074069282919873,0.02074069282920243,-0.06809643652128235,0.3797396710750025
6.256,400,0.7,0.0002384898068853202,4.609857770120409e-16,0.00023848980688578119,0.020852959967438803,0.08828291120960145,0.02085295996743397,0.020852959967438803,-0.06742995124216265,0.37602739745081165
6.26,400,0.7,0.00022800440845056387,5.74541699887495e-16,0.0002280044084511384,0.02096536398471817,0.08773239748644396,0.02096536398471187,0.02096536398471817,-0.06676703350172579,0.3723112243872447
6.264,400,0.7,0.0002179682191873765,7.151483978059072e-16,0.00021796821918809164,0.02107790322336696,0.08718510400838829,0.021077903223358757,0.02107790322336696,-0.06610720078502133,0.3685912184249675
6.268,400,0.7,0.0002083626651244715,8.892151739626855e-16,0.0002083626651253607,0.021190576035522168,0.08664048106803256,0.021190576035511496,0.021190576035522168,-0.06544990503251039,0.36486744548606886
6.272,400,0.7,0.0001991699030683293,1.1046543442383462e-15,0.00019916990306943397,0.021303380783108207,0.08609810979880114,0.02130338078309434,0.021303380783108207,-0.06479472901569294,0.3611399708781829
6.276,400,0.7,0.00019037279388023926,1.3711259690912942e-15,0.0001903727938816104,0.021416315837752782,0.08555786029344015,0.02141631583773478,0.021416315837752782,-0.06414154445568737,0.3574088592987319
6.28,400,0.7,0.00018195487661440895,1.7003595915411263e-15,0.0001819548766161093,0.021529379580793585,0.08501984160445174,0.02152937958077022,0.021529379580793585,-0.06349046202365816,0.35367417483926594
6.284,400,0.7,0.00017390034351294855,2.106541269674529e-15,0.0001739003435150551,0.021642570403145957,0.08448432250270081,0.02164257040311567,0.021642570403145957,-0.06284175209955485,0.34993598098993933
6.288,400,0.7,0.00016619401581435846,2.606838740078761e-15,0.0001661940158169653,0.021755886705304026,0.08395159529595597,0.021755886705264814,0.021755886705304026,-0.062195708590651946,0.34619434064406657
6.292,400,0.7,0.00015882132036924601,3.2221269527380533e-15,0.00015882132037246815,0.021869326897277566,0.0834218367727229,0.02186932689722685,0.021869326897277566,-0.06155250987544533,0.3424493161028174
6.296,400,0.7,0.0001517682670361675,3.977848302632346e-15,0.00015176826704014536,0.021982889398532827,0.08289508837321344,0.0219828893984673,0.021982889398532827,-0.060912198974680615,0.3387009690799909
6.3,400,0.7,0.00014502142683581813,4.905112648229777e-15,0.00014502142684072325,0.022096572637948238,0.08237124584039279,0.022096572637863677,0.022096572637948238,-0.060274673202444555,0.3349493607069154
6.304,400,0.7,0.00013856791084430474,6.041921482031444e-15,0.00013856791085034667,0.02221037505376009,0.08185013576847804,0.022210375053651085,0.02221037505376009,-0.059639760714717945,0.3311945515374298
6.308,400,0.7,0.00013239534980412108,7.434581899728316e-15,0.00013239534981155567,0.022324295093508847,0.08133158512661137,0.022324295093368463,0.022324295093508847,-0.059007290033102525,0.32743660155299836
6.312,400,0.7,0.0001264918744314762,9.139287035430624e-15,0.0001264918744406155,0.022438331214007613,0.08081548504340866,0.022438331213826986,0.022438331214007613,-0.05837715382940105,0.32367557016788695
6.316,400,0.7,0.00012084609640405992,1.1223967061355284e-14,0.0001208460964152839,0.02255248188125679,0.08030181246694174,0.022552481881024593,0.02255248188125679,-0.057749330585684946,0.319911516234477
6.32,400,0.7,0.00011544709000348998,1.3770526231320742e-14,0.0001154470900172605,0.02266674557041992,0.07979061466779534,0.022666745570121726,0.02266674557041992,-0.05712386909737542,0.31614449804864053
6.324,400,0.7,0.00011028437439741078,1.687757920506893e-14,0.00011028437441428837,0.02278112076578722,0.07928197582012336,0.02278112076540463,0.02278112076578722,-0.05650085505433614,0.31237457335524155
6.328,400,0.7,0.00010534789654443435,2.066388086293189e-14,0.00010534789656509822,0.022895605960672593,0.07877597276143634,0.02289560596018222,0.022895605960672593,-0.05588036680076375,0.3086017993537027
6.332,400,0.7,0.00010062801469509455,2.5272495895032538e-14,0.00010062801472036704,0.023010199657428818,0.07827264927323213,0.023010199656800946,0.023010199657428818,-0.055262449615803316,0.3048262327036935
6.336,400,0.7,9.611548248126888e-05,3.0875955700944465e-14,9.611548251214483e-05,0.023124900367347104,0.07777199661641215,0.023124900366544007,0.023124900367347104,-0.05464709624906505,0.30104792953088494
6.34,400,0.7,9.180143356724608e-05,3.768223769383372e-14,9.180143360492831e-05,0.023239706610647056,0.07727396890046706,0.02323970660962087,0.023239706610647056,-0.05403426228982,0.2972669454328081
6.344,400,0.7,8.767736685179523e-05,4.594181370519637e-14,8.767736689773705e-05,0.02335461691639774,0.07677850179639932,0.023354616915087768,0.02335461691639774,-0.053423884880001576,0.2934833354847908
6.348,400,0.7,8.37351321992704e-05,5.5955806462447075e-14,8.37351322552262e-05,0.0234696298224939,0.0762855354651195,0.023469629820823283,0.0234696298224939,-0.0528159056426256,0.28969715424598946
6.352,400,0.7,7.99669166874591e-05,6.808544512008284e-14,7.996691675554454e-05,0.023584743875572457,0.07579503233161021,0.023584743873443906,0.023584743875572457,-0.05221028845603776,0.28590845576549384
6.356,400,0.7,7.636523135043667e-05,8.276321724071034e-14,7.63652314331999e-05,0.023699957631028754,0.0753069816711123,0.0236999576283193,0.023699957631028754,-0.05160702404008355,0.2821172935885328
6.36,400,0.7,7.292289840832464e-05,1.0050611579109706e-13,7.292289850883075e-05,0.02381526965290224,0.07482139453905076,0.023815269649456607,0.02381526965290224,-0.05100612488614852,0.27832372076273504
6.364,400,0.7,6.963303896126034e-05,1.2193148984474595e-13,6.963303908319183e-05,0.023930678513844904,0.07433829266640041,0.023930678509467257,0.023930678513844904,-0.0504076141525555,0.2745277898445006
6.368,400,0.7,6.648906113412557e-05,1.4777619430385205e-13,6.648906128190177e-05,0.024046182795142,0.07385769366581402,0.02404618278958559,0.024046182795142,-0.04981151087067202,0.27072955290541767
6.372,400,0.7,6.348464866417609e-05,1.7891932963104303e-13,6.348464884309541e-05,0.024161781086531837,0.0733796034077639,0.024161781079486064,0.024161781086531837,-0.049217822321232056,0.2669290615387911
6.376,400,0.7,6.061374990373398e-05,2.1640928555671937e-13,6.061375012014327e-05,0.02427747198631203,0.07290401234907988,0.024277471977386278,0.02427747198631203,-0.04862654036276785,0.2631263668662098
6.38,400,0.7,5.787056723964699e-05,2.614955283071252e-13,5.787056750114252e-05,0.024393254101156833,0.07243089802928969,0.024393254089860265,0.024393254101156833,-0.04803764392813285,0.2593215195442217
6.384,400,0.7,5.524954690198933e-05,3.156656042839937e-13,5.524954721765494e-05,0.024509126046172523,0.07196023238979748,0.024509126031888897,0.024509126046172523,-0.04745110634362496,0.25551456977104964
6.388,400,0.7,5.274536915898252e-05,3.8068819763032625e-13,5.274536953967072e-05,0.024625086444792596,0.07149198933440465,0.02462508642674892,0.024625086444792596,-0.04686690288961205,0.2517055672934043
6.392,400,0.7,5.035293887865094e-05,4.586632919037244e-13,5.035293933731423e-05,0.024741133928782542,0.07102615005720155,0.024741133906010123,0.024741133928782542,-0.046285016128419,0.2478945614133484
6.396,400,0.7,4.806737644994699e-05,5.520810415801872e-13,4.806737700202803e-05,0.02485726713812028,0.0705627038623823,0.024857267109406368,0.02485726713812028,-0.045705436724262014,0.24408160099523377
6.4,400,0.7,4.5884009045597696e-05,6.63890405659827e-13,4.58840097094881e-05,0.02497348472101177,0.07010164827693478,0.024973484684839557,0.02497348472101177,-0.045128163555923015,0.24026673447270633
6.404,400,0.7,4.37983622189439e-05,7.97580468966687e-13,4.379836301652437e-05,0.025089785333856342,0.06964298415954069,0.02508978528833064,0.025089785333856342,-0.04455319882568435,0.23645000985577588
6.408,400,0.7,4.1806151823326574e-05,9.572760404049915e-13,4.1806152780602615e-05,0.025206167641138907,0.0691867115039379,0.02520616758389398,0.025206167641138907,-0.043980543862798996,0.2326314747379317
6.412,400,0.7,3.9903276239502126e-05,1.1478498758302708e-12,3.9903277387352e-05,0.025322630315434212,0.06873282649191258,0.025322630243519696,0.025322630315434212,-0.043410196176478365,0.22881117630335662
6.416,400,0.7,3.8085808903131535e-05,1.3750540222482187e-12,3.808581027818556e-05,0.02543917203737445,0.06828132024168503,0.02543917194711419,0.02543917203737445,-0.04284214820431058,0.22498916133415647
6.42,400,0.7,3.634999112204319e-05,1.645672852547477e-12,3.6349992767716044e-05,0.025555791495550442,0.06783217946609123,0.025555791382367965,0.025555791495550442,-0.042276387970540785,0.2211654762176785
6.424,400,0.7,3.469222517031013e-05,1.9677007112076472e-12,3.469222713801084e-05,0.025672487386522044,0.06738538851625464,0.0256724872447251,0.025672487386522044,-0.041712901129732596,0.21734016695387248
6.428,400,0.7,3.310906765219218e-05,2.3505475537271996e-12,3.3109070002739734e-05,0.0257892584147545,0.06694093203331773,0.025789258237269325,0.0257892584147545,-0.04115167361856323,0.21351327916271687
6.432,400,0.7,3.1597223125105776e-05,2.805277242271067e-12,3.159722593038302e-05,0.025906103292551257,0.06649879685809697,0.02590610307059527,0.025906103292551257,-0.04059269356554571,0.20968485809167894
6.436,400,0.7,3.015353797146194e-05,3.344883858290583e-12,3.01535413163458e-05,0.02602302074005437,0.06605897285985127,0.02602302046273337,0.02602302074005437,-0.040035952119796894,0.20585494862325646
6.44,400,0.7,2.8774994512233192e-05,3.984612556203118e-12,2.8774998496845748e-05,0.026140009485173383,0.06562145258489523,0.026140009138986328,0.026140009485173383,-0.03948144309972185,0.20202359528253488
6.444,400,0.7,2.74587053520335e-05,4.742332113559566e-12,2.7458710094365612e-05,0.026257068263551897,0.06518623023534321,0.026257067831782478,0.026257068263551897,-0.03892916197179132,0.19819084224482908
6.448,400,0.7,2.6201907947879687e-05,5.638968099978131e-12,2.6201913586847787e-05,0.02637419581852623,0.06475330007038693,0.02637419528049599,0.02637419581852623,-0.0383791042518607,0.19435673334333936
6.452,400,0.7,2.5001959393087584e-05,6.6990047363813856e-12,2.500196609209232e-05,0.026491390901109465,0.06432265536843636,0.026491390231261583,0.026491390901109465,-0.03783126446732689,0.19052131207687917
6.456,400,0.7,2.385633140971235e-05,7.951066523906265e-12,2.385633936077887e-05,0.02660865226986957,0.06389428760577417,0.026608651436645772,0.02660865226986957,-0.03728563533590461,0.18668462161762997
6.46,400,0.7,2.2762605538860818e-05,9.428589018304626e-12,2.2762614967449837e-05,0.02672597869099508,0.06346818664345352,0.026725977655460385,0.02672597869099508,-0.036742207952458444,0.18284670481895313
6.464,400,0.7,2.1718468525488644e-05,1.1170591567263341e-11,2.1718479696080212e-05,0.026843368938151726,0.06304434135971504,0.026843367652311906,0.026843368938151726,-0.03620097242156331,0.17900760422321976
6.468,400,0.7,2.0721707886598352e-05,1.3222566562690352e-11,2.0721721109164914e-05,0.02696082179252632,0.06262274039483982,0.02696082019727143,0.02696082179252632,-0.035661918602313505,0.17516736206971723
6.472,400,0.7,1.9770207659037706e-05,1.5637500655536162e-11,1.9770223296538363e-05,0.0270783360427299,0.062203372995536854,0.02707833406532345,0.0270783360427299,-0.03512503695280696,0.17132602030255256
6.476,400,0.7,1.8861944318220263e-05,1.8477048616101316e-11,1.886196279526888e-05,0.02719591048477053,0.061786229423476106,0.02719590803578658,0.02719591048477053,-0.03459031893870558,0.1674836205786259
6.48,400,0.7,1.799498286181861e-05,2.181288192132912e-11,1.799500467470053e-05,0.027313543922048683,0.06137130101707974,0.02731354089163892,0.027313543922048683,-0.034057757095031053,0.1636402042756169
6.484,400,0.7,1.7167473052982413e-05,2.5728238927752623e-11,1.716749878122134e-05,0.027431235165264484,0.06095857984073296,0.027431231418612378,0.027431235165264484,-0.03352734467546847,0.15979581250001865
6.488,400,0.7,1.6377645815588916e-05,3.031970378866965e-11,1.6377676135292705e-05,0.027548983032426314,0.0605480583117627,0.027548978404215996,0.027548983032426314,-0.03299907527933639,0.15595048609519382
6.492,400,0.7,1.5623809777400848e-05,3.5699249509629087e-11,1.5623845476650357e-05,0.0276667863487239,0.06013972862375791,0.02766678063641537,0.0276667863487239,-0.032472942275034014,0.15210426564947488
6.496,400,0.7,1.490434795316977e-05,4.199657808533073e-11,1.4904389949747855e-05,0.0277846439466081,0.05973358243780793,0.027784636902267908,0.0277846439466081,-0.03194893849119983,0.14825719150427102
6.5,400,0.7,1.421771456479006e-05,4.936179674620423e-11,1.4217763926586807e-05,0.027902554665704127,0.0593296108403472,0.027902545986089895,0.027902554665704127,-0.03142705617464307,0.14440930376223382
6.5040000000000004,400,0.7,1.3562431991967797e-05,5.796847651002314e-11,1.3562489960444307e-05,0.028020517352733223,0.05892780440396066,0.028020506667269022,0.028020517352733223,-0.030907287051227434,0.14056064229541512
6.508,400,0.7,1.293708784827989e-05,6.80171370200138e-11,1.293715586541691e-05,0.028138530861459805,0.05852815356875671,0.02813851771766751,0.028138530861459805,-0.030389622707296903,0.13671124675347998
6.5120000000000005,400,0.7,1.2340332177269693e-05,7.973922276923169e-11,1.2340411916492462e-05,0.02825659405276967,0.0581306488027135,0.028256577898632975,0.02825659405276967,-0.02987405474994383,0.13286115657191813
6.516,400,0.7,1.1770874765558029e-05,9.340162626784125e-11,1.1770968167184297e-05,0.02837470579456526,0.0577352808974602,0.028374685957200246,0.02837470579456526,-0.029360575102894942,0.1290104109802994
6.5200000000000005,400,0.7,1.1227482567437827e-05,1.0931183625036293e-10,1.1227591879274077e-05,0.028492864961630344,0.05734204108801502,0.028492840621511476,0.028492864961630344,-0.028849176126384678,0.12515904901052363
6.524,400,0.7,1.0708977235144409e-05,1.2782379666177512e-10,1.0709105058941071e-05,0.028611070435790906,0.056950920972393286,0.02861104059563181,0.028611070435790906,-0.02833985053660238,0.12130710950512778
6.5280000000000005,400,0.7,1.0214232753778511e-05,1.4934456648433088e-10,1.0214382098344997e-05,0.028729321105694573,0.056561912382543544,0.028729284552906343,0.028729321105694573,-0.02783259127684897,0.11745463112555829
6.532,400,0.7,9.742173173718459e-06,1.7434188676254323e-10,9.742347515605222e-06,0.028847615866863657,0.056175007195219596,0.028847571128301816,0.028847615866863657,-0.02732739132835594,0.11360165236050764
6.5360000000000005,400,0.7,9.29177043835136e-06,2.0335276551047902e-10,9.291973791116872e-06,0.02896595362165351,0.05579019720977829,0.02896589890911469,0.02896595362165351,-0.026824243588124783,0.1097482115342392
6.54,400,0.7,8.862042302969092e-06,2.369932150234082e-10,8.862279296184115e-06,0.02908433327918609,0.055407474009491094,0.029084266423816278,0.02908433327918609,-0.026323140730305002,0.10589434681492922
6.5440000000000005,400,0.7,8.452050340850273e-06,2.759692689576589e-10,8.45232631011923e-06,0.02920275375535213,0.055026829001917375,0.029202672128778525,0.02920275375535213,-0.025824075246565246,0.1020400962230221
6.548,400,0.7,8.060898033648337e-06,3.2108944459021967e-10,8.061219123092927e-06,0.029321213972713832,0.054648253470073016,0.029321114392292257,0.029321213972713832,-0.025327039497359184,0.09818549763960377
6.5520000000000005,400,0.7,7.687728941717538e-06,3.732788252972922e-10,7.688102220542836e-06,0.029439712860596642,0.05427173863658765,0.029439591475670705,0.029439712860596642,-0.024832025775991008,0.09433058881475972
6.556,400,0.7,7.331724952867057e-06,4.3359493927538237e-10,7.3321585478063325e-06,0.02955824935484566,0.05389727584321022,0.02955810151033388,0.02955824935484566,-0.024339026488364557,0.09047540737597234
6.5600000000000005,400,0.7,6.992104603865136e-06,5.032456848907941e-10,6.9926078495500265e-06,0.029676822398039798,0.05352485656482418,0.029676642470963435,0.029676822398039798,-0.023848034166784386,0.08661999083649179
6.564,400,0.7,6.668121474892608e-06,5.836095219899028e-10,6.668705084414598e-06,0.029795430939128228,0.0531544724586512,0.0297952121428802,0.029795430939128228,-0.023359041519522974,0.08276437660373877
6.5680000000000005,400,0.7,6.359062650248927e-06,6.762582179225058e-10,6.35973890846685e-06,0.029914073933775938,0.052786115334114384,0.029913808083956897,0.029914073933775938,-0.022872041400338446,0.07890860198769048
6.572,400,0.7,6.0642472464187875e-06,7.829824506500373e-10,6.065030228869437e-06,0.03003275034407269,0.052419777082879586,0.030032427578576836,0.03003275034407269,-0.022387026738806895,0.07505270420927541
6.5760000000000005,400,0.7,5.783025001968053e-06,9.05820588485254e-10,5.783930822556538e-06,0.030151459138603714,0.052055449638624414,0.030151067583295613,0.030151459138603714,-0.0219039905000207,0.07119672040876751
6.58,400,0.7,5.514774928332825e-06,1.0470910312723121e-09,5.515822019364097e-06,0.030270199292276655,0.05169312490993445,0.030269724662009875,0.030270199292276655,-0.021422925617657792,0.06734068765418036
6.5840000000000005,400,0.7,5.258904017614686e-06,1.2094285076933922e-09,5.26011344612238e-06,0.03038896978648794,0.051332794741503956,0.030388394909358404,0.03038896978648794,-0.020943824955016017,0.06348464294964644
6.588,400,0.7,5.014846006591909e-06,1.395824758633263e-09,5.016241831350542e-06,0.03050776960895941,0.050974450928877285,0.0305070738595102,0.03050776960895941,-0.020466681319917874,0.05962862324381806
6.5920000000000005,400,0.7,4.782060193504236e-06,1.6096741109327621e-09,4.783669867615168e-06,0.030626597753726986,0.05061808523502137,0.030625756378256506,0.030626597753726986,-0.019991487481294385,0.05577266543822262
6.596,400,0.7,4.560030305847516e-06,1.8548244578097627e-09,4.561885130305326e-06,0.03074545322110218,0.05026368944318344,0.030744436535244724,0.03074545322110218,-0.01951823622208126,0.051916806395654456
6.6000000000000005,400,0.7,4.3482634170069034e-06,2.1356342669292514e-09,4.350399051273833e-06,0.03086433501763042,0.04991125538464145,0.03086310745286536,0.03086433501763042,-0.01904692036701103,0.04806108294852019
6.604,400,0.7,4.146288909548884e-06,2.4570362604651624e-09,4.148745945809349e-06,0.030983242156136258,0.04956077496373047,0.030981761127801134,0.030983242156136258,-0.018577532807594214,0.04420553190719696
6.6080000000000005,400,0.7,3.953657483751281e-06,2.8246084845971142e-09,3.956482092235878e-06,0.03110217365555154,0.049212240178688915,0.03110038822017615,0.03110217365555154,-0.018110066523137375,0.04035019006836788
6.612,400,0.7,3.769940208618236e-06,3.2446536006445332e-09,3.7731848622188806e-06,0.03122112854103271,0.048865643102835386,0.03121897780524993,0.03122112854103271,-0.017644514561802677,0.036495094223348214
6.6160000000000005,400,0.7,3.594727614542654e-06,3.7242872563494927e-09,3.5984519017990035e-06,0.031340105843804936,0.04852097586000038,0.03133751708067128,0.031340105843804936,-0.01718087001619544,0.032640281166391984
6.62,400,0.7,3.4276288251271137e-06,4.2715364792576856e-09,3.4319003616063715e-06,0.03145910460118829,0.04817823060805428,0.03145599102231494,0.03145910460118829,-0.016719126006865995,0.028785787702994697
6.6240000000000006,400,0.7,3.268270727065909e-06,4.895449162606985e-09,3.273166176228516e-06,0.03157812385644569,0.04783739951425827,0.031574381979738095,0.03157812385644569,-0.01625927565781258,0.024931650658155037
6.628,400,0.7,3.116297175580924e-06,5.606215770510548e-09,3.1219033913514346e-06,0.03169716265912332,0.047498474739336584,0.031692669202060146,0.03169716265912332,-0.015801312080213264,0.021077906884646155
6.632000000000001,400,0.7,2.9713682358460543e-06,6.415304478143716e-09,2.977783540324198e-06,0.031816220064406465,0.04716144844134428,0.03181082828150514,0.031816220064406465,-0.015345228376937817,0.0172245932712399
6.636,400,0.7,2.833159456033388e-06,7.33561111477612e-09,2.840495067148164e-06,0.03193529513369509,0.04682631278481014,0.03192883050391164,0.03193529513369509,-0.01489101765111505,0.013371746750928844
6.640000000000001,400,0.7,2.7013611734180435e-06,8.381625388964564e-09,2.709742798807008e-06,0.032054386934215084,0.0464930599519084,0.03204664208941507,0.032054386934215084,-0.014438673017693318,0.009519404309110654
6.644,400,0.7,2.5756778504099653e-06,9.569614968013962e-09,2.585247465377979e-06,0.032173494539033114,0.046161682163795764,0.032164223308246025,0.032173494539033114,-0.01398818762476265,0.005667602991759817
6.648000000000001,400,0.7,2.455827439697709e-06,1.0917829230063481e-08,2.4667452689277725e-06,0.03229261702714295,0.04583217168711605,0.032281527452871085,0.03229261702714295,-0.0135395546599731,0.0018163799135535571
6.652,400,0.7,2.341540777573289e-06,1.2446724569799572e-08,2.353987502143089e-06,0.03241175348331161,0.04550452083853043,0.03239849964585082,0.03241175348331161,-0.013092767355218825,-0.0020342277339971977
6.656000000000001,400,0.7,2.232561003762335e-06,1.4179213328011073e-08,2.246740217090346e-06,0.03253090299813903,0.04517872198738659,0.03251507546166681,0.03253090299813903,-0.012647818989247557,-0.005884182674489258
6.66,400,0.7,2.12864300707249e-06,1.6140938686454974e-08,2.1447839457589448e-06,0.03265006466787461,0.044854767541959245,0.03263117933811315,0.03265006466787461,-0.012204702874084636,-0.009733447538557219
6.664,400,0.7,2.029552895179485e-06,1.836057788318224e-08,2.0479134730626673e-06,0.032769237594622344,0.044532649942826345,0.032746722752901664,0.032769237594622344,-0.011763412348204001,-0.013581984855868923
6.668,400,0.7,1.9350674882384526e-06,2.087017644341044e-08,1.9559376646818632e-06,0.032888420886120324,0.04421236165372273,0.03286160213907881,0.032888420886120324,-0.011323940767602403,-0.017429757047134578
6.672,400,0.7,1.8449738347318077e-06,2.3705516285784412e-08,1.8686793510175922e-06,0.03300761365572381,0.043893895153035115,0.03297569651499399,0.03300761365572381,-0.010886281497311308,-0.02127672641615793
6.676,400,0.7,1.7590687486232508e-06,2.690652071760631e-08,1.7859752693408572e-06,0.033126815022620194,0.043577242934638,0.03308886480639861,0.033126815022620194,-0.010450427912017807,-0.025122855141922532
6.68,400,0.7,1.6771583675611418e-06,3.0517699684623435e-08,1.7076760672457652e-06,0.03324602411135617,0.043262397510308775,0.0332009428419105,0.03324602411135617,-0.010016373398952602,-0.028968105270720843
6.684,400,0.7,1.5990577301639445e-06,3.458863887490487e-08,1.6336463690388495e-06,0.03336524005211693,0.04294935141255016,0.033311740013414,0.03336524005211693,-0.009584111360433224,-0.03281243870831633
6.688,400,0.7,1.5245903723971928e-06,3.9174536427870226e-08,1.563764908825063e-06,0.03348446198062674,0.042638097205351916,0.03342103560297479,0.03348446198062674,-0.009153635224725176,-0.03665581721214577
6.692,400,0.7,1.453587941811356e-06,4.4336791623313564e-08,1.4979247334346697e-06,0.03360368903823889,0.04232862748473553,0.03352857479708678,0.03360368903823889,-0.00872493844649664,-0.040498202383575904
6.696,400,0.7,1.3858898291748922e-06,5.014364982756797e-08,1.43603347900246e-06,0.03372292037171433,0.042020934885334545,0.03363406443385361,0.03372292037171433,-0.008298014513620215,-0.044339555660187
6.7,400,0.7,1.3213428164731054e-06,5.667090874398499e-08,1.3780137252170904e-06,0.0338421551331076,0.04171501207794544,0.03373716856294447,0.0338421551331076,-0.007872856944837837,-0.04817983830811368
6.704,400,0.7,1.2598007403709567e-06,6.400269099614205e-08,1.3238034313670988e-06,0.033961392480173686,0.0414108517691399,0.03383750394301601,0.033961392480173686,-0.0074494592889662176,-0.05201901141442467
6.708,400,0.7,1.201124171187879e-06,7.223228874084578e-08,1.273356459928725e-06,0.034080631575947706,0.041108446696350595,0.033934635654827856,0.034080631575947706,-0.007027815120402889,-0.055857035879560736
6.712,400,0.7,1.1451801060619417e-06,8.146308620541081e-08,1.2266431922673526e-06,0.03419987158864348,0.04080778962324581,0.03402807307843306,0.03419987158864348,-0.006607918034602332,-0.05969387240981179
6.716,400,0.7,1.0918416756200124e-06,9.1809566439749e-08,1.1836512420597613e-06,0.03431911169212241,0.04050887333791521,0.03411726655991163,0.03431911169212241,-0.006189761645792803,-0.06352948150984597
6.72,400,0.7,1.0409878643405419e-06,1.0339840920216732e-07,1.1443862735427091e-06,0.03443835106523349,0.04021169064970607,0.03420160517575,0.03443835106523349,-0.005773339584472577,-0.06736382347529926
6.724,400,0.7,9.92503242909213e-07,1.1636968702480077e-07,1.1088729299340137e-06,0.03455758889243895,0.03991623439078395,0.03428041609230939,0.03455758889243895,-0.005358645498344999,-0.07119685838541219
6.728,400,0.7,9.462777131555862e-07,1.3087816733478004e-07,1.0771558804903663e-06,0.03467682436318233,0.03962249741706924,0.034352966086079725,0.03467682436318233,-0.0049456730538869065,-0.07502854609571896
6.732,400,0.7,9.022062641039641e-07,1.470947288599813e-07,1.0493009929639454e-06,0.03479605667213208,0.03933047260924937,0.034418465841180426,0.03479605667213208,-0.0045344159371172935,-0.07885884623080346
6.736,400,0.7,8.601887390782386e-07,1.652079007718968e-07,1.0253966398501354e-06,0.03491528501933276,0.03904015287876848,0.03447607763629593,0.03491528501933276,-0.004124867859435721,-0.08268771817710485
6.74,400,0.7,8.201296135115141e-07,1.854255345614368e-07,1.005555148072951e-06,0.03503450860980291,0.03875153116607385,0.03452492695705015,0.03503450860980291,-0.0037170225562709394,-0.08651512107578078
6.744,400,0.7,7.819377825405834e-07,2.079766179746836e-07,9.89914400515267e-07,0.03515372665383721,0.03846460044286806,0.034564118404205015,0.03515372665383721,-0.0033108737890308534,-0.09034101381563851
6.748,400,0.7,7.455263583905137e-07,2.331132418502116e-07,9.786396002407254e-07,0.035272938366765004,0.03817935371230994,0.034592755981730845,0.035272938366765004,-0.0029064153455449354,-0.09416535502613109
6.752,400,0.7,7.108124768299378e-07,2.611127311502397e-07,9.719252079801774e-07,0.035392142968995836,0.03789578400689625,0.0346099674549224,0.035392142968995836,-0.002503641037900413,-0.09798810307039592
6.756,400,0.7,6.777171124468881e-07,2.922799519582178e-07,9.69997064405106e-07,0.03551133968588263,0.037613884385981115,0.034614931979600125,0.03551133968588263,-0.002102544700098484,-0.10180921603839309
6.76,400,0.7,6.461649021859607e-07,3.26949806578867e-07,9.731147087648276e-07,0.03563052774799259,0.037333647936329234,0.03460690967466117,0.03563052774799259,-0.0017031201883366473,-0.10562865174007431
6.764,400,0.7,6.160839770381377e-07,3.654899308170861e-07,9.815739078552237e-07,0.035749706390859684,0.0370550677680003,0.03458527131285646,0.035749706390859684,-0.0013053613771406153,-0.10944636769864569
6.768,400,0.7,5.874058013313762e-07,4.0830360619994856e-07,9.957094075313247e-07,0.035868874854857485,0.03677813701607202,0.0345495259535965,0.035868874854857485,-0.0009092621612145357,-0.11326232114388422
6.772,400,0.7,5.600650192522695e-07,4.558329027578789e-07,1.0158979220101485e-06,0.035988032385373375,0.03650284883977123,0.03449934421079483,0.035988032385373375,-0.000514816454397854,-0.11707646900553802
6.776,400,0.7,5.339993084427272e-07,5.085620672726699e-07,1.042561375715397e-06,0.03610717823259532,0.036229196423432954,0.03443457502854631,0.03610717823259532,-0.00012201819083763193,-0.12088876790678146
6.78,400,0.7,5.091492401518548e-07,5.67021173601179e-07,1.0761704137530338e-06,0.03622631165178871,0.035957172976759856,0.03435525432917778,0.035957172976759856,0.00026913867502885436,-0.1246991741577636
6.784,400,0.7,4.854581458597666e-07,6.317900514104064e-07,1.117248197270173e-06,0.036345431903132455,0.03568677173781169,0.03426160465669044,0.03568677173781169,0.0006586601653207624,-0.12850764374921453
6.788,400,0.7,4.6287199002499047e-07,7.035025128507086e-07,1.166374502875699e-06,0.036464538251288314,0.03541798597117814,0.03415402583901353,0.03541798597117814,0.0010465522801101773,-0.1323141323461353
6.792,400,0.7,4.413392484678833e-07,7.828508941923633e-07,1.2241901426602466e-06,0.03658362996583635,0.035150808969906466,0.03403307760157079,0.035150808969906466,0.0014328209959298815,-0.13611859528156817
6.796,400,0.7,4.2081079238770666e-07,8.705909335378931e-07,1.2914017259255997e-06,0.03670270632135652,0.03488523405480289,0.03389945580069639,0.03488523405480289,0.001817472266553627,-0.13992098755043933
6.8,400,0.7,4.012397777488766e-07,9.675470049575907e-07,1.3687867827064674e-06,0.03682176659710491,0.03462125457321785,0.03375396442633118,0.03462125457321785,0.0022005120238870607,-0.14372126380348302
6.804,400,0.7,3.825815396696407e-07,1.0746177298971088e-06,1.4571992695667495e-06,0.03694081007697902,0.03435886389930267,0.03359748568267548,0.03435886389930267,0.0025819461776763475,-0.1475193783412517
6.808,400,0.7,3.647934916260392e-07,1.1927819897603123e-06,1.5575754813863514e-06,0.03705983604960695,0.03409805543184429,0.033430950310724246,0.03409805543184429,0.0029617806177626577,-0.15131528510820627
6.812,400,0.7,3.4783502931094764e-07,1.3231053610418252e-06,1.6709403903527729e-06,0.03717884380818773,0.03383882259506678,0.03325530995506438,0.03383882259506678,0.00334002121312095,-0.1551089376868874
6.816,400,0.7,3.316674388570362e-07,1.4667469993284506e-06,1.7984144381854867e-06,0.037297832650616175,0.03358115883734679,0.03307151287232199,0.03358115883734679,0.003716673813269386,-0.15890028929217412
6.82,400,0.7,3.1625380925892954e-07,1.6249669958451694e-06,1.9412208051040988e-06,0.037416801879724244,0.033325057631594886,0.03288048375455449,0.033325057631594886,0.004091744248129359,-0.16268929276563993
6.824,400,0.7,3.0155894896688377e-07,1.7991342333819916e-06,2.100693182348875e-06,0.037535750802322604,0.033070512475563224,0.03268310795217193,0.033070512475563224,0.00446523832675938,-0.16647590056997327
6.828,400,0.7,2.8754930603068586e-07,1.9907347686880556e-06,2.2782840747187417e-06,0.03765467873044038,0.032817516892200416,0.03248021999287537,0.032817516892200416,0.004837161838239963,-0.17026006478351371
6.832,400,0.7,2.741928921924947e-07,2.2013807694794776e-06,2.475573661671972e-06,0.037773584980340814,0.03256606442995489,0.03227259601576827,0.03256606442995489,0.0052075205503859245,-0.1740417370948597
6.836,400,0.7,2.614592103471033e-07,2.432820034974358e-06,2.6942792453214615e-06,0.03789246887246096,0.032316148663152626,0.032060949577028285,0.032316148663152626,0.005576320209308337,-0.17782086879758158
6.84,400,0.7,2.493191852148293e-07,2.6869461303334204e-06,2.9362653155482495e-06,0.03801132973260206,0.03206776319197224,0.03184593021240912,0.03206776319197224,0.005943566540629816,-0.18159741078501312
6.844,400,0.7,2.3774509749143703e-07,2.965809165650366e-06,3.203554263141803e-06,0.038130166890422784,0.03182090164240581,0.03162812414326422,0.03182090164240581,0.006309265248016976,-0.18537131354515837
6.848,400,0.7,2.2671052081216812e-07,3.2716272517925154e-06,3.4983377726046835e-06,0.038248979679966884,0.03157555766578632,0.031408056560982694,0.03157555766578632,0.006673422014180565,-0.1891425271556728
6.852,400,0.7,2.1619026166996537e-07,3.6067986651055522e-06,3.8229889267755175e-06,0.03836776743977606,0.031331724938564134,0.03118619499932335,0.031331724938564134,0.007036042501211925,-0.1929110012789551
6.856,400,0.7,2.0616030206896058e-07,3.973914755240751e-06,4.180075057309711e-06,0.03848652951346807,0.031089397161708877,0.03096295338823658,0.031089397161708877,0.007397132351759195,-0.19667668515733405
6.86,400,0.7,1.9659774504268802e-07,4.375773629133033e-06,4.5723713741757206e-06,0.03860526524767954,0.030848568060677675,0.030738696468457685,0.030848568060677675,0.007756697187001869,-0.20043952760835482
6.864,400,0.7,1.8748076229591342e-07,4.81539464802671e-06,5.002875410322623e-06,0.03872397399472065,0.030609231384664756,0.030513744321904922,0.030609231384664756,0.008114742610055892,-0.20419947702016586
6.868,400,0.7,1.7878854463331043e-07,5.2960337700677805e-06,5.474822314701091e-06,0.03884265511076451,0.03037138090706631,0.03028837684181056,0.03037138090706631,0.008471274203698202,-0.2079564813470036
6.872,400,0.7,1.705012545329727e-07,5.821199777644752e-06,5.9917010321777245e-06,0.03896130795571315,0.030135010425261836,0.030062838018726255,0.030135010425261836,0.008826297530451312,-0.21171048810479667
6.876,400,0.7,1.6259998079961863e-07,6.394671424558416e-06,6.557271405358035e-06,0.03907993189479059,0.029900113760767205,0.029837339964605705,0.029900113760767205,0.009179818134023382,-0.21546144436684564
6.88,400,0.7,1.5506669556760938e-07,7.020515540687377e-06,7.1755822362549865e-06,0.03919852629648124,0.029666684759446747,0.029612066629251997,0.029666684759446747,0.009531841537034492,-0.2192092967596421
6.884,400,0.7,1.4788421303383553e-07,7.70310613282687e-06,7.850990345860706e-06,0.039317090534348335,0.02943471729143113,0.029387177188547317,0.02943471729143113,0.009882373242917207,-0.22295399145876885
6.888,400,0.7,1.4103615030397168e-07,8.447144518036168e-06,8.58818066834014e-06,0.03943562398573686,0.029204205251412412,0.029162809102170298,0.029204205251412412,0.010231418734324451,-0.2266954741849189
6.892,400,0.7,1.3450688995768922e-07,9.25768053093469e-06,9.392187420892378e-06,0.039554126031913314,0.028975142558256603,0.028939080849253836,0.028975142558256603,0.010578983473656711,-0.2304336902000264
6.896,400,0.7,1.2828154432063566e-07,1.0140134839733208e-05,1.0268416384053844e-05,0.039672596058808865,0.02874752315521397,0.028716094360389147,0.02874752315521397,0.010925072903594894,-0.234168584303496
6.9,400,0.7,1.223459214566832e-07,1.1100322414262594e-05,1.1222668335719277e-05,0.039791033456657354,0.02852134100934465,0.02849393716640374,0.02852134100934465,0.011269692447312706,-0.237900100828561
6.904,400,0.7,1.1668649276559208e-07,1.2144477180644585e-05,1.2261163673410176e-05,0.03990943761894524,0.02829659011137908,0.028272684289238417,0.02829659011137908,0.011612847507566162,-0.24162818363873464
6.908,400,0.7,1.1129036195993792e-07,1.3279277901549487e-05,1.3390568263509425e-05,0.040027807943908235,0.02807326447569419,0.02805239989941486,0.02807326447569419,0.011954543468214045,-0.24535277612439202
6.912,400,0.7,1.061452355939724e-07,1.4511875322923297e-05,1.461802055851727e-05,0.040146143833791094,0.02785135813984358,0.027833138763808347,0.02785135813984358,0.012294785693947513,-0.24907382119945687
6.916,400,0.7,1.0123939490720226e-07,1.5849920620037977e-05,1.595116001494518e-05,0.040264444695257036,0.027630865164632555,0.027614947507920647,0.027630865164632555,0.01263357953062448,-0.2527912612982087
6.92,400,0.7,9.65616690553099e-08,1.7301595182540676e-05,1.7398156851595987e-05,0.040382709937859564,0.02741177963407019,0.027397865713559403,0.02741177963407019,0.012970930303789374,-0.25650503837220134
6.924,400,0.7,9.210140943208682e-08,1.88756417749854e-05,1.8967743184417486e-05,0.04050093897630564,0.027194095655208722,0.027181926871764142,0.027194095655208722,0.013306843321096919,-0.2602150938873077
6.928,400,0.7,8.784846534979696e-08,2.058139710459471e-05,2.0669245569944508e-05,0.040619131228623546,0.0269778073583548,0.02696715920932474,0.0269778073583548,0.013641323870268746,-0.2639213688208733
6.932,400,0.7,8.379316074438874e-08,2.2428825834678653e-05,2.251261899542304e-05,0.040737286117044386,0.026762908896970385,0.026753586404318068,0.026762908896970385,0.013974377220074,-0.26762380365900174
6.936,400,0.7,7.992627200227498e-08,2.4428556073652552e-05,2.450848234565483e-05,0.04085540306794612,0.02654939444770264,0.02654122820535822,0.02654939444770264,0.01430600862024348,-0.27132233839394976
6.94,400,0.7,7.623900682346491e-08,2.659191637279769e-05,2.6668155379621156e-05,0.04097348151164952,0.02633725821030445,0.02633010096695241,0.02633725821030445,0.01463622330134507,-0.2750169125216524
6.944,400,0.7,7.27229840803515e-08,2.8930974261276017e-05,2.9003697245356368e-05,0.041091520881776894,0.026126494407596856,0.026120218112212323,0.026126494407596856,0.014965026474180038,-0.27870746503936583
6.948,400,0.7,6.937021456813974e-08,3.145857634831096e-05,3.1527946562879095e-05,0.041209520616142435,0.02591709728528403,0.025911590532457396,0.02591709728528403,0.015292423330858406,-0.2823939344434334
6.952,400,0.7,6.617308268965208e-08,3.418839001664536e-05,3.425456309933501e-05,0.04132748015646634,0.025709061111818223,0.025704226932381485,0.025709061111818223,0.015618419044648117,-0.28607625872718856
6.956,400,0.7,6.312432898152177e-08,3.713494673156653e-05,3.719807106054805e-05,0.041445398948507704,0.025502380178244043,0.025498134128101677,0.025502380178244043,0.01594301877026366,-0.28975437537896426
6.96,400,0.7,6.021703347162226e-08,4.031368698541415e-05,4.037390401888577e-05,0.04156327644155072,0.02529704879810586,0.02529331730458241,0.02529704879810586,0.01626622764344486,-0.2934282213802366
6.964,400,0.7,5.744459978087996e-08,4.3741006899401366e-05,4.379845149918225e-05,0.0416811120891549,0.02509306130718853,0.025089780237766965,0.02509306130718853,0.016588050781966367,-0.29709773320391186
6.968,400,0.7,5.480074002123248e-08,4.743430648986532e-05,4.7489107229886556e-05,0.04179890534761633,0.02489041206361572,0.024887525486744853,0.02489041206361572,0.016908493284000608,-0.30076284681271176
6.972,400,0.7,5.2279460312062994e-08,5.141203962180623e-05,5.146431908211829e-05,0.041916655678180766,0.02468909544761087,0.02468655455942864,0.02468909544761087,0.017227560230569896,-0.3044234976577141
6.976,400,0.7,4.9875047066866654e-08,5.569376564736828e-05,5.5743640694435146e-05,0.04203436254510064,0.024489105861579163,0.024486868055978946,0.024489105861579163,0.017545256683521474,-0.3080796206770077
6.98,400,0.7,4.7582053869049454e-08,6.0300202742075666e-05,6.034778479594472e-05,0.042152025415891414,0.02429043773003327,0.024288465792609907,0.02429043773003327,0.017861587685858143,-0.311731150294487
6.984,400,0.7,4.53952889279286e-08,6.525328293683434e-05,6.529867822576226e-05,0.04226964376347673,0.024093085499547372,0.024091346908631035,0.024093085499547372,0.018176558263929356,-0.31537802041876817
6.988,400,0.7,4.330980322840753e-08,7.05762088419379e-05,7.06195186451663e-05,0.042387217062648766,0.023897043638747593,0.023895509959033712,0.023897043638747593,0.018490173423901173,-0.3190201644422523
6.992,400,0.7,4.132087911275673e-08,7.629351205876171e-05,7.633483293787447e-05,0.04250474479300286,0.02370230663821137,0.02370095299449194,0.02370230663821137,0.018802438154791493,-0.32265751524030634
6.996,400,0.7,3.9424019489725015e-08,8.243111326470069e-05,8.247053728419042e-05,0.042622226436683855,0.02350886901038369,0.023507673630588838,0.02350886901038369,0.019113357426300166,-0.32629000517058265
7.0,400,0.7,3.761493747344222e-08,8.901638395461757e-05,8.905399889209102e-05,0.04273966148053208,0.023316725289491948,0.02331566910773304,0.023316725289491948,0.01942293619104013,-0.3299175660724801
7.0040000000000004,400,0.7,3.588954657452335e-08,9.60782098168071e-05,9.611409936338163e-05,0.04285704941405493,0.023125870031452188,0.023124936343024573,0.023125870031452188,0.019731179382602743,-0.3335401292667314
7.008,400,0.7,3.424395128328391e-08,0.00010364705572011553,0.0001036812996713988,0.04297438973175569,0.022936297813666243,0.02293547197507002,0.022936297813666243,0.02003809191808945,-0.33715762555512824
7.0120000000000005,400,0.7,3.267443817672345e-08,0.00011175503226912719,0.00011178770670730392,0.043091681929673456,0.02274800323498353,0.022747272402961004,0.02274800323498353,0.020343678694689928,-0.3407699852203821
7.016,400,0.7,3.117746734670241e-08,0.00012043596389551174,0.00012046714136285844,0.043208925508673834,0.022560980915603636,0.022560333820011248,0.022560980915603636,0.0206479445930702,-0.3443771380261241
7.0200000000000005,400,0.7,2.9749664292665365e-08,0.00012972545843961854,0.0001297552081039112,0.04332611997324649,0.022375225496956204,0.02237465224298666,0.022375225496956204,0.020950894476290283,-0.34797901321704205
7.024,400,0.7,2.8387812184819918e-08,0.00013966097816644506,0.00013968936597862989,0.04344326483077905,0.02219073164164558,0.022190223537523326,0.02219073164164558,0.021252533189133473,-0.35157553951915005
7.0280000000000005,400,0.7,2.708884447999056e-08,0.00015028191215925193,0.00015030900100373193,0.04356035959153423,0.02200749403340633,0.02200704344020196,0.02200749403340633,0.021552865558127902,-0.3551666451402092
7.032,400,0.7,2.584983785074654e-08,0.0001616296500289222,0.00016165549986677294,0.0436774037717751,0.021825507377013862,0.021825107577673957,0.021825507377013862,0.021851896394761237,-0.3587522577702674
7.0360000000000005,400,0.7,2.4668005544410278e-08,0.00017374765685934456,0.00017377232486488897,0.04379439688763988,0.0216447663982798,0.02164441148335572,0.0216447663982798,0.022149630489360077,-0.36233230458235377
7.04,400,0.7,2.354069091824208e-08,0.0001866815493203683,0.00018670509001128655,0.043911338461818966,0.021465265843948412,0.02146495061184756,0.021465265843948412,0.022446072617870554,-0.36590671223331156
7.0440000000000005,400,0.7,2.2465361400429342e-08,0.0002004791728522039,0.00020050163821360432,0.044028228018219366,0.021287000481654998,0.02128672035152403,0.021287000481654998,0.02274122753656437,-0.3694754068647644
7.048,400,0.7,2.14396026460366e-08,0.0002151906798366616,0.00021521211943930765,0.04414506508554021,0.021109965099809284,0.021109716035413097,0.021109965099809284,0.023035099985730927,-0.3730383141042294
7.0520000000000005,400,0.7,2.0461113022556607e-08,0.0002308686086402985,0.00023088906975332106,0.044261849194932756,0.0209341545075799,0.020933932950754824,0.0209341545075799,0.023327694687352855,-0.37659535906636366
7.056,400,0.7,1.952769831818842e-08,0.00024756796344120195,0.0002475874911395201,0.04437857988163624,0.02075956353472178,0.020759366347170398,0.02075956353472178,0.02361901634691446,-0.38014646635436267
7.0600000000000005,400,0.7,1.8637266731193117e-08,0.00026534629470011925,0.00026536493196685046,0.04449525668258378,0.02058618703152196,0.02058601144387841,0.02058618703152196,0.023909069651061817,-0.38369156006148686
7.064,400,0.7,1.778782404160669e-08,0.00028426378016412735,0.000284281567988169,0.04461187914079657,0.020414019868698067,0.020413863435934126,0.020414019868698067,0.024197859272098502,-0.38723056377274506
7.0680000000000005,400,0.7,1.697746907820242e-08,0.0003043833062647675,0.0003044002837338457,0.04472844680070532,0.020243056937308837,0.020242917499671543,0.020243056937308837,0.024485389863396483,-0.39076340056670644
7.072,400,0.7,1.6204389353947185e-08,0.00032577054977039725,0.0003257867541597512,0.044844959209083185,0.020073293148664694,0.02007316879744294,0.020073293148664694,0.02477166606041849,-0.39428999301745776
7.0760000000000005,400,0.7,1.5466856890039996e-08,0.0003484940595400945,0.00034850952639698453,0.044961415918832355,0.019904723434262438,0.01990461248177091,0.019904723434262438,0.025056692484569917,-0.3978102631967132
7.08,400,0.7,1.4763224301070052e-08,0.00037262533822427575,0.00037264010144857684,0.0450778164826213,0.01973734274571602,0.019737243698963566,0.01973734274571602,0.025340473736905275,-0.40132413267605155
7.0840000000000005,400,0.7,1.4091920980010515e-08,0.00039823892374595086,0.00039825301566693086,0.0451941604597981,0.019571146054687204,0.01957105759226666,0.019571146054687204,0.025623014405110896,-0.40483152252930427
7.088,400,0.7,1.345144954293773e-08,0.00042541247038663824,0.0004254259218361812,0.045310447409991246,0.01940612835282926,0.01940604930462418,0.01940612835282926,0.025904319057161986,-0.4083323533350861
7.0920000000000005,400,0.7,1.2840382367460679e-08,0.00045422682929888695,0.0004542396696812544,0.04542667689932686,0.01924228465171771,0.019242213981074473,0.01924228465171771,0.026184392247609153,-0.41182654517946743
7.096,400,0.7,1.2257358369303419e-08,0.0004847661282558199,0.0004847783856141892,0.045542848492712944,0.01907960998277283,0.019079546770830548,0.01907960998277283,0.026463238509940114,-0.4153140176587863
7.1000000000000005,400,0.7,1.1701079852004101e-08,0.0005171178504296957,0.0005171295515095477,0.04565896176089635,0.01891809939722906,0.018918042829139885,0.01891809939722906,0.02674086236366729,-0.41879468988261115
7.104,400,0.7,1.1170309553414911e-08,0.000551372912024658,0.0005513840823342114,0.04577501627830119,0.01875774796599504,0.01875769731880073,0.01875774796599504,0.02701726831230615,-0.4222684804768323
7.1080000000000005,400,0.7,1.0663867826455105e-08,0.0005876257385123787,0.0005876364023802051,0.0458910116212881,0.018598550779614552,0.018598505411575136,0.018598550779614552,0.027292460841673548,-0.42573530758691436
7.112,400,0.7,1.0180629937126817e-08,0.0006259743392806739,0.0006259845199106111,0.046006947369658956,0.018440502948171927,0.018440462289368076,0.018440502948171927,0.02756644442148703,-0.42919508888127306
7.1160000000000005,400,0.7,9.719523499720776e-09,0.000666520380457739,0.0006665300999812387,0.04612282310584546,0.018283599601204566,0.01828356314525769,0.018283599601204566,0.02783922350464089,-0.4326477415548074
7.12,400,0.7,9.279526024790996e-09,0.0007093692556775512,0.000709378535203576,0.04623863841591858,0.018127835887626422,0.018127803184400083,0.018127835887626422,0.02811080252829216,-0.43609318233257116
7.1240000000000006,400,0.7,8.859662587199158e-09,0.000754630154551958,0.0007546390142145452,0.04635439288940871,0.017973206975642968,0.01797317762480625,0.017973206975642968,0.02838118591376574,-0.4395313274735763
7.128,400,0.7,8.459003610718736e-09,0.0008024161286000769,0.0008024245876036876,0.04647008611693816,0.017819708052674525,0.01781968169802286,0.017819708052674525,0.028650378064263637,-0.442962092774752
7.132000000000001,400,0.7,8.07666273645984e-09,0.0008528441543846318,0.0008528522310473683,0.046585717693496724,0.017667334325284154,0.017667310649726164,0.017667334325284154,0.02891838336821257,-0.44638539357504486
7.136,400,0.7,7.711794800062664e-09,0.0009060351935906107,0.0009060429053854108,0.04670128721966964,0.017516081019132487,0.017516059740262647,0.017516081019132487,0.02918520620053715,-0.4498011447596403
7.140000000000001,400,0.7,7.363593935291979e-09,0.000962114249815089,0.0009621216134090243,0.04681679429240718,0.017365943378871908,0.017365924245058645,0.017365943378871908,0.02945085091353527,-0.45320926076435525
7.144,400,0.7,7.031291698118416e-09,0.0010212104217582041,0.0010212174530499023,0.0469322385179006,0.017216916668113435,0.017216899455041224,0.017216916668113435,0.029715321849787164,-0.45660965558014466
7.148000000000001,400,0.7,6.7141553436778955e-09,0.0010834569525902883,0.001083463666745632,0.04704761950344803,0.017068996169338296,0.0170689806769495,0.017068996169338296,0.029978623334109736,-0.4600022427577592
7.152,400,0.7,6.411486158603748e-09,0.0011489912751872723,0.001148997686673431,0.04716293685717677,0.016922177183852444,0.01692216323364149,0.016922177183852444,0.030240759673324326,-0.46338693541254794
7.156000000000001,400,0.7,6.122617859283872e-09,0.0012179550529987449,0.0012179611756166042,0.04727819019274557,0.01677645503168805,0.016776442464306242,0.01677645503168805,0.030501735161057517,-0.4667636462293926
7.16,400,0.7,5.846915086489852e-09,0.0012904942162320883,0.0012905000631471748,0.04739337912608937,0.01663182505154883,0.016631813724683187,0.01663182505154883,0.030761554074540537,-0.4701322874677792
7.164000000000001,400,0.7,5.583771962064888e-09,0.0013667589931035211,0.0013667645768754833,0.0475085032751483,0.016488282600730944,0.01648827238722479,0.016488282600730944,0.031020220674417356,-0.47349277096701287
7.168,400,0.7,5.332610711538943e-09,0.0014469039358708526,0.0014469092684815641,0.047623562260352505,0.016345823055039066,0.01634581384122612,0.016345823055039066,0.03127773920531344,-0.476845008151565
7.172,400,0.7,5.092880348155142e-09,0.0015310879413558787,0.0015310930342362268,0.047738555706779505,0.016204441808721607,0.016204433492948648,0.016204441808721607,0.031534113898057894,-0.48018891003656733
7.176,400,0.7,4.864055429919175e-09,0.0016194742657036569,0.0016194791297590868,0.047853483240984256,0.01606413427437915,0.01606412676569527,0.01606413427437915,0.03178934896660511,-0.48352438723342916
7.18,400,0.7,4.645634864554951e-09,0.0017122305330703575,0.0017122351787052222,0.04796834449260937,0.01592489588290196,0.015924889099895128,0.01592489588290196,0.03204344860970741,-0.4868513499555963
7.184,400,0.7,4.437140770649419e-09,0.0018095287379817724,0.001809533175122543,0.048083139096287114,0.015786722083403443,0.01578671595316738,0.015786722083403443,0.032296417012883674,-0.4901697080244524
7.188,400,0.7,4.238117410365984e-09,0.0019115452410980505,0.001911549479215461,0.04819786668322998,0.015649608343141084,0.015649602800357397,0.015649608343141084,0.0325482583400889,-0.4934793708753323
7.192,400,0.7,4.048130133562035e-09,0.0020184607581023163,0.00201846480623245,0.048312526894647226,0.015513550147446889,0.015513545133569286,0.015513550147446889,0.03279897674720034,-0.4967802475637022
7.196,400,0.7,3.866764413156575e-09,0.0021304603414423148,0.0021304642082067278,0.04842711937139271,0.01537854299967272,0.015378538462201606,0.01537854299967272,0.03304857637171999,-0.5000722467714375
7.2,400,0.7,3.6936249032697124e-09,0.0022477333546975457,0.002247737048322449,0.04854164375620686,0.015244582421110826,0.015244578312947975,0.015244582421110826,0.03329706133509604,-0.5033552768132574
7.204,400,0.7,3.528334545967922e-09,0.002370473439274479,0.002370476967609025,0.048656099693357345,0.015111663950945492,0.015111660229819723,0.015111663950945492,0.03354443574241185,-0.5066292456432729
7.208,400,0.7,3.3705337096103662e-09,0.0024988784732466753,0.002498881843780385,0.04877048683579303,0.014979783146162993,0.014979779774118821,0.014979783146162993,0.03379070368963003,-0.5098940608616898
7.212,400,0.7,3.219879394671433e-09,0.0026331505220234287,0.0026331537419028235,0.048884804832906345,0.014848935581508776,0.014848932524450891,0.014848935581508776,0.034035869251397566,-0.5131496297215965
7.216,400,0.7,3.0760444477247767e-09,0.002773495780712215,0.0027734988567566627,0.048999053338904766,0.014719116849391313,0.014719114076678657,0.014719116849391313,0.034279936489513455,-0.5163958591359386
7.22,400,0.7,2.9387168254626477e-09,0.0029201245078544187,0.002920127446571244,0.049113232011984566,0.014590322559837053,0.014590320043920918,0.014590322559837053,0.03452290945214751,-0.5196326556845594
7.224,400,0.7,2.807598896489627e-09,0.003073250950422897,0.0030732537580217935,0.04922734051029093,0.014462548340400637,0.014462546056501878,0.014462548340400637,0.03476479216989029,-0.5228599256214169
7.228,400,0.7,2.6824067640615905e-09,0.0032330932598134622,0.0032330959422202264,0.0493413784978358,0.014335789836099429,0.014335787761920434,0.014335789836099429,0.03500558866173637,-0.5260775748818949
7.232,400,0.7,2.562869634568439e-09,0.0033998733986591156,0.00339987596152875,0.04945534563812028,0.014210042709354456,0.014210040824822029,0.014210042709354456,0.03524530292876582,-0.5292855090902442
7.236,400,0.7,2.4487292061006893e-09,0.0035738170383514288,0.0035738194870806347,0.0495692415958604,0.014085302639895865,0.014085300926931589,0.014085302639895865,0.035483938955964536,-0.5324836335671552
7.24,400,0.7,2.3397390760855593e-09,0.003755153447001886,0.003755155786740962,0.049683066049350987,0.013961565324716903,0.01396156376703199,0.013961565324716903,0.035721500724634085,-0.5356718533374446
7.244,400,0.7,2.2356642154798404e-09,0.003944115367791347,0.003944117603455562,0.04979681866224592,0.013838826478002924,0.013838825060914823,0.013838826478002924,0.03595799218424299,-0.5388500731378579
7.248,400,0.7,2.1362804101907143e-09,0.0041409388875635516,0.004140941023843962,0.04991049911571379,0.01371708183105244,0.013717080541320863,0.01371708183105244,0.03619341728466135,-0.5420181974250032
7.252,400,0.7,2.041373780459565e-09,0.004345863295491132,0.004345865336864912,0.05002410708485772,0.013596327132227175,0.01359632595790739,0.013596327132227175,0.03642777995263055,-0.545176130383386
7.256,400,0.7,1.9507402918237096e-09,0.0045591309317854515,0.004559132882525743,0.050137642248954783,0.013476558146885666,0.01347655707719722,0.013476558146885666,0.036661084102069114,-0.5483237759335764
7.26,400,0.7,1.8641852979005566e-09,0.0047809870263652845,0.004780988890550583,0.050251104292196994,0.013357770657309198,0.013357769682518363,0.013357770657309198,0.036893333634887795,-0.5514610377404773
7.264,400,0.7,1.7815231069739362e-09,0.005011679527371543,0.00501168130889465,0.050364492901127385,0.013239960462649407,0.013239959573963898,0.013239960462649407,0.03712453243847798,-0.5545878192217221
7.268,400,0.7,1.7025765694751762e-09,0.005251458919568294,0.005251460622144864,0.05047780776046942,0.013123123378852861,0.013123122568327482,0.013123123378852861,0.037354684381616564,-0.5577040235561588
7.272,400,0.7,1.6271766759014467e-09,0.0055005780325327585,0.005500579659709434,0.050591048561556315,0.013007255238604645,0.013007254499056717,0.013007255238604645,0.03758379332295167,-0.5608095536924761
7.276,400,0.7,1.5551621818453961e-09,0.005759291838702904,0.005759293393865086,0.050704214999367704,0.012892351891255718,0.012892351216189228,0.012892351891255718,0.037811863108111986,-0.5639043123579094
7.28,400,0.7,1.4863792515787474e-09,0.006027857241255399,0.00602785872763465,0.05081730676701848,0.012778409202759002,0.012778408586296548,0.012778409202759002,0.03803889756425948,-0.5669882020670789
7.284,400,0.7,1.420681111881201e-09,0.006306532851880857,0.006306534272561969,0.05093032356019291,0.01266542305560228,0.012665422492423993,0.01266542305560228,0.03826490050459063,-0.5700611251309037
7.288,400,0.7,1.3579277223831506e-09,0.006595578758511337,0.006595580116439059,0.051043265082007,0.01255338934874264,0.012553388834031336,0.01255338934874264,0.03848987573326436,-0.573122983665664
7.292,400,0.7,1.2979854678234951e-09,0.006895256283096999,0.006895257581082467,0.05115613103637209,0.012442303997538637,0.012442303526930551,0.012442303997538637,0.03871382703883346,-0.5761736796021125
7.296,400,0.7,1.2407268638998437e-09,0.00720582772952895,0.007205828970255814,0.05126892112125448,0.012332162933685508,0.012332162503226022,0.012332162933685508,0.038936758187568976,-0.5792131146947351
7.3,400,0.7,1.1860302627488939e-09,0.007527556121845768,0.007527557307876031,0.051381635050111854,0.012222962105151298,0.012222961711255143,0.012222962105151298,0.03915867294496056,-0.5822411905310753
7.304,400,0.7,1.1337795950856187e-09,0.007860704932868865,0.00786070606664846,0.05149427252781503,0.012114697476117374,0.01211469711553282,0.012114697476117374,0.03937957505169765,-0.5852578085411823
7.308,400,0.7,1.0838641018950363e-09,0.008205537803499061,0.008205538887363164,0.051606833272608975,0.012007365026906287,0.012007364696682949,0.012007365026906287,0.039599468245702686,-0.5882628700071325
7.312,400,0.7,1.036178100048146e-09,0.008562318252788356,0.008562319288966455,0.051719316991601955,0.011900960753926978,0.011900960451386824,0.011900960753926978,0.039818356237674976,-0.5912562760726625
7.316,400,0.7,9.906207364297644e-10,0.008931309379085695,0.008931310369706432,0.05183172340697911,0.011795480669612845,0.011795480392324087,0.011795480669612845,0.040036242737366265,-0.5942379277528852
7.32,400,0.7,9.470957749650542e-10,0.009312773552509654,0.00931277449960543,0.05194405223182377,0.011690920802354378,0.011690920548107962,0.011690920802354378,0.040253131429469395,-0.5972077259440978
7.324,400,0.7,9.055113750695005e-10,0.009706972098962293,0.009706973004473667,0.05205630319121713,0.011587277196443915,0.011587276963232331,0.011587277196443915,0.040469025994773214,-0.6001655714336777
7.328,400,0.7,8.657798942504949e-10,0.010114164976060507,0.0101141658418404,0.05216847600838552,0.011484545912010438,0.011484545698008625,0.011484545912010438,0.04068393009637508,-0.6031113649100704
7.332,400,0.7,8.278176924931511e-10,0.010534610441272553,0.010534611269090246,0.05228057040983605,0.011382723024955705,0.011382722828503812,0.011382723024955705,0.04089784738488035,-0.6060450069728502
7.336,400,0.7,7.915449498602884e-10,0.010968564712593044,0.010968565504137993,0.05239258611873296,0.01128180462689471,0.011281804446482564,0.01128180462689471,0.04111078149183825,-0.6089663981428778
7.34,400,0.7,7.568854841915087e-10,0.01141628162216425,0.011416282379049734,0.052504522874428215,0.011181786825091309,0.011181786659344377,0.011181786825091309,0.04132273604933691,-0.6118754388725269
7.344,400,0.7,7.237665925630005e-10,0.011878012263204552,0.011878012986971144,0.05261638040370766,0.011082665742397291,0.011082665590064022,0.011082665742397291,0.04153371466131037,-0.6147720295559969
7.348,400,0.7,6.921188859448122e-10,0.012354004630708003,0.01235400532282689,0.05272815843642153,0.010984437517184475,0.010984437377124859,0.010984437517184475,0.04174372091923705,-0.6176560705396982
7.352,400,0.7,6.618761334589181e-10,0.012844503256256393,0.012844503918132527,0.05283985671769349,0.010887098303290687,0.01088709817446591,0.010887098303290687,0.0419527584144028,-0.6205274621327158
7.356,400,0.7,6.329751237675991e-10,0.0133497488375187,0.013349749470493824,0.05295147498375484,0.010790644269954672,0.010790644151417778,0.010790644269954672,0.04216083071380017,-0.623386104617334
7.36,400,0.7,6.053555221588783e-10,0.013869977862872864,0.013869978468228386,0.05306301297639602,0.01069507160175111,0.01069507149263855,0.01069507160175111,0.04236794137464491,-0.6262318982596576
7.364,400,0.7,5.789597386374262e-10,0.014405422231582624,0.014405422810542362,0.053174470442013434,0.010600376498537813,0.010600376398061806,0.010600376498537813,0.042574093943475624,-0.6290647433202617
7.368,400,0.7,5.537328043690711e-10,0.014956308870197573,0.014956309423930378,0.05328584712027367,0.01050655517538758,0.010506555082829182,0.01050655517538758,0.04277929194488609,-0.6318845400649563
7.372,400,0.7,5.296222473192469e-10,0.015522859345542437,0.015522859875164684,0.05339714276102504,0.010413603862536518,0.010413603777239372,0.010413603862536518,0.04298353889848852,-0.6346911887755617
7.376,400,0.7,5.065779796146826e-10,0.016105289475005904,0.016105289981583885,0.05350835711577961,0.010321518805321344,0.010321518726686003,0.010321518805321344,0.04318683831045826,-0.637484589760793
7.38,400,0.7,4.845521883932717e-10,0.016703808934637254,0.016703809419189444,0.05361948993604173,0.010230296264118248,0.010230296191597037,0.010230296264118248,0.04338919367192348,-0.64026464336717
7.384,400,0.7,4.6349923094825414e-10,0.01731862086559884,0.01731862132909807,0.0537305409753777,0.010139932514289372,0.01013993244738173,0.010139932514289372,0.04359060846108833,-0.6430312499900106
7.388,400,0.7,4.433755339617244e-10,0.017949921479699885,0.01794992192307542,0.05384150999630933,0.010050423846118489,0.010050423784366751,0.010050423846118489,0.04379108615019084,-0.645784310084453
7.392,400,0.7,4.2413950178815246e-10,0.018597899664511544,0.018597900088651045,0.05395239675289602,0.009961766564754719,0.009961766507740284,0.009961766564754719,0.043990630188141304,-0.6485237241765555
7.396,400,0.7,4.057514239204353e-10,0.01926273658874744,0.019262736994498864,0.05406320100046471,0.00987395699015585,0.0098739569374957,0.00987395699015585,0.04418924401030886,-0.6512493928744253
7.4,400,0.7,3.8817338611796034e-10,0.01994460530862173,0.019944605696795115,0.05417392251171134,0.00978699145702301,0.009786991408366572,0.00978699145702301,0.04438693105468833,-0.6539612168794172
7.404,400,0.7,3.713691937894254e-10,0.020643670375695554,0.020643670747064746,0.05428456104157086,0.009700866314746315,0.00970086626977258,0.009700866314746315,0.044583694726824545,-0.6566590969973524
7.408,400,0.7,3.553042882170841e-10,0.021360087446974915,0.021360087802279205,0.05439511635922263,0.009615577927347558,0.00961557788576249,0.009615577927347558,0.04477953843187507,-0.6593429341498082
7.412,400,0.7,3.3994567298172135e-10,0.022094002897974946,0.022094003237920618,0.05450558824108315,0.00953112267341591,0.009531122634950078,0.00953112267341591,0.04497446556766724,-0.6620126293854226
7.416,400,0.7,3.252618454230321e-10,0.022845553439284124,0.02284555376454597,0.05461597644939644,0.009447496946054214,0.009447496910460653,0.009447496946054214,0.045168479503342226,-0.6646680838912563
7.42,400,0.7,3.1122272443614864e-10,0.023614865737440788,0.023614866048663512,0.05472628076080807,0.009364697152820149,0.009364697119872395,0.009364697152820149,0.04536158360798792,-0.6673091990041882
7.424,400,0.7,2.9779958796990463e-10,0.02440205604075936,0.024402056338558947,0.05483650094814875,0.009282719715668604,0.009282719685158923,0.009282719715668604,0.04555378123248015,-0.6699358762223326
7.428,400,0.7,2.8496501030064267e-10,0.025207229810805105,0.025207230095770115,0.0549466367851795,0.00920156107089434,0.00920156104263211,0.00920156107089434,0.045745075714285155,-0.6725480172164956
7.432,400,0.7,2.7269280084257313e-10,0.026030481360211376,0.026030481632904178,0.05505668806494,0.009121217669074708,0.00912121764288495,0.009121217669074708,0.04593547039586529,-0.675145523841676
7.436,400,0.7,2.609579539264467e-10,0.026871893497473126,0.02687189375843108,0.055166654544126184,0.009041685975017845,0.00904168595073988,0.009041685975017845,0.04612496856910834,-0.6777282981485547
7.44,400,0.7,2.497365858327904e-10,0.027731537179566463,0.02773153742930305,0.05527653602555389,0.008962962467700751,0.00896296244518698,0.008962962467700751,0.04631357355785314,-0.6802962423950518
7.444,400,0.7,2.3900589123599444e-10,0.028609471172883143,0.028609471411889034,0.0553863322869446,0.008885043640216613,0.008885043619331406,0.008885043640216613,0.04650128864672799,-0.6828492590578675
7.448,400,0.7,2.2874409039510067e-10,0.029505741723286214,0.029505741952030304,0.05549604311611247,0.00880792599971892,0.0088079259803376,0.00880792599971892,0.04668811711639355,-0.685387250844071
7.452,400,0.7,2.1893038378069098e-10,0.03042038223593016,0.030420382454860544,0.055605668297318195,0.008731606067365581,0.008731606049373501,0.008731606067365581,0.046874062229952614,-0.6879101207026844
7.456,400,0.7,2.0954490654840124e-10,0.03135341296552637,0.03135341317507128,0.055715207621174774,0.008656080378261925,0.008656080361553624,0.008656080378261925,0.04705912724291285,-0.6904177718363035
7.46,400,0.7,2.005686860337246e-10,0.03230484071764969,0.03230484091821838,0.055824660885281555,0.008581345481407578,0.008581345465886011,0.008581345481407578,0.04724331540387398,-0.6929101077126899
7.464,400,0.7,1.9198360258784822e-10,0.03327465856184422,0.033274658753827825,0.05593402787684029,0.00850739793963802,0.00850739792521386,0.00850739793963802,0.04742662993720227,-0.6953870320764298
7.468,400,0.7,1.8377234909421753e-10,0.03426284555703051,0.034262845740802864,0.05604330839377005,0.008434234329571483,0.008434234316162473,0.008434234329571483,0.047609074064198564,-0.6978484489605461
7.472,400,0.7,1.7591839453744332e-10,0.035269366489941154,0.03526936666585955,0.05615250223954564,0.008361851241552509,0.008361851229082878,0.008361851241552509,0.04779065099799313,-0.7002942626981448
7.476,400,0.7,1.684059494717084e-10,0.03629417162712355,0.036294171795529497,0.05626160921334986,0.008290245279597333,0.008290245267997263,0.008290245279597333,0.04797136393375253,-0.7027243779340482
7.48,400,0.7,1.612199328102002e-10,0.03733719648112978,0.03733719664234971,0.05637062910207911,0.008219413061338566,0.008219413050543706,0.008219413061338566,0.04815121604074054,-0.7051386996364386
7.484,400,0.7,1.5434593666589737e-10,0.038398361591425775,0.038398361745771714,0.056479561726956756,0.00814935121797167,0.008149351207922676,0.00814935121797167,0.04833021050898509,-0.7075371331084853
7.488,400,0.7,1.4777019983798976e-10,0.0394775723206049,0.0394775724683751,0.05658840688163899,0.008080056394200627,0.00808005638484277,0.008080056394200627,0.048508350487438366,-0.7099195839999792
7.492,400,0.7,1.4147957593765007e-10,0.04057471866641502,0.0405747188078946,0.05669716437231619,0.008011525248184163,0.008011525239466938,0.008011525248184163,0.04868563912413203,-0.7122859583189428
7.496,400,0.7,1.3546150505061242e-10,0.041689675090098174,0.04168967522555968,0.05680583402884754,0.007943754451482748,0.007943754443359544,0.007943754451482748,0.0488620795773648,-0.7146361624432432
7.5,400,0.7,1.2970399108840036e-10,0.042822300361563106,0.0428223004912671,0.056914415633469974,0.00787674068900411,0.007876740681431888,0.00787674068900411,0.04903767494446586,-0.7169701031321819
7.5040000000000004,400,0.7,1.241955715108844e-10,0.04397243742175783,0.043972437545953404,0.05702290900794226,0.007810480658952587,0.007810480651891597,0.007810480658952587,0.04921242834898967,-0.7192876875380686
7.508,400,0.7,1.1892529542416372e-10,0.04513991326280533,0.04513991338173062,0.05713131397372918,0.007744971072774403,0.007744971066187921,0.007744971072774403,0.049386342900954776,-0.7215888232177808
7.5120000000000005,400,0.7,1.1388270114164515e-10,0.046324538826183474,0.046324538940066176,0.057239630336518695,0.007680208655106226,0.007680208648960311,0.007680208655106226,0.04955942168141247,-0.7238734181442992
7.516,400,0.7,1.0905779235977138e-10,0.04752610891941143,0.047526109028469224,0.05734785792268242,0.007616190143721941,0.007616190137985209,0.007616190143721941,0.04973166777896048,-0.7261413807182123
7.5200000000000005,400,0.7,1.0444101868234245e-10,0.048744402151545685,0.0487444022559867,0.057455996545971395,0.007552912289480207,0.0075529122841236414,0.007552912289480207,0.04990308425649119,-0.7283926197792073
7.524,400,0.7,1.0002325437512717e-10,0.04997918088778183,0.049979180987805086,0.05756404603305823,0.00749037185627378,0.007490371851270534,0.00749037185627378,0.05007367417678445,-0.7306270446175203
7.5280000000000005,400,0.7,9.579578043474394e-11,0.05123019122355925,0.05123019131935503,0.05767200619372029,0.007428565620974873,0.007428565616300101,0.007428565620974873,0.050243440572745414,-0.7328445649853542
7.532,400,0.7,9.175026497715035e-11,0.05249716297829168,0.052497163070041944,0.057779876852409255,0.007367490373383554,0.0073674903690142575,0.007367490373383554,0.0504123864790257,-0.7350450911082693
7.5360000000000005,400,0.7,8.787874551359588e-11,0.053779809708964114,0.05377980979684286,0.057887657858768114,0.007307142916177856,0.007307142912092738,0.007307142916177856,0.050580514942590256,-0.73722853369654
7.54,400,0.7,8.417361499825624e-11,0.05507782874391554,0.055077828828089155,0.057995349012134864,0.00724752006485945,0.007247520061038782,0.00724752006485945,0.05074782894727541,-0.7393948039564514
7.5440000000000005,400,0.7,8.06276020134805e-11,0.05639090123676713,0.05639090131739473,0.05810295017074489,0.007188618647704329,0.007188618644129834,0.007188618647704329,0.05091433152304056,-0.7415438136015787
7.548,400,0.7,7.723375951888385e-11,0.057718692240783534,0.057718692318017295,0.05821046113754489,0.007130435505710554,0.0071304355023652875,0.007130435505710554,0.051080025631834336,-0.7436754748640044
7.5520000000000005,400,0.7,7.398544745806588e-11,0.05906085080367994,0.05906085087766539,0.05831788174508946,0.00707296749254671,0.007072967489414963,0.00707296749254671,0.051244914252542746,-0.745789700505498
7.556,400,0.7,7.087631867201856e-11,0.060417010082865125,0.06041701015374144,0.0584252118711301,0.00701621147450359,0.007016211471570793,0.00701621147450359,0.05140900039662651,-0.7478864038286375
7.5600000000000005,400,0.7,6.790031003338549e-11,0.06178678748132365,0.06178678754922396,0.0585324512883627,0.006960164330441117,0.006960164327693752,0.006960164330441117,0.051572286957921584,-0.7499654986878929
7.564,400,0.7,6.50516232365549e-11,0.06316978480389358,0.0631697848689452,0.058639599894016084,0.0069048229517402,0.006904822949165726,0.0069048229517402,0.051734776942275885,-0.7520268995006296
7.5680000000000005,400,0.7,6.232471920213853e-11,0.0645655884340484,0.06456558849637312,0.05874665747977481,0.0068501842422525605,0.006850184239839328,0.0068501842422525605,0.05189647323752225,-0.7540705212580922
7.572,400,0.7,5.9714301363645e-11,0.06597376953107151,0.06597376959078581,0.05885362392597132,0.006796245118249705,0.006796245115986901,0.006796245118249705,0.05205737880772161,-0.7560962795362841
7.5760000000000005,400,0.7,5.7215308794015294e-11,0.06739388424738074,0.06739388430459604,0.05896049904272996,0.006743002508375644,0.006743002506253221,0.006743002508375644,0.05221749653435431,-0.7581040905068284
7.58,400,0.7,5.482290269274545e-11,0.06882547396603615,0.06882547402085905,0.05906728269233651,0.006690453353595828,0.006690453351604454,0.006690453353595828,0.05237682933874069,-0.760093870947729
7.5840000000000005,400,0.7,5.2532457690156795e-11,0.07026806555809358,0.07026806561062604,0.05917397473911594,0.0066385946071479815,0.006638594605278979,0.0066385946071479815,0.05253538013196796,-0.7620655382540875
7.588,400,0.7,5.03395536304619e-11,0.0717211716596074,0.07172117170994695,0.05928057498338803,0.006587423234493484,0.006587423232738787,0.006587423234493484,0.05269315174889455,-0.7640190104487415
7.5920000000000005,400,0.7,4.823996319064755e-11,0.07318429096804548,0.07318429101628544,0.05938708331639047,0.006536936213268336,0.0065369362116204435,0.006536936213268336,0.052850147103122136,-0.7659542061928304
7.596,400,0.7,4.622964657554795e-11,0.07465690855782846,0.0746569086040581,0.0594934995571833,0.006487130533233518,0.006487130531685449,0.006487130533233518,0.05300636902394978,-0.7678710447962931
7.6000000000000005,400,0.7,4.430474038917282e-11,0.07613849621457361,0.07613849625887835,0.05959982359518661,0.006438003196227747,0.006438003194773005,0.006438003196227747,0.053161820398958864,-0.7697694462282858
7.604,400,0.7,4.246155230520147e-11,0.0776285127878642,0.07762851283032575,0.059706055252711866,0.006389551216116438,0.006389551214748978,0.006389551216116438,0.05331650403659543,-0.7716493311275148
7.6080000000000005,400,0.7,4.069655131330446e-11,0.07912640456185803,0.07912640460255459,0.059812194403467495,0.006341771618746566,0.006341771617460757,0.006341771618746566,0.05347042278472093,-0.7735106208125017
7.612,400,0.7,3.900636189352072e-11,0.0806316056436727,0.08063160568267906,0.05991824089406881,0.0062946614418954005,0.006294661440686,0.0062946614418954005,0.05362357945217341,-0.7753532372917542
7.6160000000000005,400,0.7,3.738775631264759e-11,0.08214353836871756,0.08214353840610532,0.06002419459106333,0.006248217735225251,0.006248217734087372,0.006248217735225251,0.053775976855838084,-0.7771771032738597
7.62,400,0.7,3.583764868750957e-11,0.0836616137228094,0.08366161375864706,0.06013005533947807,0.006202437560233802,0.006202437559162891,0.006202437560233802,0.05392761777924427,-0.778982142177481
7.6240000000000006,400,0.7,3.4353087890765335e-11,0.08518523178029817,0.08518523181465126,0.060235823015932076,0.006157317990208164,0.006157317989199976,0.006157317990208164,0.05407850502572391,-0.7807682781412696
7.628,400,0.7,3.29312521794032e-11,0.08671378215785439,0.08671378219078564,0.06034149748693173,0.006112856110176569,0.0061128561092271445,0.006112856110176569,0.05422864137675516,-0.7825354360336871
7.632000000000001,400,0.7,3.156944349181817e-11,0.08824664448318649,0.08824664451475593,0.0604470786031691,0.006069049016862572,0.00606904901596822,0.006069049016862572,0.054378029586306526,-0.7842835414627305
7.636,400,0.7,3.0265081220326594e-11,0.08978318887823683,0.08978318890850191,0.06055256625737439,0.00602589381863744,0.006025893817794713,0.00602589381863744,0.05452667243873695,-0.7860125207855551
7.640000000000001,400,0.7,2.9015698463381592e-11,0.09132277645613447,0.09132277648515016,0.06065796026520703,0.005983387635473712,0.005983387634679394,0.005983387635473712,0.05467457262973331,-0.7877223011180116
7.644,400,0.7,2.7818935064458498e-11,0.09286475983128724,0.09286475985910618,0.06076326052415148,0.005941527598899084,0.005941527598150175,0.005941527598899084,0.054821732925252394,-0.7894128103440647
7.648000000000001,400,0.7,2.667253400364869e-11,0.09440848364196108,0.09440848366863362,0.060868466922469826,0.00590031085195024,0.005900310851243933,0.00590031085195024,0.05496815607051959,-0.7910839771251353
7.652,400,0.7,2.557433699285607e-11,0.09595328508467424,0.09595328511024857,0.060973579321149725,0.005859734549126202,0.005859734548459879,0.005859734549126202,0.055113844772023524,-0.792735730909305
7.656000000000001,400,0.7,2.4522279762986017e-11,0.09749849445966435,0.09749849448418663,0.06107859758382637,0.005819795856342239,0.005819795855713453,0.005819795856342239,0.055258801727484125,-0.7943680019404404
7.66,400,0.7,2.3514387885929158e-11,0.09904343572667312,0.09904343575018751,0.061183521579155534,0.005780491950884991,0.005780491950291453,0.005780491950884991,0.05540302962827054,-0.7959807212671975
7.664000000000001,400,0.7,2.254877258747256e-11,0.10058742707043751,0.10058742709298628,0.061288351205430046,0.005741820021365467,0.00574182002080504,0.005741820021365467,0.05554653118406458,-0.7975738207519121
7.668,400,0.7,2.1623627439332162e-11,0.10212978147496651,0.10212978149659015,0.06139308634034629,0.005703777267674176,0.005703777267144859,0.005703777267674176,0.05568930907267212,-0.7991472330793863
7.672000000000001,400,0.7,2.0737224616435602e-11,0.10366980730592155,0.10366980732665879,0.061497726849992336,0.005666360900936001,0.005666360900435922,0.005666360900936001,0.055831365949056334,-0.8007008917655567
7.676,400,0.7,1.9887911293647332e-11,0.10520680890035361,0.10520680892024152,0.06160227260366357,0.0056295681434640095,0.005629568142991419,0.0056295681434640095,0.05597270446019956,-0.8022347311660363
7.68,400,0.7,1.9074105909812537e-11,0.10674008716287839,0.10674008718195249,0.061706723530531,0.005593396228715231,0.0055933962282684905,0.005593396228715231,0.05611332730181577,-0.8037486864845639
7.684,400,0.7,1.829429650829309e-11,0.10826894016759032,0.10826894018588462,0.061811079427181684,0.0055578424012457895,0.005557842400823362,0.0055578424012457895,0.0562532370259359,-0.8052426937812984
7.688,400,0.7,1.7547035218833634e-11,0.1097926637648631,0.10979266378241014,0.0619153402842183,0.005522903916666389,0.005522903916266839,0.005522903916666389,0.05639243636755191,-0.8067166899810194
7.692,400,0.7,1.6830937982497172e-11,0.11131055219227123,0.11131055220910217,0.06201950594127537,0.005488578041596972,0.0054885780412189545,0.005488578041596972,0.0565309278996784,-0.808170612881191
7.696,400,0.7,1.6144680557745278e-11,0.1128218986886593,0.11282189870480398,0.06212357624436468,0.005454862053623946,0.005454862053266198,0.005454862053623946,0.05666871419074074,-0.8096044011599045
7.7,400,0.7,1.548699526074879e-11,0.11432599611072722,0.11432599612621422,0.0622275511490234,0.0054217532412554935,0.005421753240916835,0.0054217532412554935,0.0568057979077679,-0.8110179943836912
7.704,400,0.7,1.4856669963633574e-11,0.1158221375511708,0.11582213756602747,0.06233143048929968,0.0053892489038780455,0.005389248903557366,0.0053892489038780455,0.05694218158542163,-0.8124113330152085
7.708,400,0.7,1.4252544278511072e-11,0.11730961695762551,0.11730961697187806,0.062435214198227194,0.0053573463517121575,0.0053573463514084195,0.0053573463517121575,0.057077867846515036,-0.8137843584207962
7.712,400,0.7,1.3673508380902993e-11,0.11878772975148492,0.11878772976515843,0.06253890212480137,0.00532604290577002,0.005326042905482248,0.00532604290577002,0.05721285921903135,-0.8151370128778982
7.716,400,0.7,1.3118499768609561e-11,0.12025577344592878,0.12025577345904728,0.06264249421463867,0.0052953358978111275,0.005295335897538406,0.0052953358978111275,0.057347158316827546,-0.8164692395823531
7.72,400,0.7,1.2586502267989176e-11,0.12171304826216861,0.12171304827475511,0.06274599031185066,0.005265222670299836,0.005265222670041309,0.005265222670299836,0.05748076764155082,-0.8177809826555459
7.724,400,0.7,1.2076543003878176e-11,0.12315885774322531,0.12315885775530186,0.06284939034888364,0.005235700576362006,0.005235700576116864,0.005235700576362006,0.057613689772521626,-0.8190721871514335
7.728,400,0.7,1.1587691294472048e-11,0.12459250936434482,0.12459250937593251,0.06295269419120135,0.005206766979742571,0.005206766979510059,0.005206766979742571,0.05774592721145878,-0.82034279906342
7.732,400,0.7,1.1119056007967975e-11,0.12601331513935546,0.1260133151504745,0.06305590180519843,0.005178419254761934,0.0051784192545413395,0.005178419254761934,0.057877482550436496,-0.8215927653310992
7.736,400,0.7,1.0669785115455276e-11,0.1274205922220093,0.1274205922326791,0.06315901297487567,0.00515065478627457,0.005150654786065229,0.00515065478627457,0.058008358188601096,-0.8228220338468524
7.74,400,0.7,1.0239062190538375e-11,0.12881366350173964,0.1288136635119787,0.063262027708666,0.00512347096962564,0.005123470969426922,0.00512347096962564,0.05813855673904036,-0.8240305534623187
7.744,400,0.7,9.826106563341518e-12,0.1301918581929353,0.1301918582027614,0.06336494584300773,0.005096865210608292,0.005096865210419607,0.005096865210608292,0.05826808063239943,-0.8252182739946932
7.748,400,0.7,9.430170480590714e-12,0.13155451241687152,0.1315545124263017,0.0634677673522775,0.005070834925423719,0.005070834925244513,0.005070834925423719,0.05839693242685377,-0.8263851462329123
7.752,400,0.7,9.050538788527001e-12,0.13290096977592147,0.132900969784972,0.0635704920633624,0.005045377540636966,0.005045377540466717,0.005045377540636966,0.058525114522725435,-0.827531121943674
7.756,400,0.7,8.686526483703281e-12,0.13423058191893628,0.1342305819276228,0.06367311992686651,0.0050204904931360995,0.005020490492974317,0.0050204904931360995,0.05865262943373042,-0.8286561538773153
7.76,400,0.7,8.337478153784185e-12,0.13554270909727623,0.1355427091056137,0.06377565081231505,0.0049961712300910874,0.004996171229937308,0.0049961712300910874,0.058779479582223966,-0.8297601957735473
7.764,400,0.7,8.002766103058677e-12,0.13683672071084116,0.13683672071884392,0.06387808467782147,0.00497241720891182,0.00497241720876561,0.00497241720891182,0.05890566746890965,-0.8308432023670329
7.768,400,0.7,7.681789615017842e-12,0.13811199584331382,0.13811199585099562,0.06398042143281445,0.004949225897207527,0.0049492258970684775,0.004949225897207527,0.05903119553560692,-0.8319051293928189
7.772,400,0.7,7.373973768798669e-12,0.1393679237860958,0.13936792379346977,0.0640826609334458,0.0049265947727452795,0.004926594772613004,0.0049265947727452795,0.05915606616070053,-0.832945933591619
7.776,400,0.7,7.078767902557156e-12,0.14060390455017674,0.1406039045572555,0.06418480312107397,0.004904521323410058,0.004904521323284195,0.004904521323410058,0.05928028179766391,-0.8339655727149429
7.78,400,0.7,6.795644784234304e-12,0.14181934936551857,0.14181934937231422,0.064286847954609,0.0048830030471630845,0.00488300304704329,0.0048830030471630845,0.059403844907445914,-0.8349640055300631
7.784,400,0.7,6.524100060370908e-12,0.143013681167176,0.14301368117370009,0.06438879523503528,0.004862037452002043,0.004862037451887996,0.004862037452002043,0.059526757783033235,-0.8359411918248526
7.788,400,0.7,6.263650192340869e-12,0.14418633506776057,0.14418633507402423,0.06449064500733498,0.004841622055920288,0.004841622055811684,0.004841622055920288,0.05964902295141469,-0.8368970924124343
7.792,400,0.7,6.0138327599976e-12,0.14533675881556887,0.1453367588215827,0.06459239710049057,0.004821754386867701,0.004821754386764255,0.004821754386867701,0.05977064271362287,-0.837831669135704
7.796,400,0.7,5.774204727603445e-12,0.14646441323809412,0.14646441324386833,0.06469405144627353,0.004802431982709302,0.004802431982610742,0.004802431982709302,0.059891619463564236,-0.8387448848716821
7.8,400,0.7,5.54434176167453e-12,0.14756877267018467,0.14756877267572902,0.06479560802654313,0.004783652391186124,0.004783652391092196,0.004783652391186124,0.06001195563535701,-0.8396367035357116
7.804,400,0.7,5.323837858038549e-12,0.1486493253665871,0.14864932537191092,0.06489706667693329,0.004765413169875075,0.004765413169785539,0.004765413169875075,0.060131653507058215,-0.840507090085497
7.808,400,0.7,5.112303883072911e-12,0.1497055738983286,0.14970557390344089,0.06499842738893635,0.004747711886149861,0.004747711886064489,0.004747711886149861,0.06025071550278649,-0.8413560105249879
7.812,400,0.7,4.9093675079038076e-12,0.1507370355326773,0.1507370355375867,0.06509968999886823,0.004730546117140677,0.004730546117059254,0.004730546117140677,0.06036914388172755,-0.8421834319080999
7.816,400,0.7,4.7146718309430055e-12,0.1517432425961311,0.15174324260084576,0.06520085450834481,0.004713913449695722,0.004713913449618046,0.004713913449695722,0.06048694105864909,-0.8429893223422843
7.82,400,0.7,4.527875281369439e-12,0.1527237428202471,0.15272374282477497,0.06530192079818545,0.0046978114803419456,0.004697811480267826,0.0046978114803419456,0.060604109317843505,-0.8437736509919196
7.824,400,0.7,4.348650573477713e-12,0.15367809966999418,0.15367809967434284,0.06540288882986897,0.004682237815245167,0.004682237815174424,0.004682237815245167,0.0607206510146238,-0.8445363880815683
7.828,400,0.7,4.1766843720686085e-12,0.15460589265420074,0.15460589265837743,0.06550375849143773,0.004667190070171927,0.004667190070104389,0.004667190070171927,0.06083656842126581,-0.8452775048990495
7.832,400,0.7,4.011676354966032e-12,0.15550671761796345,0.15550671762197513,0.06560452979583385,0.004652665870451064,0.004652665870386571,0.004652665870451064,0.060951863925382786,-0.8459969737983574
7.836,400,0.7,3.853339144101781e-12,0.15638018701677384,0.15638018702062717,0.06570520258342168,0.0046386628509353265,0.004638662850873725,0.0046386628509353265,0.06106653973248635,-0.8466947682024344
7.84,400,0.7,3.7013973105877224e-12,0.15722593017221434,0.15722593017591574,0.06580577679015139,0.004625178655962236,0.004625178655903381,0.004625178655962236,0.06118059813418915,-0.8473708626057501
7.844,400,0.7,3.555586990590801e-12,0.15804359350890881,0.15804359351246441,0.06590625237350115,0.004612210939316571,0.004612210939260326,0.004612210939316571,0.06129404143418457,-0.8480252325767478
7.848,400,0.7,3.415655491884083e-12,0.15883284077271242,0.15883284077612808,0.06600662924102513,0.004599757364192461,0.0045997573641386996,0.004599757364192461,0.061406871876832664,-0.8486578547601102
7.852,400,0.7,3.281360673959694e-12,0.15959335322998294,0.1595933532332643,0.06610690734983202,0.004587815603155859,0.004587815603104457,0.004587815603155859,0.061519091746676156,-0.849268706878873
7.856,400,0.7,3.1524705761821042e-12,0.16032482984796823,0.1603248298511207,0.06620708665150551,0.004576383338105544,0.0045763833380563865,0.004576383338105544,0.06163070331339997,-0.849857767736371
7.86,400,0.7,3.028762984891876e-12,0.16102698745594798,0.16102698745897676,0.06630716708894406,0.004565458260237527,0.004565458260190505,0.004565458260237527,0.06174170882870653,-0.8504250172180163
7.864,400,0.7,2.910025081228431e-12,0.16169956088753581,0.16169956089044585,0.06640714853950862,0.004555038070006045,0.004555038069961053,0.004555038070006045,0.06185211046950257,-0.8509704362929289
7.868,400,0.7,2.796052775959293e-12,0.16234230310377537,0.1623423031065714,0.06650703104053302,0.00454512047708694,0.004545120477043882,0.00454512047708694,0.061961910563446077,-0.8514940070153821
7.872,400,0.7,2.686650681962631e-12,0.16295498529719216,0.1629549852998788,0.0666068144943438,0.00453570320034133,0.004535703200300112,0.00453570320034133,0.06207111129400247,-0.8519957125261053
7.876,400,0.7,2.5816316244758853e-12,0.16353739697701714,0.16353739697959876,0.0667064987607401,0.004526783967777101,0.004526783967737635,0.004526783967777101,0.062179714792963,-0.8524755370534137
7.88,400,0.7,2.4808161509402512e-12,0.16408934603536346,0.16408934603784428,0.06680608379192463,0.0045183605165128905,0.0045183605164750935,0.0045183605165128905,0.06228772327541174,-0.8529334659141783
7.884,400,0.7,2.3840322410588206e-12,0.1646106587946488,0.16461065879703285,0.06690556960720706,0.004510430592741682,0.004510430592705475,0.004510430592741682,0.062395139014465376,-0.8533694855146259
7.888,400,0.7,2.291115259482594e-12,0.16510118003642063,0.16510118003871174,0.06700495601010047,0.004502991951693687,0.004502991951658994,0.004502991951693687,0.06250196405840677,-0.8537835833509883
7.892,400,0.7,2.2019071526547104e-12,0.16556077301164746,0.16556077301384936,0.06710424310880993,0.004496042357599948,0.004496042357566699,0.004496042357599948,0.06260820075120999,-0.8541757480099861
7.896,400,0.7,2.116256554412834e-12,0.16598931943265918,0.16598931943477543,0.06720343091071365,0.004489579583656657,0.004489579583624784,0.004489579583656657,0.062713851327057,-0.8545459691691366
7.9,400,0.7,2.0340185306880314e-12,0.16638671944708003,0.16638671944911404,0.06730251926969397,0.004483601411988104,0.004483601411957542,0.004483601411988104,0.06281891785770587,-0.8548942375969231
7.904,400,0.7,1.9550540473560474e-12,0.16675289159377138,0.16675289159572643,0.06740150819291733,0.004478105633611434,0.004478105633582123,0.004478105633611434,0.0629234025593059,-0.8552205451527846
7.908,400,0.7,1.8792299543447103e-12,0.16708777274118905,0.16708777274306827,0.06750039755436997,0.004473090048400914,0.004473090048372796,0.004473090048400914,0.06302730750596905,-0.8555248847869514
7.912,400,0.7,1.8064185887224028e-12,0.1673913180083898,0.16739131801019622,0.0675991872777215,0.004468552465052245,0.0044685524650252655,0.004468552465052245,0.06313063481266926,-0.8558072505401195
7.916,400,0.7,1.7364977473510404e-12,0.16766350066904445,0.16766350067078095,0.06769787704990654,0.004464490701045959,0.004464490701020066,0.004464490701045959,0.06323338634886058,-0.8560676375429688
7.92,400,0.7,1.6693499865899916e-12,0.16790431203849276,0.16790431204016212,0.06779646698714054,0.004460902582614049,0.004460902582589193,0.004460902582614049,0.06333556440452649,-0.85630604201551
7.924,400,0.7,1.6048628108105572e-12,0.16811376134457284,0.1681137613461777,0.06789495709782589,0.004457785944703808,0.0044577859446799425,0.004457785944703808,0.06343717115312208,-0.8565224612662844
7.928,400,0.7,1.542928320461626e-12,0.16829187558235356,0.1682918755838965,0.06799334749571319,0.004455138630942193,0.004455138630919272,0.004455138630942193,0.06353820886477099,-0.8567168936914038
7.932,400,0.7,1.4834429809290055e-12,0.16843869935306482,0.16843869935454828,0.06809163847855754,0.004452958493601766,0.004452958493579748,0.004452958493601766,0.06363867998495577,-0.8568893387734248
7.936,400,0.7,1.426307878351725e-12,0.16855429468774472,0.16855429468917102,0.06818982978441947,0.004451243393566191,0.004451243393545035,0.004451243393566191,0.06373858639085328,-0.8570397970800707
7.94,400,0.7,1.3714280632118883e-12,0.16863874085603683,0.16863874085740826,0.06828792134271201,0.0044499912002947395,0.0044499912002744085,0.0044499912002947395,0.06383793014241727,-0.8571682702627985
7.944,400,0.7,1.3187126153412526e-12,0.1686921341603829,0.16869213416170162,0.06838591286661133,0.004449199791788339,0.0044491997917687955,0.004449199791788339,0.06393671307482299,-0.8572747610552081
7.948,400,0.7,1.2680744326759342e-12,0.16871458771615536,0.16871458771742343,0.06848380390196954,0.004448867054555353,0.004448867054536562,0.004448867054555353,0.06403493684741418,-0.8573592732712944
7.952,400,0.7,1.2194297993376762e-12,0.1687062312182128,0.16870623121943223,0.068581594360076,0.004448990883576494,0.004448990883558423,0.004448990883576494,0.06413260347649952,-0.8574218118035518
7.956,400,0.7,1.1726984745353272e-12,0.16866721069411866,0.16866721069529136,0.06867928408564648,0.004449569182271953,0.004449569182254572,0.004449569182271953,0.06422971490337454,-0.8574623826209128
7.96,400,0.7,1.127803221377249e-12,0.16859768824477717,0.16859768824590496,0.06877687356801086,0.004450599862466438,0.0044505998624497145,0.004450599862466438,0.06432627370554442,-0.8574809927665484
7.964,400,0.7,1.0846699523448113e-12,0.16849784177272337,0.16849784177380803,0.06887436341649746,0.004452080844355586,0.004452080844339493,0.004452080844355586,0.06442228257214187,-0.8574776503555066
7.968,400,0.7,1.0432276509809276e-12,0.16836786469863774,0.16836786469968096,0.0689717542454115,0.0044540100564724435,0.004454010056456953,0.0044540100564724435,0.06451774418893906,-0.857452364572205
7.972,400,0.7,1.0034085471076942e-12,0.16820796566660773,0.16820796566761115,0.06906904591187703,0.004456385435653505,0.004456385435638591,0.004456385435653505,0.06461266047622352,-0.8574051456677748
7.976,400,0.7,9.651477452519646e-13,0.16801836823852556,0.1680183682394907,0.06916623800350714,0.004459204927005896,0.004459204926991535,0.004459204927005896,0.06470703307650125,-0.8573360049572447
7.98,400,0.7,9.283833241550686e-13,0.1677993105782741,0.1677993105792025,0.069263329206475,0.004462466483873505,0.004462466483859673,0.004462466483873505,0.0648008627226015,-0.8572449548165952
7.984,400,0.7,8.930557245174982e-13,0.16755104512608188,0.16755104512697494,0.06936031853626429,0.004466168067803933,0.004466168067790608,0.004466168067803933,0.06489415046846035,-0.8571320086796516
7.988,400,0.7,8.591076955756403e-13,0.16727383826355186,0.16727383826441097,0.06945720526897167,0.004470307648516399,0.00447030764850356,0.004470307648516399,0.06498689762045527,-0.8569971810348337
7.992,400,0.7,8.264839551511667e-13,0.16696796997011212,0.1669679699709386,0.0695539897271082,0.004474883203867136,0.004474883203854761,0.004474883203867136,0.06507910652324107,-0.8568404874217757
7.996,400,0.7,7.951311011476877e-13,0.1666337334710376,0.16663373347183275,0.06965067346687007,0.004479892719817796,0.004479892719805866,0.004479892719817796,0.06517078074705226,-0.8566619444277725
8.0,400,0.7,7.649977496597622e-13,0.16627143487778398,0.16627143487854898,0.06974725875677425,0.00448533419040361,0.004485334190392109,0.00448533419040361,0.06526192456637064,-0.8564615696841184
