branch,block_length,probability,unsigned_weight,negative_mass,physical_rate,support_rate,sign_cost,surviving_fraction,minimum_wigner,maximum_wigner,time,n_sites,block_start,cumulative_discarded_weight,maximum_bond,identity_A_minus_P_minus_2nu,identity_r_minus_s_minus_q
initial,4,0.1852596053019543,0.1852596053019543,0.0,0.42149929141681164,0.42149929141681164,0.0,1.0,0.0008087105076431821,0.012122120132033279,0.34,50,23,2.593012930882267e-16,14,0.0,0.0
branch1,4,0.0026343364203353266,0.0632945616631677,0.030330112621416182,1.4847809903984643,0.6899889668042082,0.7947920235942563,0.041620264855523864,-0.0013642830393524406,0.0017784738735483663,0.34,50,23,2.593012930882267e-16,14,1.3877787807814457e-17,-1.1102230246251565e-16
branch2,4,0.0026343364203353383,0.06329456166316767,0.03033011262141617,1.4847809903984632,0.6899889668042083,0.794792023594255,0.041620264855524065,-0.001364283039352443,0.0017784738735483702,0.34,50,23,2.593012930882267e-16,14,-6.938893903907228e-18,-1.1102230246251565e-16
competing,4,0.005268672840670665,0.12658912332633537,0.06066022524283235,1.3114941952584775,0.5167021716642218,0.7947920235942556,0.04162026485552397,-0.001364283039352443,0.0017784738735483702,0.34,50,23,2.593012930882267e-16,14,1.3877787807814457e-17,1.1102230246251565e-16
initial,5,0.12368491525490925,0.12368491525490925,0.0,0.4180035906441912,0.4180035906441912,0.0,1.0,0.0001435825444327864,0.004040706708933146,0.34,50,22,2.593012930882267e-16,14,0.0,0.0
branch1,5,0.0006115090737943377,0.03217412393175058,0.01578130742897812,1.479916152872555,0.6873185508198124,0.7925976020527427,0.019006238525453016,-0.0003092090830887696,0.00040249492721484536,0.34,50,22,2.593012930882267e-16,14,6.938893903907228e-18,0.0
branch2,5,0.0006115090737943404,0.03217412393175059,0.015781307428978125,1.4799161528725542,0.6873185508198123,0.7925976020527419,0.019006238525453092,-0.0003092090830887707,0.00040249492721484645,0.34,50,22,2.593012930882267e-16,14,0.0,0.0
competing,5,0.001223018147588678,0.06434824786350117,0.031562614857956243,1.3412867167605655,0.5486891147078233,0.7925976020527423,0.01900623852545305,-0.0003092090830887707,0.00040249492721484645,0.34,50,22,2.593012930882267e-16,14,0.0,-1.1102230246251565e-16
initial,6,0.08257547016127453,0.08257547016127453,0.0,0.4156737689955147,0.4156737689955147,0.0,1.0,2.549323103976236e-05,0.0013469022363107339,0.34,50,22,2.593012930882267e-16,14,0.0,0.0
branch1,6,0.00014206265945059882,0.016357374923661013,0.008107656132105207,1.4765403889924356,0.685512736278512,0.7910276527139238,0.008684930198983492,-6.996412924362948e-05,9.103669360950039e-05,0.34,50,22,2.593012930882267e-16,14,0.0,-2.220446049250313e-16
branch2,6,0.00014206265945059616,0.01635737492366101,0.008107656132105207,1.476540388992439,0.685512736278512,0.7910276527139269,0.00868493019898333,-6.996412924362959e-05,9.103669360950065e-05,0.34,50,22,2.593012930882267e-16,14,0.0,0.0
competing,6,0.000284125318901195,0.03271474984732202,0.016215312264210413,1.361015858899113,0.5699882061851878,0.7910276527139253,0.008684930198983412,-6.996412924362959e-05,9.103669360950065e-05,0.34,50,22,2.593012930882267e-16,14,0.0,0.0
initial,7,0.05512963460489352,0.05512963460489352,0.0,0.4140096963262855,0.4140096963262855,0.0,1.0,4.528659863402453e-06,0.00044896741210357055,0.34,50,21,2.593012930882267e-16,14,0.0,0.0
branch1,7,3.3001498051813426e-05,0.008316081836700018,0.0041415401693241025,1.4741368002883772,0.6842234383088248,0.7899133619795525,0.003968395056692836,-1.5824213384627357e-05,2.0589778004814102e-05,0.34,50,21,2.593012930882267e-16,14,0.0,-1.1102230246251565e-16
branch2,7,3.300149805181342e-05,0.008316081836700014,0.004141540169324101,1.4741368002883772,0.6842234383088249,0.7899133619795524,0.003968395056692837,-1.5824213384627398e-05,2.05897780048142e-05,0.34,50,21,2.593012930882267e-16,14,0.0,-1.1102230246251565e-16
competing,7,6.600299610362684e-05,0.016632163673400032,0.008283080338648203,1.3751157744940996,0.5852024125145469,0.7899133619795525,0.003968395056692836,-1.5824213384627398e-05,2.05897780048142e-05,0.34,50,21,2.593012930882267e-16,14,0.0,2.220446049250313e-16
initial,8,0.036806051415886706,0.036806051415886706,0.0,0.4127616258346298,0.4127616258346298,0.0,1.0,8.044850769157225e-07,0.00014965580403451608,0.34,50,21,2.593012930882267e-16,14,0.0,0.0
branch1,8,7.666042561814595e-06,0.004227875136380541,0.0021101045469093635,1.472338754874688,0.6832569679949726,0.7890817868797154,0.0018132140412210583,-3.578977387074238e-06,4.656863679083998e-06,0.34,50,21,2.593012930882267e-16,14,0.0,0.0
branch2,8,7.666042561814537e-06,0.004227875136380538,0.0021101045469093613,1.472338754874689,0.6832569679949727,0.7890817868797163,0.0018132140412210462,-3.578977387074242e-06,4.65686367908401e-06,0.34,50,21,2.593012930882267e-16,14,8.673617379884035e-19,-1.1102230246251565e-16
competing,8,1.533208512362913e-05,0.008455750272761079,0.004220209093818724,1.3856953573046953,0.5966135704249795,0.7890817868797159,0.0018132140412210522,-3.578977387074242e-06,4.65686367908401e-06,0.34,50,21,2.593012930882267e-16,14,1.734723475976807e-18,-1.1102230246251565e-16
initial,9,0.024572725959779766,0.024572725959779766,0.0,0.41179090576991034,0.41179090576991034,0.0,1.0,1.42905558754695e-07,4.9885268011507926e-05,0.34,50,20,2.593012930882267e-16,14,0.0,0.0
branch1,9,1.7807729743664844e-06,0.002149440949733363,0.0010738300883794984,1.4709403369621932,0.6825052771149264,0.7884350598472669,0.0008284819243754467,-8.094717153396278e-07,1.0532660098587305e-06,0.34,50,20,2.593012930882267e-16,14,-4.336808689942018e-19,-1.1102230246251565e-16
branch2,9,1.780772974366515e-06,0.0021494409497333595,0.0010738300883794964,1.4709403369621912,0.6825052771149266,0.7884350598472648,0.0008284819243754623,-8.094717153396314e-07,1.0532660098587326e-06,0.34,50,20,2.593012930882267e-16,14,0.0,-2.220446049250313e-16
competing,9,3.5615459487329994e-06,0.0042988818994667225,0.0021476601767589946,1.3939239835666428,0.605488923719377,0.7884350598472658,0.0008284819243754545,-8.094717153396314e-07,1.0532660098587326e-06,0.34,50,20,2.593012930882267e-16,14,0.0,0.0
initial,4,0.16187056054415386,0.16187056054415386,0.0,0.4552395680285683,0.4552395680285683,0.0,1.0,0.000671324156629858,0.012050353352597541,0.36000000000000004,50,23,2.9369442326076685e-16,14,0.0,0.0
branch1,4,0.0038554686033079252,0.06868244416082407,0.03241348777875808,1.3895656805190029,0.6695654139803017,0.7200002665387011,0.056134702985818526,-0.001326427302528867,0.0017547790803499736,0.36000000000000004,50,23,2.9369442326076685e-16,14,0.0,1.1102230246251565e-16
branch2,4,0.0038554686033079382,0.06868244416082406,0.03241348777875806,1.389565680519002,0.6695654139803017,0.7200002665387002,0.05613470298581873,-0.0013264273025288633,0.0017547790803499781,0.36000000000000004,50,23,2.9369442326076685e-16,14,0.0,1.1102230246251565e-16
competing,4,0.0077109372066158635,0.13736488832164812,0.06482697555751614,1.216278885379016,0.4962786188403154,0.7200002665387006,0.05613470298581863,-0.001326427302528867,0.0017547790803499781,0.36000000000000004,50,23,2.9369442326076685e-16,14,-2.7755575615628914e-17,0.0
initial,5,0.10510132871273206,0.10510132871273206,0.0,0.4505660717625045,0.4505660717625045,0.0,1.0,0.00011569877734160462,0.004016784445338217,0.36000000000000004,50,22,2.9369442326076685e-16,14,0.0,0.0
branch1,5,0.0009873319179534417,0.03593596306094474,0.017474315571495647,1.3841008570687414,0.6652033456677802,0.7188975114009614,0.027474758816926646,-0.00028597136170010286,0.0003963559973883128,0.36000000000000004,50,22,2.9369442326076685e-16,14,0.0,-1.1102230246251565e-16
branch2,5,0.0009873319179534452,0.03593596306094475,0.017474315571495654,1.3841008570687408,0.66520334566778,0.7188975114009607,0.027474758816926733,-0.0002859713617001042,0.00039635599738831374,0.36000000000000004,50,22,2.9369442326076685e-16,14,0.0,0.0
competing,5,0.001974663835906887,0.07187192612188949,0.0349486311429913,1.245471420956752,0.526573909555791,0.718897511400961,0.02747475881692669,-0.0002859713617001042,0.00039635599738831374,0.36000000000000004,50,22,2.9369442326076685e-16,14,0.0,-1.1102230246251565e-16
initial,6,0.06824016160546056,0.06824016160546056,0.0,0.4474536679348256,0.4474536679348256,0.0,1.0,1.99588645582255e-05,0.0013389281484454604,0.36000000000000004,50,22,2.9369442326076685e-16,14,0.0,0.0
branch1,6,0.0002531010979808444,0.01880593539906024,0.009276417150539697,1.3802869253820076,0.6622637910428393,0.7180231343391684,0.013458575317316694,-6.458318926814071e-05,8.945275691574217e-05,0.36000000000000004,50,22,2.9369442326076685e-16,14,0.0,-1.1102230246251565e-16
branch2,6,0.00025310109798084234,0.018805935399060246,0.0092764171505397,1.3802869253820091,0.6622637910428393,0.71802313433917,0.01345857531731658,-6.458318926814089e-05,8.945275691574251e-05,0.36000000000000004,50,22,2.9369442326076685e-16,14,3.469446951953614e-18,-1.1102230246251565e-16
competing,6,0.0005062021959616867,0.037611870798120485,0.018552834301079398,1.2647623952886844,0.5467392609495151,0.7180231343391692,0.013458575317316637,-6.458318926814089e-05,8.945275691574251e-05,0.36000000000000004,50,22,2.9369442326076685e-16,14,0.0,1.1102230246251565e-16
initial,7,0.04430694085997798,0.04430694085997798,0.0,0.4452305622355775,0.4452305622355775,0.0,1.0,3.448617823683509e-06,0.00044630938281515396,0.36000000000000004,50,21,2.9369442326076685e-16,14,0.0,0.0
branch1,7,6.487849486128605e-05,0.009841562012312878,0.004888341758725797,1.3775706210335712,0.6601629770610431,0.7174076439725281,0.006592296505383587,-1.4574339843366876e-05,2.0185582503088666e-05,0.36000000000000004,50,21,2.9369442326076685e-16,14,-1.734723475976807e-18,0.0
branch2,7,6.487849486128605e-05,0.009841562012312883,0.004888341758725798,1.3775706210335712,0.660162977061043,0.7174076439725282,0.006592296505383583,-1.4574339843366938e-05,2.0185582503088795e-05,0.36000000000000004,50,21,2.9369442326076685e-16,14,0.0,0.0
competing,7,0.0001297569897225721,0.019683124024625763,0.009776683517451595,1.2785495952392931,0.5611419512667651,0.7174076439725282,0.006592296505383585,-1.4574339843366938e-05,2.0185582503088795e-05,0.36000000000000004,50,21,2.9369442326076685e-16,14,0.0,-2.220446049250313e-16
initial,8,0.02876760012819698,0.02876760012819698,0.0,0.4435631900839312,0.4435631900839312,0.0,1.0,5.958079404177982e-07,0.00014876979427170376,0.36000000000000004,50,21,2.9369442326076685e-16,14,0.0,0.0
branch1,8,1.6629712492953125e-05,0.005150282478895107,0.002566826383201077,1.375539944170788,0.6585879644424774,0.7169519797283106,0.00322889328131002,-3.2887299081186676e-06,4.555028139439946e-06,0.36000000000000004,50,21,2.9369442326076685e-16,14,-8.673617379884035e-19,1.1102230246251565e-16
branch2,8,1.662971249295304e-05,0.005150282478895108,0.002566826383201078,1.3755399441707885,0.6585879644424774,0.7169519797283113,0.0032288932813100027,-3.2887299081186782e-06,4.555028139439962e-06,0.36000000000000004,50,21,2.9369442326076685e-16,14,-8.673617379884035e-19,-1.1102230246251565e-16
competing,8,3.325942498590617e-05,0.010300564957790215,0.005133652766402155,1.2888965466007951,0.5719445668724842,0.7169519797283109,0.003228893281310012,-3.2887299081186782e-06,4.555028139439962e-06,0.36000000000000004,50,21,2.9369442326076685e-16,14,-1.734723475976807e-18,0.0
initial,9,0.01867821950790025,0.01867821950790025,0.0,0.442266351794127,0.442266351794127,0.0,1.0,1.0291736922705274e-07,4.958993142390643e-05,0.36000000000000004,50,20,2.9369442326076685e-16,14,0.0,0.0
branch1,9,4.262534854050149e-06,0.0026952424308848044,0.0013454899480153772,1.373960726498312,0.6573630136517273,0.7165977128465849,0.0015815033205197901,-7.421262154733423e-07,1.0278857875101209e-06,0.36000000000000004,50,20,2.9369442326076685e-16,14,0.0,-2.220446049250313e-16
branch2,9,4.262534854050218e-06,0.002695242430884803,0.0013454899480153763,1.3739607264983102,0.6573630136517273,0.716597712846583,0.0015815033205198164,-7.421262154733468e-07,1.027885787510125e-06,0.36000000000000004,50,20,2.9369442326076685e-16,14,4.336808689942018e-19,-1.1102230246251565e-16
competing,9,8.525069708100366e-06,0.005390484861769608,0.0026909798960307535,1.296944373102762,0.5803466602561778,0.7165977128465839,0.001581503320519803,-7.421262154733468e-07,1.027885787510125e-06,0.36000000000000004,50,20,2.9369442326076685e-16,14,8.673617379884035e-19,2.220446049250313e-16
initial,4,0.14261249202397144,0.14261249202397144,0.0,0.48690604324690684,0.48690604324690684,0.0,1.0,0.000578330368349336,0.011964035047279723,0.38,50,23,2.994087462001276e-16,15,0.0,0.0
branch1,4,0.005471103058626034,0.07279459175955787,0.033661744350465914,1.3020687567055371,0.6550284038890312,0.6470403528165061,0.07515809796278833,-0.0014360620169922534,0.00200605270928707,0.38,50,23,2.994087462001276e-16,15,0.0,-1.1102230246251565e-16
branch2,4,0.005471103058626043,0.0727945917595579,0.03366174435046592,1.302068756705537,0.655028403889031,0.6470403528165057,0.07515809796278843,-0.001436062016992249,0.002006052709287067,0.38,50,23,2.994087462001276e-16,15,1.3877787807814457e-17,1.1102230246251565e-16
competing,4,0.010942206117252077,0.14558918351911576,0.06732348870093183,1.1287819615655508,0.4817416087490448,0.6470403528165058,0.07515809796278837,-0.0014360620169922534,0.00200605270928707,0.38,50,23,2.994087462001276e-16,15,2.7755575615628914e-17,1.1102230246251565e-16
initial,5,0.09033428044940167,0.09033428044940167,0.0,0.4808476524291573,0.4808476524291573,0.0,1.0,9.745517648976461e-05,0.003988011666229424,0.38,50,22,2.994087462001276e-16,15,0.0,0.0
branch1,5,0.001534027593228466,0.03900460736563885,0.01873528988620519,1.2959717176871668,0.6488151004499404,0.6471566172372266,0.039329394572495284,-0.00031063960984232137,0.00047167106957495013,0.38,50,22,2.994087462001276e-16,15,0.0,-2.220446049250313e-16
branch2,5,0.0015340275932284714,0.03900460736563889,0.018735289886205205,1.2959717176871663,0.6488151004499401,0.6471566172372262,0.03932939457249538,-0.00031063960984232,0.00047167106957494867,0.38,50,22,2.994087462001276e-16,15,6.938893903907228e-18,1.1102230246251565e-16
competing,5,0.0030680551864569377,0.07800921473127774,0.037470579772410396,1.1573422815751777,0.5101856643379512,0.6471566172372263,0.03932939457249533,-0.00031063960984232137,0.00047167106957495013,0.38,50,22,2.994087462001276e-16,15,1.3877787807814457e-17,2.220446049250313e-16
initial,6,0.057216255090428325,0.057216255090428325,0.0,0.47681954017754197,0.47681954017754197,0.0,1.0,1.6492235561974617e-05,0.0013293372220744035,0.38,50,22,2.994087462001276e-16,15,0.0,0.0
branch1,6,0.00043067729073130554,0.020903710896070758,0.010236516802669727,1.2916919156188946,0.6446380968227408,0.647053818796154,0.02060291078806775,-7.32465987611334e-05,0.00011089486150361976,0.38,50,22,2.994087462001276e-16,15,0.0,-1.1102230246251565e-16
branch2,6,0.0004306772907313027,0.02090371089607077,0.010236516802669734,1.2916919156188957,0.6446380968227406,0.6470538187961551,0.020602910788067603,-7.324659876113339e-05,0.00011089486150361912,0.38,50,22,2.994087462001276e-16,15,0.0,0.0
competing,6,0.0008613545814626083,0.04180742179214153,0.02047303360533946,1.176167385525571,0.5291135667294165,0.6470538187961545,0.020602910788067672,-7.32465987611334e-05,0.00011089486150361976,0.38,50,22,2.994087462001276e-16,15,0.0,0.0
initial,7,0.03623997852215852,0.03623997852215852,0.0,0.47394177006617205,0.47394177006617205,0.0,1.0,2.802575685393028e-06,0.0004431124073581823,0.38,50,21,2.994087462001276e-16,15,0.0,0.0
branch1,7,0.00012090614290768257,0.011203195770678152,0.005541144813885235,1.288642284544375,0.6416508863877374,0.6469913981566379,0.010792111945783115,-1.7270698475691726e-05,2.4627616167910412e-05,0.38,50,21,2.994087462001276e-16,15,0.0,-2.220446049250313e-16
branch2,7,0.00012090614290768265,0.011203195770678165,0.00554114481388524,1.288642284544375,0.641650886387737,0.6469913981566379,0.010792111945783112,-1.72706984756917e-05,2.4627616167910358e-05,0.38,50,21,2.994087462001276e-16,15,1.734723475976807e-18,1.1102230246251565e-16
competing,7,0.0002418122858153652,0.02240639154135632,0.011082289627770475,1.1896212587500972,0.5426298605934593,0.6469913981566379,0.010792111945783112,-1.7270698475691726e-05,2.4627616167910412e-05,0.38,50,21,2.994087462001276e-16,15,3.469446951953614e-18,0.0
initial,8,0.022953907547059584,0.022953907547059584,0.0,0.47178338668504133,0.47178338668504133,0.0,1.0,4.758838618884216e-07,0.00014770413578603844,0.38,50,21,2.994087462001276e-16,15,0.0,0.0
branch1,8,3.3940136720175115e-05,0.006004247733860364,0.0029851537985700945,1.2863640337344924,0.639411013074134,0.6469530206603584,0.005652687601274854,-3.702999297294326e-06,5.462654682779398e-06,0.38,50,21,2.994087462001276e-16,15,0.0,0.0
branch2,8,3.3940136720174865e-05,0.006004247733860368,0.002985153798570097,1.2863640337344933,0.6394110130741338,0.6469530206603594,0.005652687601274808,-3.702999297294308e-06,5.462654682779369e-06,0.38,50,21,2.994087462001276e-16,15,-8.673617379884035e-19,0.0
competing,8,6.788027344034999e-05,0.012008495467720731,0.005970307597140192,1.1997206361644996,0.5527676155041407,0.6469530206603589,0.005652687601274832,-3.702999297294326e-06,5.462654682779398e-06,0.38,50,21,2.994087462001276e-16,15,-1.734723475976807e-18,1.1102230246251565e-16
initial,9,0.014538688935039701,0.014538688935039701,0.0,0.4701046644968749,0.4701046644968749,0.0,1.0,8.075596972705931e-08,4.923471192868859e-05,0.38,50,20,2.994087462001276e-16,15,0.0,0.0
branch1,9,9.527459388194027e-06,0.003217916437054917,0.0016041944888333616,1.284592496310595,0.6376690220114528,0.6469234742991422,0.002960754132233991,-8.521506302043995e-07,1.2844163277267714e-06,0.38,50,20,2.994087462001276e-16,15,-4.336808689942018e-19,0.0
branch2,9,9.527459388194101e-06,0.0032179164370549178,0.0016041944888333616,1.2845924963105941,0.6376690220114528,0.6469234742991413,0.0029607541322340136,-8.521506302043921e-07,1.2844163277267676e-06,0.38,50,20,2.994087462001276e-16,15,4.336808689942018e-19,0.0
competing,9,1.9054918776388128e-05,0.006435832874109835,0.003208388977666723,1.2075761429150451,0.5606526686159033,0.6469234742991418,0.0029607541322340023,-8.521506302043995e-07,1.2844163277267714e-06,0.38,50,20,2.994087462001276e-16,15,0.0,0.0
initial,4,0.1268055551972851,0.1268055551972851,0.0,0.5162751068086329,0.5162751068086329,0.0,1.0,0.0005180343884598837,0.011862265648483033,0.4,50,23,3.3253556930226336e-16,15,0.0,0.0
branch1,4,0.007545749684373694,0.0754831055182738,0.03396867791695006,1.22169270748809,0.6459616039342073,0.5757311035538827,0.09996607363414499,-0.0015005794068479762,0.002266330170462368,0.4,50,23,3.3253556930226336e-16,15,-2.7755575615628914e-17,-1.1102230246251565e-16
branch2,4,0.0075457496843737756,0.07548310551827388,0.033968677916950046,1.2216927074880872,0.645961603934207,0.5757311035538802,0.09996607363414596,-0.001500579406847969,0.002266330170462363,0.4,50,23,3.3253556930226336e-16,15,1.3877787807814457e-17,0.0
competing,4,0.01509149936874747,0.15096621103654767,0.0679373558339001,1.0484059123481022,0.47267480879422086,0.5757311035538814,0.09996607363414547,-0.0015005794068479762,0.002266330170462368,0.4,50,23,3.3253556930226336e-16,15,0.0,0.0
initial,5,0.0786150039640996,0.0786150039640996,0.0,0.5086385415271371,0.5086385415271371,0.0,1.0,8.565822756691872e-05,0.003954088505209745,0.4,50,22,3.3253556930226336e-16,15,0.0,0.0
branch1,5,0.002300423827562183,0.04122412743875526,0.01946185180559654,1.2149323800340133,0.6377463153176242,0.5771860647163892,0.05580285067233537,-0.0003360261787725254,0.0005653788756812416,0.4,50,22,3.3253556930226336e-16,15,0.0,-1.1102230246251565e-16
branch2,5,0.0023004238275622126,0.04122412743875532,0.01946185180559656,1.2149323800340108,0.6377463153176238,0.577186064716387,0.055802850672336,-0.0003360261787725211,0.0005653788756812382,0.4,50,22,3.3253556930226336e-16,15,-6.938893903907228e-18,0.0
competing,5,0.004600847655124396,0.08244825487751059,0.0389237036111931,1.0763029439220229,0.49911687920563486,0.5771860647163881,0.05580285067233568,-0.0003360261787725254,0.0005653788756812416,0.4,50,22,3.3253556930226336e-16,15,0.0,-1.1102230246251565e-16
initial,6,0.048730347116465005,0.048730347116465005,0.0,0.5035755498153309,0.5035755498153309,0.0,1.0,1.4346535503549936e-05,0.0013180295017278412,0.4,50,22,3.3253556930226336e-16,15,0.0,0.0
branch1,6,0.0007024339779486958,0.022518532759297546,0.010908049390674426,1.210159857123435,0.6322361051029138,0.5779237520205213,0.031193594425403755,-8.407454447682408e-05,0.00014102285121416413,0.4,50,22,3.3253556930226336e-16,15,-3.469446951953614e-18,0.0
branch2,6,0.0007024339779486996,0.022518532759297587,0.010908049390674444,1.2101598571234342,0.6322361051029135,0.5779237520205206,0.031193594425403866,-8.407454447682385e-05,0.0001410228512141629,0.4,50,22,3.3253556930226336e-16,15,0.0,1.1102230246251565e-16
competing,6,0.0014048679558973953,0.04503706551859513,0.02181609878134887,1.0946353270301103,0.5167115750095895,0.5779237520205209,0.03119359442540381,-8.407454447682408e-05,0.00014102285121416413,0.4,50,22,3.3253556930226336e-16,15,0.0,-1.1102230246251565e-16
initial,7,0.03020663511849988,0.03020663511849988,0.0,0.4999562389746472,0.4999562389746472,0.0,1.0,2.4238765140182785e-06,0.000439343167242806,0.4,50,21,3.3253556930226336e-16,15,0.0,0.0
branch1,7,0.00021447962363830848,0.012301249141712985,0.006043384759037339,1.2067565455430977,0.6282934950747746,0.5784630504683231,0.017435597081845753,-2.103420271278009e-05,3.084763354766987e-05,0.4,50,21,3.3253556930226336e-16,15,0.0,0.0
branch2,7,0.00021447962363831076,0.012301249141713018,0.006043384759037354,1.2067565455430962,0.6282934950747743,0.578463050468322,0.01743559708184589,-2.1034202712779863e-05,3.084763354766972e-05,0.4,50,21,3.3253556930226336e-16,15,-1.734723475976807e-18,-1.1102230246251565e-16
competing,7,0.00042895924727661924,0.024602498283426005,0.012086769518074693,1.1077355197488192,0.5292724692804965,0.5784630504683225,0.01743559708184582,-2.103420271278009e-05,3.084763354766987e-05,0.4,50,21,3.3253556930226336e-16,15,0.0,2.220446049250313e-16
initial,8,0.018724262831750986,0.018724262831750986,0.0,0.49724188981057343,0.49724188981057343,0.0,1.0,4.0829265352765865e-07,0.00014644772241424235,0.4,50,21,3.3253556930226336e-16,15,0.0,0.0
branch1,8,6.54824624339941e-05,0.006719821759325526,0.0033271696484457663,1.204216025034198,0.625336706088592,0.5788793189456061,0.009744672519493527,-4.4233455178980585e-06,7.404986966914998e-06,0.4,50,21,3.3253556930226336e-16,15,-8.673617379884035e-19,-1.1102230246251565e-16
branch2,8,6.54824624339942e-05,0.006719821759325544,0.003327169648445775,1.2042160250341978,0.6253367060885917,0.5788793189456062,0.009744672519493515,-4.423345517898054e-06,7.4049869669149275e-06,0.4,50,21,3.3253556930226336e-16,15,0.0,-1.1102230246251565e-16
competing,8,0.0001309649248679883,0.013439643518651071,0.006654339296891541,1.1175726274642048,0.5386933085185986,0.5788793189456061,0.009744672519493522,-4.4233455178980585e-06,7.404986966914998e-06,0.4,50,21,3.3253556930226336e-16,15,0.0,1.1102230246251565e-16
initial,9,0.011606652850390307,0.011606652850390307,0.0,0.4951307581872329,0.4951307581872329,0.0,1.0,6.866428361510534e-08,4.881590747142949e-05,0.4,50,20,3.3253556930226336e-16,15,0.0,0.0
branch1,9,1.999220796148162e-05,0.0036708400206130827,0.0018254239063258003,1.2022408846945278,0.6230371949617991,0.5792036897327288,0.005446221532188329,-1.106653156947809e-06,1.8470389513535164e-06,0.4,50,20,3.3253556930226336e-16,15,4.336808689942018e-19,-1.1102230246251565e-16
branch2,9,1.9992207961481956e-05,0.00367084002061309,0.001825423906325804,1.202240884694526,0.6230371949617989,0.5792036897327271,0.005446221532188409,-1.1066531569477998e-06,1.8470389513535014e-06,0.4,50,20,3.3253556930226336e-16,15,0.0,1.1102230246251565e-16
competing,9,3.998441592296358e-05,0.007341680041226173,0.0036508478126516045,1.1252245312989775,0.5460208415662495,0.579203689732728,0.005446221532188369,-1.106653156947809e-06,1.8470389513535164e-06,0.4,50,20,3.3253556930226336e-16,15,8.673617379884035e-19,0.0
initial,4,0.11381028769001339,0.11381028769001339,0.0,0.5433055899704772,0.5433055899704772,0.0,1.0,0.00045356463517922437,0.011744478022095406,0.42000000000000004,50,23,3.560721918800742e-16,16,0.0,0.0
branch1,4,0.010135500840796762,0.07669754507724692,0.033281022118225076,1.1479277708370779,0.6419713944841777,0.5059563763529001,0.13214896031663936,-0.0015106240875790225,0.002546282130141238,0.42000000000000004,50,23,3.560721918800742e-16,16,1.3877787807814457e-17,0.0
branch2,4,0.010135500840796865,0.0766975450772469,0.03328102211822501,1.1479277708370752,0.6419713944841777,0.5059563763528975,0.13214896031664075,-0.0015106240875790156,0.0025462821301412346,0.42000000000000004,50,23,3.560721918800742e-16,16,1.3877787807814457e-17,0.0
competing,4,0.020271001681593626,0.15339509015449382,0.06656204423645008,0.9746409756970902,0.4686845993441914,0.5059563763528988,0.13214896031664006,-0.0015106240875790225,0.002546282130141238,0.42000000000000004,50,23,3.560721918800742e-16,16,2.7755575615628914e-17,0.0
initial,5,0.06927991992268978,0.06927991992268978,0.0,0.5339200341157893,0.5339200341157893,0.0,1.0,7.476445979728081e-05,0.003914825893649376,0.42000000000000004,50,22,3.560721918800742e-16,16,0.0,0.0
branch1,5,0.0033380386412290054,0.04250752756410908,0.019584744461440037,1.1404743755294846,0.6316148199160008,0.5088595556134836,0.07852817683161262,-0.00035062965118937297,0.0006626784398623092,0.42000000000000004,50,22,3.560721918800742e-16,16,6.938893903907228e-18,2.220446049250313e-16
branch2,5,0.0033380386412290484,0.042507527564109096,0.019584744461440026,1.140474375529482,0.6316148199160007,0.5088595556134812,0.0785281768316136,-0.00035062965118936825,0.0006626784398623094,0.42000000000000004,50,22,3.560721918800742e-16,16,-6.938893903907228e-18,1.1102230246251565e-16
competing,5,0.006676077282458054,0.08501505512821818,0.039169488922880066,1.001844939417494,0.4929853838040117,0.5088595556134824,0.07852817683161312,-0.00035062965118937297,0.0006626784398623094,0.42000000000000004,50,22,3.560721918800742e-16,16,-1.3877787807814457e-17,-1.1102230246251565e-16
initial,6,0.042157774209412135,0.042157774209412135,0.0,0.5277226950061793,0.5277226950061793,0.0,1.0,1.3036017243333648e-05,0.0013049419645240398,0.42000000000000004,50,22,3.560721918800742e-16,16,0.0,0.0
branch1,6,0.001101479681517145,0.02356223187729521,0.011230376097889032,1.1351834730143597,0.6246850321752645,0.5104984408390952,0.04674768023900746,-9.243563285783999e-05,0.00017304951669319885,0.42000000000000004,50,22,3.560721918800742e-16,16,3.469446951953614e-18,0.0
branch2,6,0.0011014796815171544,0.023562231877295232,0.01123037609788904,1.1351834730143582,0.6246850321752643,0.510498440839094,0.04674768023900781,-9.243563285783965e-05,0.00017304951669319755,0.42000000000000004,50,22,3.560721918800742e-16,16,0.0,-1.1102230246251565e-16
competing,6,0.0022029593630342997,0.047124463754590444,0.02246075219577807,1.0196589429210348,0.5091605020819402,0.5104984408390946,0.04674768023900765,-9.243563285783999e-05,0.00017304951669319885,0.42000000000000004,50,22,3.560721918800742e-16,16,0.0,0.0
initial,7,0.025655230577842577,0.025655230577842577,0.0,0.5232868295701428,0.5232868295701428,0.0,1.0,2.2122468851365742e-06,0.00043498065484150856,0.42000000000000004,50,21,3.560721918800742e-16,16,0.0,0.0
branch1,7,0.0003634582757489855,0.013061611503909963,0.006349076614080488,1.1314065789019339,0.619725395772846,0.511681183129088,0.02782644971795288,-2.4366188078992464e-05,3.692019704800664e-05,0.42000000000000004,50,21,3.560721918800742e-16,16,1.734723475976807e-18,-1.1102230246251565e-16
branch2,7,0.0003634582757489895,0.013061611503909982,0.006349076614080497,1.1314065789019323,0.6197253957728458,0.5116811831290865,0.027826449717953148,-2.436618807899216e-05,3.692019704800647e-05,0.42000000000000004,50,21,3.560721918800742e-16,16,-1.734723475976807e-18,0.0
competing,7,0.000726916551497975,0.026123223007819947,0.012698153228160985,1.0323855531076551,0.520704369978568,0.5116811831290872,0.027826449717953013,-2.4366188078992464e-05,3.692019704800664e-05,0.42000000000000004,50,21,3.560721918800742e-16,16,3.469446951953614e-18,0.0
initial,8,0.015612423889797396,0.015612423889797396,0.0,0.5199610348119066,0.5199610348119066,0.0,1.0,3.722350651244838e-07,0.00014499355161379547,0.42000000000000004,50,21,3.560721918800742e-16,16,0.0,0.0
branch1,8,0.00011991639932530388,0.007240681942297369,0.003560382771486033,1.128589466282534,0.6160049857618934,0.5125844805206404,0.01656147863984978,-5.21981248523497e-06,9.593194391960819e-06,0.42000000000000004,50,21,3.560721918800742e-16,16,-8.673617379884035e-19,1.1102230246251565e-16
branch2,8,0.00011991639932530445,0.007240681942297374,0.003560382771486035,1.1285894662825333,0.6160049857618933,0.5125844805206399,0.016561478639849844,-5.219812485234915e-06,9.593194391960788e-06,0.42000000000000004,50,21,3.560721918800742e-16,16,-8.673617379884035e-19,1.1102230246251565e-16
competing,8,0.00023983279865060834,0.014481363884594744,0.007120765542972068,1.0419460687125404,0.5293615881919003,0.5125844805206402,0.016561478639849813,-5.21981248523497e-06,9.593194391960819e-06,0.42000000000000004,50,21,3.560721918800742e-16,16,0.0,-1.1102230246251565e-16
initial,9,0.009500906175552602,0.009500906175552602,0.0,0.5173742331138232,0.5173742331138232,0.0,1.0,6.242894013352898e-08,4.8331183871289595e-05,0.42000000000000004,50,20,3.560721918800742e-16,16,0.0,0.0
branch1,9,3.956371792298312e-05,0.004013850104915513,0.0019871431934962653,1.1263997859722865,0.6131115969306262,0.5132881890416602,0.009856800052032808,-1.3583499299515076e-06,2.516876019003349e-06,0.42000000000000004,50,20,3.560721918800742e-16,16,-8.673617379884035e-19,1.1102230246251565e-16
branch2,9,3.9563717922983934e-05,0.004013850104915517,0.001987143193496266,1.126399785972284,0.6131115969306261,0.513288189041658,0.009856800052033002,-1.3583499299515049e-06,2.5168760190033385e-06,0.42000000000000004,50,20,3.560721918800742e-16,16,0.0,0.0
competing,9,7.912743584596705e-05,0.00802770020983103,0.003974286386992531,1.0493834325767357,0.5360952435350766,0.5132881890416591,0.009856800052032905,-1.3583499299515076e-06,2.516876019003349e-06,0.42000000000000004,50,20,3.560721918800742e-16,16,0.0,0.0
initial,4,0.10305549164112598,0.10305549164112598,0.0,0.568121920507721,0.568121920507721,0.0,1.0,0.0003596533646180518,0.01161047977987696,0.44,50,23,4.0923231959549897e-16,18,0.0,0.0
branch1,4,0.013282126477287583,0.07648218341351935,0.03160002846811589,1.0803340053627304,0.642674365457391,0.43765963990533935,0.17366301384826535,-0.0014602595080519497,0.0028818289247060937,0.44,50,23,4.0923231959549897e-16,18,-1.3877787807814457e-17,5.551115123125783e-17
branch2,4,0.013282126477287787,0.07648218341351933,0.03160002846811577,1.0803340053627264,0.642674365457391,0.43765963990533546,0.1736630138482681,-0.0014602595080519419,0.0028818289247060903,0.44,50,23,4.0923231959549897e-16,18,0.0,-5.551115123125783e-17
competing,4,0.02656425295457537,0.15296436682703868,0.06320005693623165,0.907047210222742,0.4693875703174047,0.4376596399053374,0.17366301384826674,-0.0014602595080519497,0.0028818289247060937,0.44,50,23,4.0923231959549897e-16,18,0.0,-5.551115123125783e-17
initial,5,0.061775764720920376,0.061775764720920376,0.0,0.5568488296102838,0.5568488296102838,0.0,1.0,5.424662161387884e-05,0.003870159650849354,0.44,50,22,4.0923231959549897e-16,18,0.0,0.0
branch1,5,0.004697166250274203,0.0428408509365622,0.019071842343144,1.0721591755144706,0.6300526340936309,0.4421065414208397,0.10964222576320122,-0.00035306863268932877,0.000787993795303622,0.44,50,22,4.0923231959549897e-16,18,-6.938893903907228e-18,0.0
branch2,5,0.0046971662502742866,0.0428408509365622,0.01907184234314396,1.072159175514467,0.6300526340936309,0.44210654142083616,0.10964222576320316,-0.00035306863268932265,0.0007879937953036245,0.44,50,22,4.0923231959549897e-16,18,-6.938893903907228e-18,0.0
competing,5,0.00939433250054849,0.0856817018731244,0.03814368468628796,0.9335297394024797,0.4914231979816418,0.44210654142083783,0.10964222576320219,-0.00035306863268932877,0.0007879937953036245,0.44,50,22,4.0923231959549897e-16,18,-1.3877787807814457e-17,1.1102230246251565e-16
initial,6,0.037007595409730594,0.037007595409730594,0.0,0.549438684343529,0.549438684343529,0.0,1.0,9.512209654826353e-06,0.0012900532168643236,0.44,50,22,4.0923231959549897e-16,18,0.0,0.0
branch1,6,0.0016649591478957787,0.024001553984473664,0.011168297418288942,1.0663257819415115,0.6216061168962118,0.4447196650452996,0.0693688062436633,-9.728669618402296e-05,0.00020515446813704192,0.44,50,22,4.0923231959549897e-16,18,0.0,1.1102230246251565e-16
branch2,6,0.001664959147895803,0.024001553984473685,0.011168297418288942,1.066325781941509,0.6216061168962117,0.44471966504529736,0.06936880624366426,-9.728669618402273e-05,0.00020515446813704072,0.44,50,22,4.0923231959549897e-16,18,-3.469446951953614e-18,0.0
competing,6,0.0033299182957915816,0.04800310796894735,0.022336594836577885,0.950801251848186,0.5060815868028875,0.4447196650452985,0.06936880624366379,-9.728669618402296e-05,0.00020515446813704192,0.44,50,22,4.0923231959549897e-16,18,0.0,0.0
initial,7,0.022173281249572956,0.022173281249572956,0.0,0.5441238946093081,0.5441238946093081,0.0,1.0,1.4187318193986124e-06,0.00043001773895488853,0.44,50,21,4.0923231959549897e-16,18,0.0,0.0
branch1,7,0.0005901743904313925,0.013446572949073168,0.006428199279320888,1.0621560696766321,0.6155758578180811,0.4465802118585511,0.043890320058991045,-2.6805088121030907e-05,4.719601790670147e-05,0.44,50,21,4.0923231959549897e-16,18,-1.734723475976807e-18,-1.1102230246251565e-16
branch2,7,0.0005901743904314045,0.013446572949073183,0.006428199279320889,1.0621560696766292,0.6155758578180809,0.4465802118585484,0.04389032005899189,-2.6805088121030528e-05,4.71960179067012e-05,0.44,50,21,4.0923231959549897e-16,18,0.0,-5.551115123125783e-17
competing,7,0.001180348780862797,0.02689314589814635,0.012856398558641777,0.9631350438823528,0.516554832023803,0.44658021185854974,0.043890320058991475,-2.6805088121030907e-05,4.719601790670147e-05,0.44,50,21,4.0923231959549897e-16,18,0.0,5.551115123125783e-17
initial,8,0.013284810741978495,0.013284810741978495,0.0,0.5401417432331468,0.5401417432331468,0.0,1.0,2.4941769011079885e-07,0.00014333924631823694,0.44,50,21,4.0923231959549897e-16,18,0.0,0.0
branch1,8,0.0002091647382488992,0.0075331734776959095,0.0036620043697235052,1.059048549399515,0.6110548601715036,0.44799368922801147,0.027765819925452476,-5.989762001503292e-06,1.2432880267743721e-05,0.44,50,21,4.0923231959549897e-16,18,0.0,-5.551115123125783e-17
branch2,8,0.00020916473824890208,0.007533173477695913,0.003662004369723505,1.0590485493995132,0.6110548601715035,0.4479936892280098,0.027765819925452843,-5.989762001503209e-06,1.2432880267743695e-05,0.44,50,21,4.0923231959549897e-16,18,8.673617379884035e-19,-5.551115123125783e-17
competing,8,0.0004183294764978013,0.015066346955391823,0.0073240087394470105,0.972405151829521,0.5244114626015104,0.44799368922801064,0.02776581992545266,-5.989762001503292e-06,1.2432880267743721e-05,0.44,50,21,4.0923231959549897e-16,18,0.0,0.0
initial,9,0.007959451487149022,0.007959451487149022,0.0,0.5370439100166418,0.5370439100166418,0.0,1.0,3.71884653633686e-08,4.777974877278252e-05,0.44,50,20,4.0923231959549897e-16,18,0.0,0.0
branch1,9,7.412893050138172e-05,0.004220328129092343,0.002073099599295481,1.0566338529709363,0.6075380442497722,0.4490958087211642,0.017564731517054923,-1.6378631484284813e-06,3.255420189560103e-06,0.44,50,20,4.0923231959549897e-16,18,0.0,-1.6653345369377348e-16
branch2,9,7.412893050138381e-05,0.004220328129092344,0.0020730995992954806,1.0566338529709332,0.6075380442497721,0.44909580872116106,0.017564731517055416,-1.6378631484284781e-06,3.255420189560089e-06,0.44,50,20,4.0923231959549897e-16,18,-8.673617379884035e-19,0.0
competing,9,0.00014825786100276553,0.008440656258184687,0.004146199198590961,0.9796174995753852,0.5305216908542226,0.4490958087211626,0.01756473151705517,-1.6378631484284813e-06,3.255420189560103e-06,0.44,50,20,4.0923231959549897e-16,18,-1.734723475976807e-18,0.0
initial,4,0.09405209745216463,0.09405209745216463,0.0,0.5909766055063372,0.5909766055063372,0.0,1.0,0.00029025998958111395,0.011460477742081122,0.46,50,23,4.530538720240672e-16,19,0.0,0.0
branch1,4,0.017007366606191197,0.07530842595785862,0.029150529675833717,1.0185271747525504,0.6465408129814304,0.37198636177111993,0.22583617158202515,-0.0013477688510047658,0.003198484196667896,0.46,50,23,4.530538720240672e-16,19,-6.938893903907228e-18,5.551115123125783e-17
branch2,4,0.017007366606191433,0.07530842595785855,0.029150529675833564,1.0185271747525468,0.6465408129814307,0.3719863617711162,0.22583617158202848,-0.00134776885100476,0.003198484196667901,0.46,50,23,4.530538720240672e-16,19,-6.938893903907228e-18,-1.1102230246251565e-16
competing,4,0.03401473321238263,0.15061685191571716,0.05830105935166728,0.8452403796125624,0.4732540178414443,0.3719863617711181,0.22583617158202685,-0.0013477688510047658,0.003198484196667901,0.46,50,23,4.530538720240672e-16,19,-2.7755575615628914e-17,0.0
initial,5,0.05565308952640563,0.05565308952640563,0.0,0.5777235371410725,0.5777235371410725,0.0,1.0,3.3812500781327967e-05,0.003820158612885555,0.46,50,22,4.530538720240672e-16,19,0.0,0.0
branch1,5,0.006422034863592201,0.04257628952888244,0.018077127332645125,1.0096040509109365,0.631291552897228,0.37831249801370853,0.15083594495090258,-0.00037383726480330674,0.0009136114329802117,0.46,50,22,4.530538720240672e-16,19,-1.3877787807814457e-17,-5.551115123125783e-17
branch2,5,0.006422034863592312,0.0425762895288824,0.018077127332645045,1.0096040509109332,0.6312915528972283,0.3783124980137048,0.15083594495090533,-0.0003738372648033062,0.000913611432980214,0.46,50,22,4.530538720240672e-16,19,-6.938893903907228e-18,1.1102230246251565e-16
competing,5,0.012844069727184514,0.08515257905776484,0.03615425466529017,0.8709746147989458,0.4926621167852391,0.3783124980137067,0.15083594495090394,-0.00037383726480330674,0.000913611432980214,0.46,50,22,4.530538720240672e-16,19,0.0,0.0
initial,6,0.03290172146263103,0.03290172146263103,0.0,0.5690383830812566,0.5690383830812566,0.0,1.0,6.757003390185911e-06,0.001273386204017451,0.46,50,22,4.530538720240672e-16,19,0.0,0.0
branch1,6,0.002431527066841809,0.02400926352876371,0.01078886823096095,1.0032059660726351,0.621552590456716,0.3816533756159193,0.1012745378019937,-9.947027339457377e-05,0.00023518201773741233,0.46,50,22,4.530538720240672e-16,19,0.0,-1.1102230246251565e-16
branch2,6,0.0024315270668418478,0.0240092635287637,0.010788868230960928,1.0032059660726327,0.621552590456716,0.38165337561591656,0.10127453780199536,-9.947027339457282e-05,0.00023518201773741176,0.46,50,22,4.530538720240672e-16,19,-3.469446951953614e-18,1.6653345369377348e-16
competing,6,0.0048630541336836565,0.048018527057527405,0.021577736461921876,0.8876814359793097,0.5060280603633918,0.3816533756159179,0.10127453780199454,-9.947027339457377e-05,0.00023518201773741233,0.46,50,22,4.530538720240672e-16,19,0.0,5.551115123125783e-17
initial,7,0.019456747448776696,0.019456747448776696,0.0,0.562794479506345,0.562794479506345,0.0,1.0,7.811484699465244e-07,0.00042446206800602823,0.46,50,21,4.530538720240672e-16,19,0.0,0.0
branch1,7,0.0009207005725710669,0.013548669868894258,0.0063139846481615955,0.9986250979691409,0.6144952715903061,0.3841298263788348,0.06795505252400158,-2.7908219510070143e-05,5.900657285464322e-05,0.46,50,21,4.530538720240672e-16,19,0.0,-5.551115123125783e-17
branch2,7,0.0009207005725710863,0.013548669868894254,0.006313984648161585,0.998625097969138,0.6144952715903061,0.3841298263788318,0.06795505252400304,-2.7908219510069753e-05,5.900657285464291e-05,0.46,50,21,4.530538720240672e-16,19,-1.734723475976807e-18,5.551115123125783e-17
competing,7,0.0018414011451421534,0.027097339737788512,0.01262796929632318,0.8996040721748616,0.5154742457960283,0.38412982637883325,0.06795505252400232,-2.7908219510070143e-05,5.900657285464322e-05,0.46,50,21,4.530538720240672e-16,19,-3.469446951953614e-18,5.551115123125783e-17
initial,8,0.011505048213268039,0.011505048213268039,0.0,0.5581211706084392,0.5581211706084392,0.0,1.0,1.561122335975695e-07,0.00014148735600192023,0.46,50,21,4.530538720240672e-16,19,0.0,0.0
branch1,8,0.00034855588387623686,0.007650709510924362,0.0036510768135240633,0.9952139981454714,0.6091196111147906,0.3860943870306808,0.045558635232266734,-6.6085033533509725e-06,1.5442380698205564e-05,0.46,50,21,4.530538720240672e-16,19,-8.673617379884035e-19,0.0
branch2,8,0.0003485558838762421,0.007650709510924356,0.0036510768135240568,0.9952139981454695,0.6091196111147907,0.3860943870306788,0.04555863523226746,-6.608503353350989e-06,1.544238069820553e-05,0.46,50,21,4.530538720240672e-16,19,0.0,0.0
competing,8,0.000697111767752479,0.015301419021848717,0.0073021536270481205,0.9085706005754773,0.5224762135447976,0.3860943870306797,0.0455586352322671,-6.608503353350989e-06,1.5442380698205564e-05,0.46,50,21,4.530538720240672e-16,19,-3.469446951953614e-18,5.551115123125783e-17
initial,9,0.0068032256426807745,0.0068032256426807745,0.0,0.5544842688950091,0.5544842688950091,0.0,1.0,1.8177032900374193e-08,4.716245200069351e-05,0.46,50,20,4.530538720240672e-16,19,0.0,0.0
branch1,9,0.00013195105724350776,0.004319786580869248,0.0020939177618128696,0.9925643869546117,0.6049499200581142,0.3876144668964975,0.030545735251799395,-1.8554735560609225e-06,4.0014944752986055e-06,0.46,50,20,4.530538720240672e-16,19,8.673617379884035e-19,0.0
branch2,9,0.0001319510572435111,0.00431978658086924,0.0020939177618128644,0.992564386954609,0.6049499200581145,0.3876144668964945,0.030545735251800224,-1.8554735560609134e-06,4.001494475298599e-06,0.46,50,20,4.530538720240672e-16,19,0.0,0.0
competing,9,0.0002639021144870188,0.008639573161738488,0.004187835523625734,0.9155480335590609,0.5279335666625649,0.38761446689649603,0.030545735251799804,-1.8554735560609225e-06,4.0014944752986055e-06,0.46,50,20,4.530538720240672e-16,19,1.734723475976807e-18,0.0
initial,4,0.0863957246006493,0.0863957246006493,0.0,0.6122042720463179,0.6122042720463179,0.0,1.0,0.00023963592316562178,0.011295082889548221,0.48,50,23,5.148816072228283e-16,20,0.0,0.0
branch1,4,0.02130806200716219,0.07507419017739468,0.026883064085116246,0.9621674449725541,0.6473196130047028,0.3148478319678514,0.28382673135484826,-0.0013038687400599841,0.003486405378284904,0.48,50,23,5.148816072228283e-16,20,0.0,0.0
branch2,4,0.021308062007162572,0.07507419017739461,0.026883064085116024,0.9621674449725497,0.6473196130047031,0.31484783196784666,0.28382673135485365,-0.0013038687400599824,0.0034864053782849153,0.48,50,23,5.148816072228283e-16,20,-6.938893903907228e-18,-5.551115123125783e-17
competing,4,0.04261612401432476,0.15014838035478928,0.05376612817023227,0.7888806498325656,0.4740328178647166,0.314847831967849,0.283826731354851,-0.0013038687400599841,0.0034864053782849153,0.48,50,23,5.148816072228283e-16,20,-2.7755575615628914e-17,-5.551115123125783e-17
initial,5,0.05055390359480676,0.05055390359480676,0.0,0.5969430228095925,0.5969430228095925,0.0,1.0,2.0331117973135007e-05,0.003765026239578689,0.48,50,22,5.148816072228283e-16,20,0.0,0.0
branch1,5,0.008545472449019766,0.04240184163264232,0.01692818459181128,0.9524707348829281,0.632112696591071,0.32035803829185705,0.20153540789702828,-0.0003854253226331844,0.001033829936807719,0.48,50,22,5.148816072228283e-16,20,0.0,0.0
branch2,5,0.00854547244901995,0.042401841632642275,0.016928184591811165,0.9524707348829239,0.6321126965910713,0.3203580382918525,0.20153540789703284,-0.00038542532263318314,0.001033829936807723,0.48,50,22,5.148816072228283e-16,20,-6.938893903907228e-18,1.1102230246251565e-16
competing,5,0.017090944898039716,0.08480368326528459,0.03385636918362245,0.8138412987709369,0.4934832604790821,0.3203580382918548,0.2015354078970306,-0.0003854253226331844,0.001033829936807723,0.48,50,22,5.148816072228283e-16,20,-2.7755575615628914e-17,5.551115123125783e-17
initial,6,0.029553522559305385,0.029553522559305385,0.0,0.5869253892483177,0.5869253892483177,0.0,1.0,4.993492423641421e-06,0.001255008745676529,0.48,50,22,5.148816072228283e-16,20,0.0,0.0
branch1,6,0.0034377840328791947,0.02410096928609403,0.010331592626607416,0.9454880319427095,0.6209172033257171,0.3245708286169924,0.14264090344543756,-0.00010497698005794854,0.0002608480010074403,0.48,50,22,5.148816072228283e-16,20,3.469446951953614e-18,0.0
branch2,6,0.0034377840328792685,0.024100969286094016,0.010331592626607374,0.9454880319427059,0.6209172033257172,0.3245708286169887,0.1426409034454407,-0.00010497698005794735,0.0002608480010074405,0.48,50,22,5.148816072228283e-16,20,0.0,0.0
competing,6,0.006875568065758463,0.04820193857218805,0.02066318525321479,0.8299635018493835,0.5053926732323929,0.32457082861699055,0.14264090344543912,-0.00010497698005794854,0.0002608480010074405,0.48,50,22,5.148816072228283e-16,20,0.0,5.551115123125783e-17
initial,7,0.01728350573136325,0.01728350573136325,0.0,0.5797146654586814,0.5797146654586814,0.0,1.0,4.3846151371593195e-07,0.00041833624856011997,0.48,50,21,5.148816072228283e-16,20,0.0,0.0
branch1,7,0.0013832054273442925,0.01373095647375755,0.006173875523206628,0.9404788142633259,0.6125860569389588,0.327892757324367,0.10073627645589434,-2.7324807819922332e-05,7.134555663698535e-05,0.48,50,21,5.148816072228283e-16,20,1.734723475976807e-18,5.551115123125783e-17
branch2,7,0.0013832054273443329,0.013730956473757532,0.0061738755232066,0.9404788142633217,0.6125860569389591,0.3278927573243626,0.1007362764558974,-2.732480781992184e-05,7.134555663698504e-05,0.48,50,21,5.148816072228283e-16,20,0.0,0.0
competing,7,0.0027664108546886254,0.027461912947515082,0.012347751046413228,0.8414577884690458,0.5135650311446811,0.32789275732436485,0.10073627645589586,-2.7324807819922332e-05,7.134555663698535e-05,0.48,50,21,5.148816072228283e-16,20,0.0,-1.1102230246251565e-16
initial,8,0.010106385788402023,0.010106385788402023,0.0,0.574323474830911,0.574323474830911,0.0,1.0,9.474011496005948e-08,0.00013944541618657625,0.48,50,21,5.148816072228283e-16,20,0.0,0.0
branch1,8,0.0005564050873782467,0.007815370603236251,0.0036294827579290024,0.9367517443217356,0.6064578617742373,0.3302938825474982,0.07119369197256571,-7.511645818534137e-06,1.8403444638927768e-05,0.48,50,21,5.148816072228283e-16,20,0.0,5.551115123125783e-17
branch2,8,0.0005564050873782615,0.00781537060323623,0.003629482757928984,0.9367517443217322,0.6064578617742377,0.3302938825474946,0.07119369197256778,-7.511645818534125e-06,1.840344463892776e-05,0.48,50,21,5.148816072228283e-16,20,8.673617379884035e-19,0.0
competing,8,0.0011128101747565082,0.01563074120647248,0.007258965515857987,0.8501083467517407,0.5198144642042444,0.3302938825474964,0.07119369197256675,-7.511645818534137e-06,1.8403444638927768e-05,0.48,50,21,5.148816072228283e-16,20,0.0,-5.551115123125783e-17
initial,9,0.005909877411519151,0.005909877411519151,0.0,0.5701255767034457,0.5701255767034457,0.0,1.0,9.571316093351273e-09,4.648180539559972e-05,0.48,50,20,5.148816072228283e-16,20,0.0,0.0
branch1,9,0.00022380797883993957,0.004447512756517925,0.002111852388838993,0.9338580123409957,0.6017122522426425,0.3321457600983534,0.05032205439139981,-1.9659281331966116e-06,4.9208468990177084e-06,0.48,50,20,5.148816072228283e-16,20,0.0,-1.1102230246251565e-16
branch2,9,0.0002238079788399478,0.00444751275651791,0.002111852388838981,0.9338580123409917,0.6017122522426429,0.3321457600983489,0.050322054391401846,-1.965928133196598e-06,4.920846899017717e-06,0.48,50,20,5.148816072228283e-16,20,0.0,-5.551115123125783e-17
competing,9,0.0004476159576798874,0.008895025513035835,0.004223704777677974,0.8568416589454443,0.5246958988470932,0.3321457600983511,0.05032205439140083,-1.9659281331966116e-06,4.920846899017717e-06,0.48,50,20,5.148816072228283e-16,20,0.0,-5.551115123125783e-17
initial,4,0.07976129055677326,0.07976129055677326,0.0,0.632179243239572,0.632179243239572,0.0,1.0,0.00020080444580953212,0.01111529556527116,0.5,50,23,5.699821073681327e-16,22,0.0,0.0
branch1,4,0.02615275586086835,0.07437178139285243,0.024109512765992047,0.9109501768437757,0.6496696728607424,0.2612805039830333,0.3516489099907695,-0.001257620083854886,0.0037374307470549625,0.5,50,23,5.699821073681327e-16,22,-1.3877787807814457e-17,-5.551115123125783e-17
branch2,4,0.02615275586086876,0.07437178139285232,0.024109512765991777,0.9109501768437718,0.6496696728607427,0.261280503983029,0.3516489099907756,-0.0012576200838548784,0.0037374307470549695,0.5,50,23,5.699821073681327e-16,22,0.0,5.551115123125783e-17
competing,4,0.052305511721737113,0.14874356278570475,0.048219025531983824,0.7376633817037873,0.4763828777207562,0.26128050398303115,0.35164890999077253,-0.001257620083854886,0.0037374307470549695,0.5,50,23,5.699821073681327e-16,22,-1.3877787807814457e-17,-5.551115123125783e-17
initial,5,0.046197878620381286,0.046197878620381286,0.0,0.614964279851288,0.614964279851288,0.0,1.0,1.1849504617098129e-05,0.003705095610811592,0.5,50,22,5.699821073681327e-16,22,0.0,0.0
branch1,5,0.011083687501988636,0.042340337612627274,0.015628325055319317,0.9004561691984584,0.6324030078923002,0.2680531613061582,0.26177607754084414,-0.0003822871486095764,0.0011427224543063223,0.5,50,22,5.699821073681327e-16,22,0.0,0.0
branch2,5,0.011083687501988841,0.042340337612627246,0.015628325055319203,0.9004561691984547,0.6324030078923003,0.2680531613061544,0.26177607754084914,-0.0003822871486095761,0.0011427224543063268,0.5,50,22,5.699821073681327e-16,22,0.0,0.0
competing,5,0.022167375003977478,0.08468067522525452,0.03125665011063852,0.7618267330864674,0.4937735717803112,0.2680531613061563,0.26177607754084664,-0.0003822871486095764,0.0011427224543063268,0.5,50,22,5.699821073681327e-16,22,0.0,-1.1102230246251565e-16
initial,6,0.026748740103924865,0.026748740103924865,0.0,0.6035446509446678,0.6035446509446678,0.0,1.0,2.7244365843352568e-06,0.001235031867838556,0.5,50,22,5.699821073681327e-16,22,0.0,0.0
branch1,6,0.0047139491408155045,0.024379139183954644,0.009832595021569572,0.8928715439153564,0.6190045773066174,0.27386696660873905,0.1933599502938165,-0.0001064829244847943,0.000279992338078159,0.5,50,22,5.699821073681327e-16,22,-3.469446951953614e-18,-5.551115123125783e-17
branch2,6,0.004713949140815598,0.02437913918395463,0.009832595021569517,0.8928715439153531,0.6190045773066174,0.27386696660873566,0.19335995029382047,-0.00010648292448479262,0.00027999233807816015,0.5,50,22,5.699821073681327e-16,22,0.0,0.0
competing,6,0.009427898281631103,0.048758278367909275,0.01966519004313909,0.7773470138220305,0.5034800472132932,0.27386696660873733,0.1933599502938185,-0.0001064829244847943,0.00027999233807816015,0.5,50,22,5.699821073681327e-16,22,-6.938893903907228e-18,0.0
initial,7,0.015492284693508577,0.015492284693508577,0.0,0.5953447343843635,0.5953447343843635,0.0,1.0,2.750728027566907e-07,0.0004116772892843498,0.5,50,21,5.699821073681327e-16,22,0.0,0.0
branch1,7,0.0020053688405092785,0.013993434327210227,0.005994032743350474,0.8874181821126401,0.6098810051426646,0.2775371769699755,0.14330783949225673,-2.8131044462695186e-05,8.353521769989058e-05,0.5,50,21,5.699821073681327e-16,22,0.0,0.0
branch2,7,0.00200536884050933,0.013993434327210211,0.005994032743350442,0.8874181821126365,0.6098810051426647,0.27753717696997166,0.14330783949226056,-2.813104446269496e-05,8.353521769989017e-05,0.5,50,21,5.699821073681327e-16,22,-3.469446951953614e-18,5.551115123125783e-17
competing,7,0.004010737681018608,0.02798686865442044,0.011988065486700915,0.7883971563183604,0.5108599793483868,0.2775371769699736,0.14330783949225862,-2.8131044462695186e-05,8.353521769989058e-05,0.5,50,21,5.699821073681327e-16,22,0.0,0.0
initial,8,0.008971475552257233,0.008971475552257233,0.0,0.5892131397325548,0.5892131397325548,0.0,1.0,3.4406921241242974e-08,0.00013722576309460084,0.5,50,21,5.699821073681327e-16,22,0.0,0.0
branch1,8,0.0008528649639297925,0.00803617110974487,0.003591653072907538,0.8833636662797556,0.6029753174195102,0.2803883488602455,0.10612827331359163,-8.149341340890445e-06,2.1060989231427108e-05,0.5,50,21,5.699821073681327e-16,22,8.673617379884035e-19,-5.551115123125783e-17
branch2,8,0.0008528649639298116,0.00803617110974485,0.003591653072907519,0.8833636662797528,0.6029753174195105,0.2803883488602424,0.10612827331359426,-8.149341340890465e-06,2.106098923142716e-05,0.5,50,21,5.699821073681327e-16,22,0.0,-5.551115123125783e-17
competing,8,0.001705729927859604,0.01607234221948972,0.007183306145815057,0.7967202687097611,0.5163319198495171,0.28038834886024394,0.10612827331359294,-8.149341340890465e-06,2.106098923142716e-05,0.5,50,21,5.699821073681327e-16,22,3.469446951953614e-18,5.551115123125783e-17
initial,9,0.0051956329984513905,0.0051956329984513905,0.0,0.5844374238023511,0.5844374238023511,0.0,1.0,6.159689213946077e-09,4.5741921031633544e-05,0.5,50,20,5.699821073681327e-16,22,0.0,0.0
branch1,9,0.00036269195603708966,0.004613194741911174,0.002125251392937042,0.8802174099919692,0.597648295489469,0.2825691145025002,0.07862056044198822,-2.0543331476770445e-06,6.098680716314761e-06,0.5,50,20,5.699821073681327e-16,22,0.0,0.0
branch2,9,0.00036269195603710175,0.004613194741911157,0.002125251392937028,0.8802174099919655,0.5976482954894693,0.28256911450249617,0.07862056044199113,-2.054333147677041e-06,6.098680716314773e-06,0.5,50,20,5.699821073681327e-16,22,-8.673617379884035e-19,5.551115123125783e-17
competing,9,0.0007253839120741914,0.009226389483822331,0.00425050278587407,0.8032010565964179,0.5206319420939196,0.2825691145024982,0.07862056044198966,-2.0543331476770445e-06,6.098680716314773e-06,0.5,50,20,5.699821073681327e-16,22,-1.734723475976807e-18,1.1102230246251565e-16
initial,4,0.07389305826609657,0.07389305826609657,0.0,0.6512840973982564,0.6512840973982564,0.0,1.0,0.00010859266426816262,0.010922472109289552,0.52,50,23,6.318902392395192e-16,23,0.0,0.0
branch1,4,0.0314803048659936,0.07352040705996216,0.021020051096984276,0.8645982927613676,0.6525480660564618,0.21205022670490578,0.4281845833676999,-0.0011729177933694377,0.003945473269624359,0.52,50,23,6.318902392395192e-16,23,6.938893903907228e-18,2.7755575615628914e-17
branch2,4,0.031480304865994145,0.07352040705996206,0.021020051096983964,0.8645982927613632,0.6525480660564621,0.21205022670490112,0.4281845833677079,-0.0011729177933694308,0.003945473269624367,0.52,50,23,6.318902392395192e-16,23,-1.3877787807814457e-17,2.7755575615628914e-17
competing,4,0.06296060973198775,0.1470408141199242,0.04204010219396824,0.691311497621379,0.47926127091647563,0.2120502267049034,0.428184583367704,-0.0011729177933694377,0.003945473269624367,0.52,50,23,6.318902392395192e-16,23,-2.7755575615628914e-17,-2.7755575615628914e-17
initial,5,0.042369814734766253,0.042369814734766253,0.0,0.6322638173820159,0.6322638173820159,0.0,1.0,6.8389848933216695e-06,0.003640818193689214,0.52,50,22,6.318902392395192e-16,23,0.0,0.0
branch1,5,0.014031870715515952,0.04255916978929536,0.014263649536889704,0.8532848113882446,0.6313719881938951,0.22191282319434968,0.3297026418744968,-0.00036304026917275805,0.0012345942384935885,0.52,50,22,6.318902392395192e-16,23,-3.469446951953614e-18,-1.1102230246251565e-16
branch2,5,0.014031870715516242,0.04255916978929531,0.014263649536889533,0.8532848113882405,0.6313719881938952,0.22191282319434533,0.329702641874504,-0.0003630402691727571,0.0012345942384935932,0.52,50,22,6.318902392395192e-16,23,3.469446951953614e-18,2.7755575615628914e-17
competing,5,0.028063741431032192,0.08511833957859066,0.02852729907377924,0.7146553752762536,0.49274255208190604,0.22191282319434752,0.32970264187450044,-0.00036304026917275805,0.0012345942384935932,0.52,50,22,6.318902392395192e-16,23,-6.938893903907228e-18,0.0
initial,6,0.024329645161125353,0.024329645161125353,0.0,0.6193432844517385,0.6193432844517385,0.0,1.0,9.397790270145677e-07,0.0012136060580249836,0.52,50,22,6.318902392395192e-16,23,0.0,0.0
branch1,6,0.006279258356780991,0.024680522110885606,0.009200631877052308,0.8450839002549834,0.6169568208244082,0.2281270794305751,0.25442161752370135,-0.00010349301172240284,0.0003024452068668433,0.52,50,22,6.318902392395192e-16,23,-3.469446951953614e-18,8.326672684688674e-17
branch2,6,0.006279258356781133,0.02468052211088557,0.009200631877052218,0.8450839002549796,0.6169568208244084,0.22812707943057117,0.2544216175237074,-0.00010349301172240115,0.00030244520686684455,0.52,50,22,6.318902392395192e-16,23,3.469446951953614e-18,2.7755575615628914e-17
competing,6,0.012558516713562125,0.04936104422177118,0.018401263754104526,0.7295593701616573,0.5014322907310841,0.22812707943057312,0.2544216175237044,-0.00010349301172240284,0.00030244520686684455,0.52,50,22,6.318902392395192e-16,23,0.0,8.326672684688674e-17
initial,7,0.013966869266745776,0.013966869266745776,0.0,0.6101524621221592,0.6101524621221592,0.0,1.0,1.6338595065549562e-07,0.0004045353526896131,0.52,50,21,6.318902392395192e-16,23,0.0,0.0
branch1,7,0.002811025775923391,0.014308993691944927,0.005748983958010769,0.8391722596337907,0.6066952871289877,0.23247697250480304,0.19645167483062234,-2.8171065781618808e-05,9.481567086801032e-05,0.52,50,21,6.318902392395192e-16,23,-1.734723475976807e-18,0.0
branch2,7,0.0028110257759234674,0.014308993691944915,0.005748983958010725,0.8391722596337868,0.6066952871289877,0.23247697250479907,0.19645167483062784,-2.817106578161851e-05,9.481567086801009e-05,0.52,50,21,6.318902392395192e-16,23,-1.734723475976807e-18,8.326672684688674e-17
competing,7,0.0056220515518468584,0.02861798738388984,0.011497967916021493,0.740151233839511,0.5076742613347098,0.23247697250480104,0.1964516748306251,-2.8171065781618808e-05,9.481567086801032e-05,0.52,50,21,6.318902392395192e-16,23,-3.469446951953614e-18,1.1102230246251565e-16
initial,8,0.008018116241245814,0.008018116241245814,0.0,0.60325647091633,0.60325647091633,0.0,1.0,8.566646923929536e-09,0.00013484511756294365,0.52,50,21,6.318902392395192e-16,23,0.0,0.0
branch1,8,0.0012579914675410616,0.00829277770747592,0.00351739311996743,0.834779862910708,0.5990462873388291,0.23573357557187888,0.1516972372727398,-8.421583410520038e-06,2.3175489766401975e-05,0.52,50,21,6.318902392395192e-16,23,-1.734723475976807e-18,2.7755575615628914e-17
branch2,8,0.0012579914675410904,0.008292777707475897,0.003517393119967403,0.8347798629107052,0.5990462873388296,0.23573357557187566,0.15169723727274367,-8.421583410520006e-06,2.3175489766401948e-05,0.52,50,21,6.318902392395192e-16,23,0.0,-8.326672684688674e-17
competing,8,0.0025159829350821523,0.016585555414951818,0.007034786239934833,0.7481364653407134,0.5124028897688362,0.23573357557187727,0.15169723727274173,-8.421583410520038e-06,2.3175489766401975e-05,0.52,50,21,6.318902392395192e-16,23,0.0,-2.7755575615628914e-17
initial,9,0.004603119522040039,0.004603119522040039,0.0,0.5978912275962655,0.5978912275962655,0.0,1.0,2.359079355608107e-09,4.494837252111092e-05,0.52,50,20,6.318902392395192e-16,23,0.0,0.0
branch1,9,0.0005629260874754679,0.004804937222796272,0.0021210055676604027,0.8313735801989224,0.5931234779577766,0.23825010224114562,0.11715576320222316,-2.17526468191102e-06,7.265327645826034e-06,0.52,50,20,6.318902392395192e-16,23,-8.673617379884035e-19,1.1102230246251565e-16
branch2,9,0.0005629260874754852,0.004804937222796254,0.0021210055676603844,0.8313735801989188,0.5931234779577771,0.23825010224114176,0.11715576320222722,-2.17526468191102e-06,7.265327645826039e-06,0.52,50,20,6.318902392395192e-16,23,0.0,-2.7755575615628914e-17
competing,9,0.0011258521749509531,0.009609874445592526,0.004242011135320787,0.754357226803371,0.5161071245622274,0.2382501022411437,0.1171557632022252,-2.17526468191102e-06,7.265327645826039e-06,0.52,50,20,6.318902392395192e-16,23,-1.734723475976807e-18,-8.326672684688674e-17
initial,4,0.06859307955667701,0.06859307955667701,0.0,0.6698909076092852,0.6698909076092852,0.0,1.0,3.4314574070716444e-05,0.010718275377213716,0.54,50,23,7.30439382506219e-16,25,0.0,0.0
branch1,4,0.037200862108137896,0.07245819786914193,0.01762866788050202,0.8228558357554069,0.6561863661309012,0.1666694696245058,0.5134113627187074,-0.0010521664682566398,0.00410668476933081,0.54,50,23,7.30439382506219e-16,25,-6.938893903907228e-18,-1.1102230246251565e-16
branch2,4,0.037200862108138444,0.07245819786914204,0.017628667880501787,0.8228558357554032,0.6561863661309008,0.1666694696245025,0.5134113627187141,-0.0010521664682566346,0.0041066847693308275,0.54,50,23,7.30439382506219e-16,25,2.0816681711721685e-17,-2.7755575615628914e-17
competing,4,0.07440172421627633,0.14491639573828397,0.0352573357610038,0.6495690406154188,0.48289957099091463,0.16666946962450419,0.5134113627187107,-0.0010521664682566398,0.0041066847693308275,0.54,50,23,7.30439382506219e-16,25,2.7755575615628914e-17,-5.551115123125783e-17
initial,5,0.03890944269607751,0.03890944269607751,0.0,0.6493036629970509,0.6493036629970509,0.0,1.0,2.5347103446937178e-06,0.0035727471867119686,0.54,50,22,7.30439382506219e-16,25,0.0,0.0
branch1,5,0.017361318940983587,0.04271036557114344,0.012674523315079924,0.8107021193545686,0.6306627269569679,0.18003939239760064,0.40648958885787384,-0.0003281931587208864,0.001304441946193187,0.54,50,22,7.30439382506219e-16,25,3.469446951953614e-18,5.551115123125783e-17
branch2,5,0.017361318940983875,0.04271036557114344,0.012674523315079785,0.8107021193545652,0.6306627269569679,0.1800393923975973,0.4064895888578806,-0.0003281931587208806,0.0013044419461931932,0.54,50,22,7.30439382506219e-16,25,-6.938893903907228e-18,-5.551115123125783e-17
competing,5,0.03472263788196746,0.08542073114228688,0.02534904663015971,0.6720726832425779,0.49203329084497893,0.18003939239759897,0.40648958885787717,-0.0003281931587208864,0.0013044419461931932,0.54,50,22,7.30439382506219e-16,25,0.0,-5.551115123125783e-17
initial,6,0.022182300915733515,0.02218292595288688,3.1251857668133813e-07,0.6347434273549273,0.634738731205882,4.696149045272188e-06,0.9999718235026934,-7.812964417075193e-08,0.0011909157123518898,0.54,50,22,7.30439382506219e-16,25,1.6677019940253106e-18,3.016792544940916e-17
branch1,6,0.008137741360850072,0.024934192912945692,0.008398225776047812,0.8018737685946317,0.6152525346909876,0.18662123390364416,0.32636874950241535,-9.588362031296842e-05,0.0003274480485271647,0.54,50,22,7.30439382506219e-16,25,-3.469446951953614e-18,-1.1102230246251565e-16
branch2,6,0.008137741360850236,0.024934192912945678,0.008398225776047725,0.8018737685946284,0.6152525346909877,0.18662123390364074,0.32636874950242206,-9.588362031296708e-05,0.0003274480485271664,0.54,50,22,7.30439382506219e-16,25,-6.938893903907228e-18,-2.7755575615628914e-17
competing,6,0.016275482721700308,0.04986838582589137,0.016796451552095536,0.6863492385013058,0.4997280045976635,0.18662123390364246,0.3263687495024187,-9.588362031296842e-05,0.0003274480485271664,0.54,50,22,7.30439382506219e-16,25,-6.938893903907228e-18,-1.3877787807814457e-16
initial,7,0.012624729737427298,0.012625280896542433,2.755795575665757e-07,0.6245853872837567,0.6245791506910201,6.236592736679443e-06,0.9999563448037591,-1.1457190560858259e-07,0.0003969719041554944,0.54,50,21,7.30439382506219e-16,25,2.5228876333969336e-18,-1.046009456893808e-16
branch1,7,0.0038164239552038823,0.014593801051425784,0.005388688548110952,0.7954916331707269,0.6038797751355116,0.1916118580352153,0.26150993437251396,-2.806111793666484e-05,0.00010442001605109617,0.54,50,21,7.30439382506219e-16,25,-1.734723475976807e-18,0.0
branch2,7,0.003816423955203974,0.014593801051425773,0.0053886885481109,0.7954916331707235,0.6038797751355117,0.19161185803521177,0.26150993437252046,-2.8061117936664233e-05,0.00010442001605109584,0.54,50,21,7.30439382506219e-16,25,-1.734723475976807e-18,-2.7755575615628914e-17
competing,7,0.007632847910407857,0.029187602102851557,0.010777377096221851,0.6964706073764474,0.5048587493412338,0.19161185803521352,0.26150993437251724,-2.806111793666484e-05,0.00010442001605109617,0.54,50,21,7.30439382506219e-16,25,0.0,1.1102230246251565e-16
initial,8,0.007189396657647241,0.007190030751213398,3.170467830786146e-07,0.6168935031083146,0.6168824787895337,1.1024318780876824e-05,0.9999118093387779,-3.040492659624134e-08,0.0001323239680514936,0.54,50,21,7.30439382506219e-16,25,-4.457510884925756e-19,-1.5637922272208893e-17
branch1,8,0.001789146473741417,0.008539711127796033,0.0033752823270273083,0.790752075395157,0.5953785121923464,0.19537356320281057,0.2095090158164598,-8.259889020988255e-06,2.611830666558591e-05,0.54,50,21,7.30439382506219e-16,25,-8.673617379884035e-19,5.551115123125783e-17
branch2,8,0.0017891464737414514,0.008539711127796015,0.0033752823270272814,0.7907520753951546,0.5953785121923466,0.1953735632028079,0.20950901581646428,-8.259889020988184e-06,2.6118306665585883e-05,0.54,50,21,7.30439382506219e-16,25,8.673617379884035e-19,5.551115123125783e-17
competing,8,0.0035782929474828685,0.017079422255592048,0.00675056465405459,0.7041086778251626,0.5087351146223533,0.19537356320280921,0.20950901581646206,-8.259889020988255e-06,2.611830666558591e-05,0.54,50,21,7.30439382506219e-16,25,0.0,8.326672684688674e-17
initial,9,0.004093322583884862,0.004093773689976179,2.2555304565839282e-07,0.6109331412246065,0.6109208968592273,1.2244365379206215e-05,0.9998898067833057,-2.55923013284828e-08,4.410798935066348e-05,0.54,50,20,7.30439382506219e-16,25,-2.2742834633777964e-19,-4.0259475982996895e-17
branch1,9,0.000838653250944696,0.004999479701289694,0.0020804132251724993,0.7870792472698704,0.5887134924116321,0.1983657548582384,0.16774810601358223,-2.2615618410474784e-06,8.329810166673318e-06,0.54,50,20,7.30439382506219e-16,25,0.0,-2.7755575615628914e-17
branch2,9,0.0008386532509447155,0.0049994797012896785,0.002080413225172482,0.7870792472698679,0.5887134924116324,0.1983657548582355,0.16774810601358664,-2.261561841047502e-06,8.329810166673331e-06,0.54,50,20,7.30439382506219e-16,25,-8.673617379884035e-19,0.0
competing,9,0.0016773065018894115,0.009998959402579373,0.004160826450344981,0.7100628938743196,0.5116971390160827,0.19836575485823693,0.16774810601358445,-2.261561841047502e-06,8.329810166673331e-06,0.54,50,20,7.30439382506219e-16,25,-1.734723475976807e-18,0.0
initial,4,0.06371025548492953,0.06393612387089123,0.00011293419298084555,0.6883524331847218,0.6874676896344575,0.0008847435502643768,0.9964672805874532,-2.8233548245228416e-05,0.010504612625860797,0.56,50,23,8.280382094690523e-16,27,6.1257422745431e-18,-2.1575623232461538e-17
branch1,4,0.04319935276854453,0.0722778768741906,0.014539262052823037,0.785482441513481,0.6568092968293031,0.12867314468417798,0.5976843072429872,-0.0008991950297261878,0.004219402330317246,0.56,50,23,8.280382094690523e-16,27,-3.469446951953614e-18,-8.326672684688674e-17
branch2,4,0.04319935276854504,0.07227787687419078,0.01453926205282287,0.7854824415134781,0.6568092968293024,0.12867314468417562,0.5976843072429927,-0.0008991950297261825,0.0042194023303172585,0.56,50,23,8.280382094690523e-16,27,-3.469446951953614e-18,5.551115123125783e-17
competing,4,0.08639870553708957,0.14455575374838137,0.029078524105645907,0.6121956463734932,0.4835225016893165,0.1286731446841768,0.59768430724299,-0.0008991950297261878,0.0042194023303172585,0.56,50,23,8.280382094690523e-16,27,-2.0816681711721685e-17,-5.551115123125783e-17
initial,5,0.03570341461326189,0.0359151135452135,0.00010584946597580773,0.6665017894680325,0.6653194163924024,0.001182373075629987,0.9941055753120451,-1.8412904115173508e-05,0.0035015165891047473,0.56,50,22,8.280382094690523e-16,27,-6.071532165918825e-18,8.500145032286355e-17
branch1,5,0.021018659746256614,0.04279105661598079,0.010886198434862092,0.7724689352896643,0.6302852311599206,0.1421837041297437,0.49119281944552323,-0.00029660249747874215,0.0013483661819746018,0.56,50,22,8.280382094690523e-16,27,-1.0408340855860843e-17,-2.7755575615628914e-17
branch2,5,0.021018659746256878,0.042791056615980816,0.01088619843486197,0.7724689352896619,0.6302852311599205,0.1421837041297413,0.49119281944552906,-0.00029660249747873716,0.0013483661819746072,0.56,50,22,8.280382094690523e-16,27,-3.469446951953614e-18,5.551115123125783e-17
competing,5,0.04203731949251349,0.0855821132319616,0.021772396869724063,0.633839499177674,0.4916557950479315,0.14218370412974252,0.4911928194455262,-0.00029660249747874215,0.0013483661819746072,0.56,50,22,8.280382094690523e-16,27,-1.3877787807814457e-17,0.0
initial,6,0.020226391115028806,0.020346657390141146,6.01331375561699e-05,0.6501278394080832,0.6491397727662915,0.000988066641791635,0.9940891384365368,-6.772009751672756e-06,0.0011671721567617617,0.56,50,22,8.280382094690523e-16,27,1.7618285302889447e-19,-5.421010862427522e-18
branch1,6,0.010275093956782066,0.02513457280464131,0.007429739423929622,0.7630053957382134,0.6139184963362979,0.14908689940191552,0.40880320650942925,-8.537174973830164e-05,0.00034703499001464033,0.56,50,22,8.280382094690523e-16,27,0.0,-8.326672684688674e-17
branch2,6,0.010275093956782229,0.02513457280464132,0.007429739423929547,0.7630053957382108,0.6139184963362978,0.14908689940191294,0.4088032065094356,-8.537174973830156e-05,0.00034703499001464207,0.56,50,22,8.280382094690523e-16,27,-3.469446951953614e-18,5.551115123125783e-17
competing,6,0.020550187913564295,0.050269145609282626,0.014859478847859169,0.6474808656448878,0.49839396624297366,0.1490868994019142,0.40880320650943247,-8.537174973830164e-05,0.00034703499001464207,0.56,50,22,8.280382094690523e-16,27,-6.938893903907228e-18,-2.7755575615628914e-17
initial,7,0.011409028335810433,0.01149207843462839,4.1525049408979213e-05,0.6390500396763354,0.6380139018197123,0.0010361378566232332,0.9927732742784189,-2.266411286625866e-06,0.0003890573856737813,0.56,50,21,8.280382094690523e-16,27,-1.6940658945086007e-18,-7.936359902593892e-17
branch1,7,0.005026662575375201,0.014880104617210767,0.0049267210209177825,0.7561427169983098,0.6011043169821966,0.1550384000161131,0.3378109700627518,-2.690073679651197e-05,0.00011165608515358251,0.56,50,21,8.280382094690523e-16,27,1.734723475976807e-18,1.3877787807814457e-16
branch2,7,0.005026662575375292,0.014880104617210782,0.004926721020917745,0.7561427169983073,0.6011043169821965,0.15503840001611066,0.33781097006275757,-2.690073679651137e-05,0.00011165608515358219,0.56,50,21,8.280382094690523e-16,27,0.0,1.3877787807814457e-16
competing,7,0.010053325150750494,0.029760209234421547,0.009853442041835529,0.6571216912040306,0.5020832911879187,0.15503840001611183,0.33781097006275473,-2.690073679651197e-05,0.00011165608515358251,0.56,50,21,8.280382094690523e-16,27,-3.469446951953614e-18,8.326672684688674e-17
initial,8,0.006446849602900663,0.006495633876238018,2.4392136668678253e-05,0.6305204626444804,0.6295781298909607,0.0009423327535196725,0.9924896824133185,-7.554996164144172e-07,0.00012968579522432022,0.56,50,21,8.280382094690523e-16,27,-1.5178830414797062e-18,-4.672911363412524e-17
branch1,8,0.0024580578293246554,0.008783137367266169,0.0031625397689707567,0.7510479676414837,0.5918652005048705,0.15918276713661322,0.2798610253422176,-7.664474298182585e-06,2.858514400163921e-05,0.56,50,21,8.280382094690523e-16,27,0.0,5.551115123125783e-17
branch2,8,0.0024580578293246945,0.008783137367266165,0.003162539768970736,0.7510479676414817,0.5918652005048706,0.1591827671366112,0.2798610253422221,-7.664474298182562e-06,2.858514400163916e-05,0.56,50,21,8.280382094690523e-16,27,-8.673617379884035e-19,-2.7755575615628914e-17
competing,8,0.00491611565864935,0.017566274734532334,0.0063250795379414925,0.6644045700714896,0.5052218029348773,0.15918276713661222,0.27986102534221985,-7.664474298182585e-06,2.858514400163921e-05,0.56,50,21,8.280382094690523e-16,27,0.0,5.551115123125783e-17
initial,9,0.003640287095121091,0.003670308989454432,1.501094716667081e-05,0.6239658586841921,0.623053269683098,0.0009125890010941497,0.9918203359936179,-2.5183315821278306e-07,4.3228598408306583e-05,0.56,50,20,8.280382094690523e-16,27,-4.2690460541616737e-19,-1.1676857397668883e-16
branch1,9,0.0012018081590719678,0.0051905805451261154,0.001994386193027074,0.7471031174493796,0.5845455255171358,0.16255759193224384,0.23153636642830816,-2.250493543723379e-06,9.200460122880743e-06,0.56,50,20,8.280382094690523e-16,27,0.0,0.0
branch2,9,0.0012018081590719895,0.005190580545126108,0.0019943861930270595,0.7471031174493776,0.584545525517136,0.16255759193224167,0.23153636642831268,-2.2504935437234143e-06,9.200460122880762e-06,0.56,50,20,8.280382094690523e-16,27,-8.673617379884035e-19,-5.551115123125783e-17
competing,9,0.0024036163181439573,0.010381161090252222,0.003988772386054133,0.6700867640538292,0.5075291721215864,0.16255759193224273,0.23153636642831044,-2.2504935437234143e-06,9.200460122880762e-06,0.56,50,20,8.280382094690523e-16,27,0.0,0.0
initial,4,0.05913137517152157,0.05983104355440246,0.00034983419144044524,0.706998403167906,0.7040576574349884,0.0029407457329175867,0.9883059304783025,-8.437000970648978e-05,0.010283564938964264,0.58,50,23,8.877452630560234e-16,28,3.686287386450715e-18,-4.336808689942018e-18
branch1,4,0.04934128662803942,0.07241881167230908,0.011538762522134835,0.7522485228616779,0.6563222959030846,0.0959262269585934,0.6813324533866404,-0.0007315547104036773,0.0042839177275625405,0.58,50,23,8.877452630560234e-16,28,-3.469446951953614e-18,-8.326672684688674e-17
branch2,4,0.04934128662803996,0.07241881167230937,0.011538762522134701,0.7522485228616752,0.6563222959030836,0.09592622695859167,0.6813324533866452,-0.0007315547104036947,0.004283917727562552,0.58,50,23,8.877452630560234e-16,28,1.3877787807814457e-17,-1.3877787807814457e-17
competing,4,0.09868257325607938,0.14483762334461847,0.023077525044269534,0.5789617277216902,0.4830355007630977,0.09592622695859253,0.6813324533866427,-0.0007315547104036947,0.004283917727562552,0.58,50,23,8.877452630560234e-16,28,2.7755575615628914e-17,-4.163336342344337e-17
initial,5,0.03267866292956992,0.0335730370510804,0.00044718706075524007,0.6842065847710369,0.6788064005762402,0.0054001841947968554,0.9733603450843689,-3.695672075793345e-05,0.0034278173756144567,0.58,50,22,8.877452630560234e-16,28,-1.5178830414797062e-18,-1.465841337200402e-16
branch1,5,0.02492752017642029,0.0428084665416256,0.008940473182602658,0.738356571571514,0.6302038759128694,0.1081526956586446,0.5823035065313904,-0.0002563314200463596,0.0013638943038847432,0.58,50,22,8.877452630560234e-16,28,-3.469446951953614e-18,0.0
branch2,5,0.02492752017642056,0.04280846654162573,0.008940473182602585,0.7383565715715119,0.6302038759128689,0.10815269565864302,0.582303506531395,-0.0002563314200463549,0.0013638943038847486,0.58,50,22,8.877452630560234e-16,28,-3.469446951953614e-18,2.7755575615628914e-17
competing,5,0.04985504035284085,0.08561693308325133,0.017880946365205243,0.5997271354595239,0.4915744398008801,0.10815269565864383,0.5823035065313927,-0.0002563314200463596,0.0013638943038847486,0.58,50,22,8.877452630560234e-16,28,-6.938893903907228e-18,0.0
initial,6,0.018407111187583848,0.019014689018008443,0.0003037889152122984,0.6658363685740574,0.6604239153828991,0.005412453191158187,0.9680469225739547,-1.3118980110093637e-05,0.0011426057019026667,0.58,50,22,8.877452630560234e-16,28,-1.6263032587282567e-18,5.2909066017292616e-17
branch1,6,0.012657295268006855,0.025383973884194274,0.006363339308093709,0.7282535881680884,0.6122728755885302,0.1159807125795581,0.4986333237558252,-7.938405707815962e-05,0.0003604644570282389,0.58,50,22,8.877452630560234e-16,28,0.0,1.249000902703301e-16
branch2,6,0.012657295268007029,0.025383973884194336,0.006363339308093652,0.7282535881680859,0.6122728755885297,0.11598071257955622,0.4986333237558308,-7.938405707815984e-05,0.0003604644570282409,0.58,50,22,8.877452630560234e-16,28,3.469446951953614e-18,0.0
competing,6,0.025314590536013884,0.05076794776838861,0.012726678616187362,0.612729058074763,0.49674834549520575,0.11598071257955715,0.49863332375582803,-7.938405707815984e-05,0.0003604644570282409,0.58,50,22,8.877452630560234e-16,28,3.469446951953614e-18,6.938893903907228e-17
initial,7,0.010282956043314244,0.01070935611425056,0.00021320003546815758,0.6538953582055622,0.6480910737687234,0.005804284436838751,0.9601843410203793,-6.482865157255693e-06,0.00038086856748102503,0.58,50,21,8.877452630560234e-16,28,1.0842021724855044e-18,2.949029909160572e-17
branch1,7,0.006432969685914804,0.015125390536352593,0.004346210425218895,0.7209027141203578,0.5987686364018974,0.12213407771846031,0.4253093280767665,-2.4677383993798145e-05,0.00011598297038324835,0.58,50,21,8.877452630560234e-16,28,-1.734723475976807e-18,9.71445146547012e-17
branch2,7,0.00643296968591493,0.015125390536352631,0.00434621042521885,0.7209027141203549,0.598768636401897,0.12213407771845788,0.42530932807677374,-2.4677383993797677e-05,0.0001159829703832482,0.58,50,21,8.877452630560234e-16,28,1.734723475976807e-18,-2.7755575615628914e-17
competing,7,0.012865939371829734,0.030250781072705225,0.008692420850437746,0.6218816883260784,0.49974761060761935,0.12213407771845912,0.4253093280767701,-2.4677383993798145e-05,0.00011598297038324835,0.58,50,21,8.877452630560234e-16,28,0.0,-9.71445146547012e-17
initial,8,0.005765554578200309,0.006027892189305054,0.0001311688055523726,0.6444817415568692,0.6389197354204645,0.005562006136404626,0.956479379048916,-2.22032844521559e-06,0.00012695618916041667,0.58,50,21,8.877452630560234e-16,28,2.168404344971009e-19,4.7704895589362195e-17
branch1,8,0.0032680280742578894,0.009003950940588538,0.002867961433165325,0.7154460639208864,0.5887614755720753,0.1266845883488111,0.36295489566986433,-6.696367668287235e-06,3.0424656781598016e-05,0.58,50,21,8.877452630560234e-16,28,-8.673617379884035e-19,2.7755575615628914e-17
branch2,8,0.003268028074257955,0.009003950940588538,0.0028679614331652923,0.7154460639208838,0.5887614755720753,0.12668458834880858,0.3629548956698716,-6.696367668287197e-06,3.0424656781597968e-05,0.58,50,21,8.877452630560234e-16,28,-1.734723475976807e-18,0.0
competing,8,0.006536056148515844,0.018007901881177076,0.0057359228663306176,0.628802666350892,0.5021180780020821,0.12668458834880986,0.36295489566986794,-6.696367668287235e-06,3.0424656781598016e-05,0.58,50,21,8.877452630560234e-16,28,-3.469446951953614e-18,5.551115123125783e-17
initial,9,0.00322756337404942,0.003394904842706977,8.367073432877863e-05,0.6373364221988498,0.631719949669114,0.005616472529735679,0.9507080532707584,-7.593514084566629e-07,4.231872972036811e-05,0.58,50,20,8.877452630560234e-16,28,-3.7947076036992655e-19,5.984795992119984e-17
branch1,9,0.0016598582653946626,0.0053611353310348666,0.001850638532820102,0.7112247847279258,0.5809532789819535,0.1302715057459724,0.30960946943196416,-2.13243555473984e-06,9.797352526245342e-06,0.58,50,20,8.877452630560234e-16,28,0.0,-5.551115123125783e-17
branch2,9,0.0016598582653947042,0.005361135331034866,0.001850638532820081,0.711224784727923,0.5809532789819535,0.1302715057459696,0.309609469431972,-2.132435554739877e-06,9.79735252624536e-06,0.58,50,20,8.877452630560234e-16,28,-4.336808689942018e-19,-2.7755575615628914e-17
competing,9,0.003319716530789367,0.010722270662069731,0.0037012770656401827,0.6342084313323749,0.5039369255864039,0.13027150574597102,0.3096094694319681,-2.132435554739877e-06,9.79735252624536e-06,0.58,50,20,8.877452630560234e-16,28,-8.673617379884035e-19,0.0
initial,4,0.05477467216581847,0.05788601781513142,0.001555672824656477,0.7261318446561311,0.712319853019661,0.013811991636470138,0.9462504803966728,-0.0001726104181118558,0.01005731266419602,0.6,50,23,9.716036908706642e-16,29,-1.734723475976807e-18,-7.112366251504909e-17
branch1,4,0.05548047500855662,0.07294509693206423,0.008732310961753805,0.7229310304435234,0.6545120544053714,0.06841897603815197,0.7605785356653526,-0.0006598834730784451,0.004302129736893798,0.6,50,23,9.716036908706642e-16,29,0.0,-2.7755575615628914e-17
branch2,4,0.055480475008557247,0.0729450969320646,0.008732310961753675,0.7229310304435206,0.6545120544053702,0.06841897603815038,0.7605785356653575,-0.000659883473078463,0.004302129736893806,0.6,50,23,9.716036908706642e-16,29,-3.469446951953614e-18,1.3877787807814457e-17
competing,4,0.11096095001711387,0.14589019386412883,0.01746462192350748,0.5496442353035357,0.4812252592653845,0.06841897603815118,0.760578535665355,-0.000659883473078463,0.004302129736893806,0.6,50,23,9.716036908706642e-16,29,0.0,-1.3877787807814457e-17
initial,5,0.02979617002923786,0.03338218615513581,0.0017930080629489753,0.7026750832478601,0.6799465739858188,0.022728509262041306,0.8925769537910793,-8.70114043423016e-05,0.003352372266665106,0.6,50,22,9.716036908706642e-16,29,-1.3010426069826053e-18,-2.0816681711721685e-17
branch1,5,0.028992666861465288,0.04289529908166444,0.006951316110099575,0.7081424695635798,0.6297986075136621,0.07834386204991772,0.6758938038004771,-0.00020910207209544367,0.0013501814074214347,0.6,50,22,9.716036908706642e-16,29,-1.734723475976807e-18,0.0
branch2,5,0.028992666861465594,0.04289529908166458,0.006951316110099494,0.7081424695635776,0.6297986075136615,0.07834386204991631,0.6758938038004819,-0.0002091020720954389,0.0013501814074214395,0.6,50,22,9.716036908706642e-16,29,1.734723475976807e-18,-1.3877787807814457e-16
competing,5,0.05798533372293088,0.08579059816332901,0.013902632220199069,0.5695130334515897,0.4911691714016727,0.078343862049917,0.6758938038004796,-0.00020910207209544367,0.0013501814074214395,0.6,50,22,9.716036908706642e-16,29,-6.938893903907228e-18,-5.551115123125783e-17
initial,6,0.01668880701086045,0.018932032730018533,0.0011216128595790385,0.6821695038567572,0.66114998968662,0.02101951417013719,0.8815116289334723,-3.606407838329883e-05,0.0011174572273635632,0.6,50,22,9.716036908706642e-16,29,4.7704895589362195e-18,6.591949208711867e-17
branch1,6,0.01523141239254229,0.02570415831054648,0.005236372959002094,0.697399229807921,0.6101837497004501,0.08721548010747097,0.5925660824417194,-7.136450605453525e-05,0.0003673398873113459,0.6,50,22,9.716036908706642e-16,29,0.0,-4.163336342344337e-17
branch2,6,0.015231412392542472,0.02570415831054658,0.005236372959002054,0.6973992298079189,0.6101837497004494,0.08721548010746961,0.5925660824417242,-7.136450605453536e-05,0.00036733988731134804,0.6,50,22,9.716036908706642e-16,29,-1.734723475976807e-18,-1.249000902703301e-16
competing,6,0.03046282478508476,0.05140831662109306,0.010472745918004149,0.5818746997145958,0.4946592196071255,0.08721548010747031,0.5925660824417216,-7.136450605453536e-05,0.00036733988731134804,0.6,50,22,9.716036908706642e-16,29,3.469446951953614e-18,1.3877787807814457e-17
initial,7,0.009225451209444555,0.010802337477565354,0.0007884431340604002,0.6693984540941106,0.6468561050231895,0.022542349070921053,0.8540236063355984,-1.5208954384297227e-05,0.0003724857427968481,0.6,50,21,9.716036908706642e-16,29,-8.673617379884035e-19,6.591949208711867e-17
branch1,7,0.008011432302172782,0.015401494667686113,0.003695031182756665,0.6895551028047787,0.5961843882755659,0.09337071452921288,0.52017239073436,-2.1480045734559783e-05,0.00011707121103167544,0.6,50,21,9.716036908706642e-16,29,8.673617379884035e-19,-1.3877787807814457e-17
branch2,7,0.008011432302172905,0.01540149466768617,0.0036950311827566324,0.6895551028047766,0.5961843882755654,0.09337071452921121,0.520172390734366,-2.148004573455943e-05,0.00011707121103167533,0.6,50,21,9.716036908706642e-16,29,0.0,-1.3877787807814457e-17
competing,7,0.01602286460434569,0.03080298933537228,0.007390062365513298,0.5905340770104999,0.4971633624812878,0.09337071452921201,0.520172390734363,-2.1480045734559783e-05,0.00011707121103167544,0.6,50,21,9.716036908706642e-16,29,-3.469446951953614e-18,6.938893903907228e-17
initial,8,0.0051304881705246325,0.006118830131179165,0.0004941709803272666,0.6590693080475697,0.6370480444708049,0.02202126357676479,0.8384753393269853,-5.1494340016825885e-06,0.00012416191426682137,0.6,50,21,9.716036908706642e-16,29,-4.336808689942018e-19,2.42861286636753e-17
branch1,8,0.004211865374494198,0.009229376528394794,0.002508755576950297,0.6837312059490017,0.5856704726418918,0.09806073330710993,0.45635426851815103,-6.033494422535278e-06,3.152967800016155e-05,0.6,50,21,9.716036908706642e-16,29,1.734723475976807e-18,2.7755575615628914e-17
branch2,8,0.004211865374494273,0.009229376528394806,0.0025087555769502667,0.6837312059489995,0.5856704726418916,0.09806073330710788,0.45635426851815847,-6.033494422535282e-06,3.152967800016151e-05,0.6,50,21,9.716036908706642e-16,29,0.0,-2.7755575615628914e-17
competing,8,0.008423730748988471,0.018458753056789602,0.005017511153900564,0.5970878083790074,0.4990270750718985,0.09806073330710892,0.4563542685181547,-6.033494422535282e-06,3.152967800016155e-05,0.6,50,21,9.716036908706642e-16,29,3.469446951953614e-18,4.163336342344337e-17
initial,9,0.0028457003515706294,0.0034748041174680923,0.00031455188294873137,0.6513273413810458,0.6291352411809009,0.022192100200144862,0.8189527395990719,-1.7422206345251627e-06,4.1387304755846354e-05,0.6,50,20,9.716036908706642e-16,29,1.0842021724855044e-19,-2.42861286636753e-17
branch1,9,0.0022137411580870634,0.005533893709009799,0.0016600762754613676,0.6792301514403878,0.5774292894114299,0.10180086202895781,0.4000331908223761,-1.911491169403608e-06,1.0063609776004579e-05,0.6,50,20,9.716036908706642e-16,29,0.0,6.938893903907228e-17
branch2,9,0.0022137411580871133,0.005533893709009802,0.0016600762754613446,0.6792301514403853,0.5774292894114299,0.10180086202895539,0.40003319082238487,-1.911491169403647e-06,1.0063609776004589e-05,0.6,50,20,9.716036908706642e-16,29,-4.336808689942018e-19,5.551115123125783e-17
competing,9,0.004427482316174177,0.0110677874180196,0.0033201525509227122,0.6022137980448371,0.5004129360158804,0.10180086202895659,0.40003319082238054,-1.911491169403647e-06,1.0063609776004589e-05,0.6,50,20,9.716036908706642e-16,29,-8.673617379884035e-19,6.938893903907228e-17
initial,4,0.05058577009399083,0.05816431343333582,0.003789271669672494,0.74602124141959,0.7111208208899106,0.03490042052967948,0.8697045853033059,-0.0003649195504813232,0.009828061259461602,0.62,50,23,1.0694927678002338e-15,31,1.734723475976807e-18,-2.7755575615628914e-17
branch1,4,0.06146798324177316,0.07338781011881246,0.0059599134385196475,0.6973097093556099,0.6529993579572931,0.044310351398316725,0.8375775642066239,-0.0005591223450701076,0.004277146118051117,0.62,50,23,1.0694927678002338e-15,31,1.734723475976807e-18,1.3877787807814457e-17
branch2,4,0.061467983241773834,0.07338781011881292,0.005959913438519537,0.6973097093556072,0.6529993579572916,0.044310351398315566,0.8375775642066278,-0.0005591223450701217,0.004277146118051134,0.62,50,23,1.0694927678002338e-15,31,6.938893903907228e-18,6.245004513516506e-17
competing,4,0.12293596648354699,0.14677562023762536,0.011919826877039186,0.5240229142156222,0.47971256281730607,0.04431035139831612,0.8375775642066259,-0.0005591223450701217,0.004277146118051134,0.62,50,23,1.0694927678002338e-15,31,0.0,6.938893903907228e-18
initial,5,0.027044456230842052,0.03452360355781808,0.003739573663488016,0.7220546479898344,0.6732224055560315,0.048832242433802915,0.7833613367025722,-0.00015559828906911192,0.003275910569974513,0.62,50,22,1.0694927678002338e-15,31,-8.673617379884035e-19,-6.938893903907228e-18
branch1,5,0.03310629551562165,0.04350940672497658,0.005201555604677464,0.6816063635675343,0.6269556235428456,0.054650740024688636,0.7608997227860839,-0.000156988418149388,0.0013080718291244946,0.62,50,22,1.0694927678002338e-15,31,0.0,9.020562075079397e-17
branch2,5,0.03310629551562203,0.04350940672497683,0.005201555604677398,0.681606363567532,0.6269556235428444,0.05465074002468749,0.7608997227860882,-0.00015698841814938246,0.001308071829124498,0.62,50,22,1.0694927678002338e-15,31,1.734723475976807e-18,1.249000902703301e-16
competing,5,0.06621259103124369,0.08701881344995341,0.010403111209354863,0.542976927455544,0.488326187430856,0.05465074002468804,0.7608997227860861,-0.000156988418149388,0.001308071829124498,0.62,50,22,1.0694927678002338e-15,31,-6.938893903907228e-18,2.0816681711721685e-17
initial,6,0.01505018962671009,0.01975020317602357,0.002350006774656739,0.6993941146808713,0.654098583382387,0.045295531298484175,0.7620270785356161,-5.815678883782624e-05,0.0010919697861411395,0.62,50,22,1.0694927678002338e-15,31,3.469446951953614e-18,1.1796119636642288e-16
branch1,6,0.017928716480672784,0.0261565801023795,0.004113931810853358,0.6702252631571476,0.6072757484950698,0.06294951466207781,0.6854380966662299,-6.159131321924694e-05,0.000367602292773299,0.62,50,22,1.0694927678002338e-15,31,0.0,-4.163336342344337e-17
branch2,6,0.01792871648067301,0.026156580102379638,0.004113931810853316,0.6702252631571456,0.6072757484950689,0.06294951466207661,0.6854380966662348,-6.159131321924735e-05,0.0003676022927733015,0.62,50,22,1.0694927678002338e-15,31,-3.469446951953614e-18,4.163336342344337e-17
competing,6,0.03585743296134579,0.05231316020475914,0.008227863621706674,0.5547007330638224,0.4917512184017452,0.06294951466207722,0.6854380966662322,-6.159131321924735e-05,0.0003676022927733015,0.62,50,22,1.0694927678002338e-15,31,0.0,-1.3877787807814457e-17
initial,7,0.008227538232778329,0.011380315685357027,0.0015763887262893479,0.6857526328868452,0.6394100157576309,0.046342617129214184,0.7229622147797399,-2.3079198547614714e-05,0.0003639899293022139,0.62,50,21,1.0694927678002338e-15,31,1.734723475976807e-18,9.71445146547012e-17
branch1,7,0.009723603495915365,0.015746000577992563,0.003011198541038599,0.6618855713115347,0.5930241253589428,0.06886144595259197,0.6175284604971744,-1.7467268880123032e-05,0.00011483824962361118,0.62,50,21,1.0694927678002338e-15,31,0.0,-5.551115123125783e-17
branch2,7,0.00972360349591549,0.015746000577992633,0.003011198541038572,0.6618855713115329,0.5930241253589422,0.06886144595259078,0.6175284604971796,-1.746726888012298e-05,0.00011483824962361122,0.62,50,21,1.0694927678002338e-15,31,-1.734723475976807e-18,-8.326672684688674e-17
competing,7,0.019447206991830855,0.031492001155985196,0.006022397082077171,0.562864545517256,0.49400309956466454,0.06886144595259137,0.6175284604971769,-1.7467268880123032e-05,0.00011483824962361122,0.62,50,21,1.0694927678002338e-15,31,-1.734723475976807e-18,4.163336342344337e-17
initial,8,0.004533732422046268,0.006551411724606951,0.0010088396512803407,0.6745262180635148,0.6285093402604985,0.04601687780301613,0.6920237366578067,-7.801297033189176e-06,0.00012132997643823543,0.62,50,21,1.0694927678002338e-15,31,1.3010426069826053e-18,9.020562075079397e-17
branch1,8,0.005271060910510217,0.009494692716659068,0.0021118159030744255,0.6556904531746255,0.5821277872361721,0.07356266593845336,0.5551586626138822,-5.5025982757862645e-06,3.184487000271389e-05,0.62,50,21,1.0694927678002338e-15,31,0.0,4.163336342344337e-17
branch2,8,0.005271060910510307,0.009494692716659094,0.0021118159030743934,0.6556904531746234,0.5821277872361718,0.07356266593845155,0.5551586626138902,-5.502598275786149e-06,3.184487000271384e-05,0.62,50,21,1.0694927678002338e-15,31,0.0,6.938893903907228e-17
competing,8,0.010542121821020524,0.018989385433318164,0.004223631806148819,0.5690470556046313,0.4954843896661788,0.07356266593845247,0.5551586626138862,-5.5025982757862645e-06,3.184487000271389e-05,0.62,50,21,1.0694927678002338e-15,31,1.734723475976807e-18,4.163336342344337e-17
initial,9,0.0024903074192772824,0.0037735118708550584,0.0006416022257888878,0.6661499016187923,0.6199721311552141,0.04617777046357811,0.6599442388167157,-2.635272517476524e-06,4.044332547960915e-05,0.62,50,20,1.0694927678002338e-15,31,4.336808689942018e-19,6.938893903907228e-17
branch1,9,0.0028564789091062295,0.005725567975800073,0.0014345445333469216,0.6509072848112352,0.573645947190673,0.07726133762056206,0.49889878544443866,-1.601854252139326e-06,9.97346059707026e-06,0.62,50,20,1.0694927678002338e-15,31,0.0,1.3877787807814457e-16
branch2,9,0.0028564789091062846,0.005725567975800081,0.0014345445333468986,0.650907284811233,0.573645947190673,0.0772613376205601,0.49889878544444755,-1.601854252139303e-06,9.973460597070271e-06,0.62,50,20,1.0694927678002338e-15,31,-4.336808689942018e-19,-1.249000902703301e-16
competing,9,0.0057129578182125145,0.011451135951600154,0.00286908906669382,0.5738909314156846,0.4966295937951235,0.07726133762056109,0.49889878544444316,-1.601854252139326e-06,9.973460597070271e-06,0.62,50,20,1.0694927678002338e-15,31,-8.673617379884035e-19,0.0
initial,4,0.04653544312794908,0.05925931678790353,0.006361936829977229,0.7668852597309839,0.7064580664907981,0.060427193240185736,0.7852848404328592,-0.0005289577050183173,0.009597971536261072,0.6399999999999999,50,23,1.1960262221619119e-15,32,-1.734723475976807e-18,1.3877787807814457e-17
branch1,4,0.06716148773165985,0.07384704700023162,0.0033427796342858913,0.675163823742105,0.6514398143150325,0.02372400942707253,0.9094674798770112,-0.0004301134299780923,0.004363374656712101,0.6399999999999999,50,23,1.1960262221619119e-15,32,-1.3010426069826053e-17,3.469446951953614e-18
branch2,4,0.06716148773166053,0.07384704700023209,0.0033427796342857816,0.6751638237421025,0.651439814315031,0.023724009427071622,0.9094674798770146,-0.0004301134299781074,0.004363374656712109,0.6399999999999999,50,23,1.1960262221619119e-15,32,-1.734723475976807e-18,-8.673617379884035e-17
competing,4,0.1343229754633204,0.1476940940004637,0.0066855592685716725,0.5018770286021175,0.4781530191750454,0.023724009427072028,0.9094674798770129,-0.0004301134299781074,0.004363374656712109,0.6399999999999999,50,23,1.1960262221619119e-15,32,-2.7755575615628914e-17,6.245004513516506e-17
initial,5,0.024432568934474777,0.035729516062105254,0.005648473563815239,0.7423676488659834,0.6663556302680208,0.07601201859796268,0.6838203151704026,-0.00021433331109713922,0.0031991444473807033,0.6399999999999999,50,22,1.1960262221619119e-15,32,0.0,-9.71445146547012e-17
branch1,5,0.03715582569664763,0.04490587963695469,0.0038750269701535306,0.6585269409180988,0.6206373086417958,0.0378896322763031,0.8274156078677667,-0.0001363134200999782,0.0012400192375015525,0.6399999999999999,50,22,1.1960262221619119e-15,32,0.0,-5.551115123125783e-17
branch2,5,0.037155825696648034,0.044905879636954985,0.003875026970153474,0.6585269409180967,0.6206373086417944,0.03788963227630222,0.8274156078677702,-0.00013631342009997135,0.0012400192375015555,0.6399999999999999,50,22,1.1960262221619119e-15,32,1.734723475976807e-18,4.85722573273506e-17
competing,5,0.07431165139329567,0.08981175927390968,0.007750053940307005,0.5198975048061086,0.48200787252980604,0.03788963227630266,0.8274156078677685,-0.0001363134200999782,0.0012400192375015555,0.6399999999999999,50,22,1.1960262221619119e-15,32,1.734723475976807e-18,-6.245004513516506e-17
initial,6,0.013480971647209922,0.020916670134690722,0.0037178492437404,0.7177460159070178,0.6445348039727367,0.07321121193428103,0.6445084977867226,-7.690901082613042e-05,0.0010663806790004696,0.6399999999999999,50,22,1.1960262221619119e-15,32,0.0,1.249000902703301e-16
branch1,6,0.020669858770041967,0.026706043933180615,0.0030180925815693244,0.6465131229862361,0.6038108957756533,0.0427022272105827,0.7739768129550981,-5.242940403006608e-05,0.0003614982100836402,0.6399999999999999,50,22,1.1960262221619119e-15,32,-8.673617379884035e-19,1.1102230246251565e-16
branch2,6,0.02066985877004222,0.026706043933180774,0.003018092581569276,0.646513122986234,0.6038108957756523,0.04270222721058167,0.773976812955103,-5.242940403006515e-05,0.00036149821008364257,0.6399999999999999,50,22,1.1960262221619119e-15,32,2.6020852139652106e-18,2.7755575615628914e-17
competing,6,0.041339717540084184,0.05341208786636139,0.0060361851631386,0.5309885928929108,0.4882863656823286,0.04270222721058222,0.7739768129551006,-5.242940403006608e-05,0.00036149821008364257,0.6399999999999999,50,22,1.1960262221619119e-15,32,5.204170427930421e-18,-2.0816681711721685e-17
initial,7,0.007288805813142384,0.012222999624561555,0.0024670969057095852,0.7030593654314913,0.6292051267003925,0.07385423873109868,0.5963189100076436,-2.9793442296103338e-05,0.0003554602272198977,0.6399999999999999,50,21,1.1960262221619119e-15,32,8.673617379884035e-19,6.938893903907228e-17
branch1,7,0.01151910036889507,0.016206958787931755,0.0023439292095183435,0.6376783885345237,0.588902082023636,0.048776306510887595,0.7107502721283266,-1.2855545109469083e-05,0.00010945486364944702,0.6399999999999999,50,21,1.1960262221619119e-15,32,-1.734723475976807e-18,1.1796119636642288e-16
branch2,7,0.011519100368895183,0.01620695878793183,0.002343929209518324,0.6376783885345223,0.5889020820236354,0.04877630651088687,0.7107502721283303,-1.2855545109468916e-05,0.0001094548636494471,0.6399999999999999,50,21,1.1960262221619119e-15,32,8.673617379884035e-19,6.245004513516506e-17
competing,7,0.023038200737790254,0.032413917575863586,0.004687858419036668,0.538657362740245,0.4898810562293578,0.04877630651088723,0.7107502721283285,-1.2855545109469083e-05,0.0001094548636494471,0.6399999999999999,50,21,1.1960262221619119e-15,32,-3.469446951953614e-18,-1.3877787807814457e-17
initial,8,0.003972355773474349,0.007181622242073946,0.0016046332342997982,0.6910494958061602,0.617028747804358,0.07402074800180208,0.5531279200682646,-1.0077885908225461e-05,0.00011848674241756649,0.6399999999999999,50,21,1.1960262221619119e-15,32,8.673617379884035e-19,5.551115123125783e-17
branch1,8,0.006416545899900284,0.009808293692125084,0.0016958738961124005,0.631109415986041,0.5780658695120753,0.05304354647396573,0.6541959387953505,-4.942924877495533e-06,3.1368309811955314e-05,0.6399999999999999,50,21,1.1960262221619119e-15,32,-8.673617379884035e-19,-3.469446951953614e-17
branch2,8,0.006416545899900372,0.009808293692125112,0.0016958738961123704,0.6311094159860393,0.5780658695120748,0.05304354647396437,0.6541959387953576,-4.942924877495377e-06,3.1368309811955314e-05,0.6399999999999999,50,21,1.1960262221619119e-15,32,-1.3010426069826053e-18,1.0408340855860843e-16
competing,8,0.012833091799800656,0.019616587384250195,0.0033917477922247707,0.5444660184160469,0.4914224719420819,0.05304354647396506,0.6541959387953541,-4.942924877495533e-06,3.1368309811955314e-05,0.6399999999999999,50,21,1.1960262221619119e-15,32,-1.734723475976807e-18,-2.7755575615628914e-17
initial,9,0.00216038681159176,0.00420966377915436,0.0010246384837812998,0.6819408882086937,0.6078191663234072,0.07412172188528643,0.5131969974157272,-3.4065336405312946e-06,3.949558080589655e-05,0.6399999999999999,50,20,1.1960262221619119e-15,32,0.0,1.1102230246251565e-16
branch1,9,0.003572876320099726,0.005941641384122646,0.00118438253201146,0.6260427017423774,0.5695299840539515,0.05651271768842589,0.6013281665984127,-1.2861545969769705e-06,9.535616402894236e-06,0.6399999999999999,50,20,1.1960262221619119e-15,32,4.336808689942018e-19,2.7755575615628914e-17
branch2,9,0.0035728763200997757,0.005941641384122655,0.0011843825320114396,0.6260427017423759,0.5695299840539514,0.05651271768842452,0.6013281665984201,-1.2861545969770242e-06,9.535616402894238e-06,0.6399999999999999,50,20,1.1960262221619119e-15,32,0.0,-4.85722573273506e-17
competing,9,0.007145752640199501,0.011883282768245301,0.0023687650640228995,0.5490263483468272,0.4925136306584019,0.05651271768842522,0.6013281665984164,-1.2861545969770242e-06,9.535616402894238e-06,0.6399999999999999,50,20,1.1960262221619119e-15,32,8.673617379884035e-19,3.469446951953614e-17
initial,4,0.04261840552310189,0.06047409220269307,0.00892784333979559,0.7888672661206471,0.7013850584289548,0.0874822076916923,0.7047382436144115,-0.0006599409045596468,0.009369097594127952,0.6599999999999999,50,23,1.5141904689216993e-15,32,-3.469446951953614e-18,-6.938893903907228e-17
branch1,4,0.07243414395027824,0.07579060975818008,0.0016782329039509221,0.6562693723090836,0.6449452189565005,0.01132415335258307,0.9557139622096842,-0.0002749299717953919,0.004504929516378372,0.6599999999999999,50,23,1.5141904689216993e-15,32,1.3010426069826053e-18,6.938893903907228e-18
branch2,4,0.07243414395027896,0.07579060975818068,0.0016782329039508664,0.6562693723090811,0.6449452189564986,0.01132415335258254,0.9557139622096862,-0.0002749299717954088,0.004504929516378385,0.6599999999999999,50,23,1.5141904689216993e-15,32,-1.214306433183765e-17,-1.734723475976807e-17
competing,4,0.1448682879005572,0.15158121951636078,0.0033564658079017883,0.48298257716909604,0.4716584238165132,0.011324153352582859,0.9557139622096851,-0.0002749299717954088,0.004504929516378385,0.6599999999999999,50,23,1.5141904689216993e-15,32,3.469446951953614e-18,-3.469446951953614e-18
initial,5,0.021982844607502088,0.037299708720805444,0.007658432056651676,0.7634985840773444,0.6577539522913092,0.10574463178603524,0.5893570046899657,-0.000261262354394861,0.0031227477502295802,0.6599999999999999,50,22,1.5141904689216993e-15,32,3.469446951953614e-18,-2.7755575615628914e-17
branch1,5,0.04103231966648853,0.046328522839731955,0.0026481015866217142,0.6386790476524824,0.6143994927025012,0.024279554949981193,0.8856815877431488,-0.00012553499297193052,0.0011899075072179402,0.6599999999999999,50,22,1.5141904689216993e-15,32,-2.6020852139652106e-18,4.85722573273506e-17
branch2,5,0.04103231966648899,0.04632852283973227,0.0026481015866216396,0.6386790476524802,0.6143994927024998,0.024279554949980287,0.8856815877431526,-0.00012553499297192442,0.0011899075072179417,0.6599999999999999,50,22,1.5141904689216993e-15,32,8.673617379884035e-19,6.591949208711867e-17
competing,5,0.08206463933297752,0.09265704567946423,0.005296203173243354,0.5000496115404921,0.47577005659051136,0.02427955494998076,0.8856815877431506,-0.00012553499297193052,0.0011899075072179417,0.6599999999999999,50,22,1.5141904689216993e-15,32,5.204170427930421e-18,-1.734723475976807e-17
initial,6,0.011979683850181479,0.022486389085061197,0.00525335261743986,0.7374238460740439,0.6324741803947171,0.10494966567932662,0.5327526711765459,-9.180890234838588e-05,0.001040914378086147,0.6599999999999999,50,22,1.5141904689216993e-15,32,-1.734723475976807e-18,1.1102230246251565e-16
branch1,6,0.023371497631636304,0.027688608536430508,0.0021585554523971024,0.626039674829051,0.5977890324241839,0.028250642404867046,0.8440835010139969,-4.70204579706549e-05,0.00034953291112526286,0.6599999999999999,50,22,1.5141904689216993e-15,32,-8.673617379884035e-19,3.122502256758253e-17
branch2,6,0.023371497631636602,0.027688608536430688,0.002158555452397044,0.6260396748290488,0.5977890324241828,0.02825064240486601,0.8440835010140022,-4.702045797065409e-05,0.00034953291112526465,0.6599999999999999,50,22,1.5141904689216993e-15,32,-1.734723475976807e-18,-4.5102810375396984e-17
competing,6,0.046742995263272906,0.055377217072861196,0.004317110904794147,0.5105151447357256,0.4822645023308591,0.02825064240486651,0.8440835010139995,-4.70204579706549e-05,0.00034953291112526465,0.6599999999999999,50,22,1.5141904689216993e-15,32,-3.469446951953614e-18,-4.5102810375396984e-17
initial,7,0.006413889068626557,0.013364513903755723,0.003475312417564583,0.7213270675792288,0.6164503286986102,0.10487673888061859,0.47991936817276326,-3.514041286877713e-05,0.00034697146042851737,0.6599999999999999,50,21,1.5141904689216993e-15,32,0.0,6.938893903907228e-17
branch1,7,0.013339938859746133,0.016764813814335415,0.0017124374772946403,0.6167132602475126,0.5840675721060499,0.03264568814146278,0.7957105284604647,-1.147251940243376e-05,0.00010317254343620198,0.6599999999999999,50,21,1.5141904689216993e-15,32,1.734723475976807e-18,-4.163336342344337e-17
branch2,7,0.013339938859746263,0.016764813814335502,0.0017124374772946199,0.6167132602475113,0.5840675721060491,0.03264568814146212,0.7957105284604684,-1.1472519402433123e-05,0.00010317254343620265,0.6599999999999999,50,21,1.5141904689216993e-15,32,-8.673617379884035e-19,6.245004513516506e-17
competing,7,0.026679877719492394,0.03352962762867091,0.00342487495458926,0.5176922344532341,0.48504654631177163,0.032645688141462424,0.7957105284604666,-1.147251940243376e-05,0.00010317254343620265,0.6599999999999999,50,21,1.5141904689216993e-15,32,-8.673617379884035e-19,3.469446951953614e-17
initial,8,0.003446857571527099,0.008005274338281125,0.0022792083833770133,0.7087865389808072,0.6034568327818552,0.10532970619895195,0.4305733227709971,-1.1910369557625901e-05,0.00011565715350064596,0.6599999999999999,50,21,1.5141904689216993e-15,32,-8.673617379884035e-19,4.163336342344337e-17
branch1,8,0.007611061847641409,0.010226399123624663,0.0013076686379916269,0.6097690729554732,0.5728478441009764,0.03692122885449676,0.7442562876368286,-4.730646407223021e-06,3.0147846912486458e-05,0.6599999999999999,50,21,1.5141904689216993e-15,32,4.336808689942018e-19,2.0816681711721685e-17
branch2,8,0.007611061847641501,0.010226399123624705,0.0013076686379916024,0.6097690729554717,0.5728478441009759,0.036921228854495745,0.7442562876368345,-4.730646407222805e-06,3.0147846912486475e-05,0.6599999999999999,50,21,1.5141904689216993e-15,32,-8.673617379884035e-19,3.469446951953614e-17
competing,8,0.01522212369528291,0.020452798247249368,0.002615337275983229,0.5231256753854793,0.48620444653098305,0.03692122885449626,0.7442562876368316,-4.730646407223021e-06,3.0147846912486475e-05,0.6599999999999999,50,21,1.5141904689216993e-15,32,0.0,-3.469446951953614e-17
initial,9,0.0018568104747150147,0.004787518936184434,0.0014653542307347094,0.6987661179719257,0.5935269965716011,0.1052391214003246,0.38784399591218305,-4.033661695118784e-06,3.855238450010469e-05,0.6599999999999999,50,20,1.5141904689216993e-15,32,4.336808689942018e-19,-5.551115123125783e-17
branch1,9,0.0043405108092774165,0.006205961476850711,0.0009327253337866475,0.6044181377561667,0.5646938800421362,0.039724257714030604,0.6994098860375234,-1.1465742677072887e-06,8.927165534284598e-06,0.6599999999999999,50,20,1.5141904689216993e-15,32,-4.336808689942018e-19,-6.245004513516506e-17
branch2,9,0.004340510809277469,0.006205961476850725,0.0009327253337866276,0.6044181377561654,0.5646938800421358,0.03972425771402948,0.6994098860375304,-1.1465742677072588e-06,8.927165534284545e-06,0.6599999999999999,50,20,1.5141904689216993e-15,32,4.336808689942018e-19,6.245004513516506e-17
competing,9,0.008681021618554885,0.012411922953701436,0.0018654506675732751,0.5274017843606166,0.4876775266465865,0.039724257714030056,0.6994098860375269,-1.1465742677072887e-06,8.927165534284598e-06,0.6599999999999999,50,20,1.5141904689216993e-15,32,8.673617379884035e-19,4.163336342344337e-17
initial,4,0.038852339339925136,0.06254162924058446,0.011844644950329667,0.8119967473278559,0.6929807190287924,0.11901602829906346,0.621223652336724,-0.0007555650694047193,0.00914333487428186,0.6799999999999999,50,23,2.4588078263386337e-15,32,-1.3877787807814457e-17,-2.7755575615628914e-17
branch1,4,0.07718211867720627,0.07894848841038624,0.0008831848665899814,0.6403968680331221,0.6347399211568362,0.0056569468762858845,0.9776263007849104,-0.00014576992443918947,0.004589103417475786,0.6799999999999999,50,23,2.4588078263386337e-15,32,2.168404344971009e-18,4.423544863740858e-17
branch2,4,0.077182118677207,0.07894848841038687,0.0008831848665899364,0.6403968680331197,0.6347399211568342,0.005656946876285505,0.9776263007849119,-0.00014576992443918294,0.004589103417475807,0.6799999999999999,50,23,2.4588078263386337e-15,32,-4.9873299934333204e-18,-1.9949319973733282e-17
competing,4,0.1543642373544133,0.1578969768207731,0.0017663697331799177,0.46711007289313455,0.4614531260168489,0.005656946876285668,0.9776263007849112,-0.00014576992443918947,0.004589103417475807,0.6799999999999999,50,23,2.4588078263386337e-15,32,-1.6479873021779667e-17,-1.6479873021779667e-17
initial,5,0.019724065324832375,0.03934430752976735,0.00981012110246749,0.7851831597358523,0.6470807954210305,0.13810236431482192,0.501319417298409,-0.00029529267152230093,0.0030473382978959984,0.6799999999999999,50,22,2.4588078263386337e-15,32,-6.938893903907228e-18,-1.1102230246251565e-16
branch1,5,0.044638537116526295,0.04782845307969548,0.001594957981584592,0.6218315464266374,0.6080269127728111,0.013804633653826361,0.9333050567649784,-0.00011282028973640676,0.001188724486319647,0.6799999999999999,50,22,2.4588078263386337e-15,32,8.673617379884035e-19,-2.42861286636753e-17
branch2,5,0.04463853711652674,0.047828453079695785,0.0015949579815845204,0.6218315464266355,0.6080269127728097,0.013804633653825657,0.9333050567649818,-0.0001128202897364001,0.0011887244863196496,0.6799999999999999,50,22,2.4588078263386337e-15,32,5.204170427930421e-18,1.249000902703301e-16
competing,5,0.08927707423305303,0.09565690615939126,0.0031899159631691124,0.4832021103146474,0.46939747666082143,0.013804633653825987,0.9333050567649801,-0.00011282028973640676,0.0011887244863196496,0.6799999999999999,50,22,2.4588078263386337e-15,32,6.071532165918825e-18,-3.8163916471489756e-17
initial,6,0.010552317300879114,0.024283071804263312,0.006865377251692098,0.7585682989678375,0.6196626341611602,0.1389056648066774,0.43455446600567527,-0.00010262948423867826,0.0010157765894726683,0.6799999999999999,50,22,2.4588078263386337e-15,32,1.734723475976807e-18,-8.326672684688674e-17
branch1,6,0.025953503953954946,0.02898639765703405,0.0015164468515395527,0.6085747752263705,0.5901547675569105,0.01842000766945998,0.8953683814400055,-3.997564601404142e-05,0.00034024888899873023,0.6799999999999999,50,22,2.4588078263386337e-15,32,-1.734723475976807e-18,-3.122502256758253e-17
branch2,6,0.025953503953955244,0.02898639765703424,0.0015164468515394972,0.6085747752263686,0.5901547675569094,0.018420007669459146,0.89536838144001,-3.9975646014040645e-05,0.0003402488889987303,0.6799999999999999,50,22,2.4588078263386337e-15,32,1.734723475976807e-18,2.42861286636753e-17
competing,6,0.05190700790791019,0.05797279531406829,0.00303289370307905,0.49305024513304535,0.4746302374635858,0.01842000766945958,0.8953683814400077,-3.997564601404142e-05,0.0003402488889987303,0.6799999999999999,50,22,2.4588078263386337e-15,32,3.469446951953614e-18,-2.0816681711721685e-17
initial,7,0.005609150348722086,0.01469229084925511,0.004541570250266511,0.7404794319869158,0.6029189078262113,0.13756052416070444,0.3817750687263632,-3.900739367891068e-05,0.00033859219712052365,0.6799999999999999,50,21,2.4588078263386337e-15,32,1.734723475976807e-18,8.326672684688674e-17
branch1,7,0.015126009997343516,0.01751166505292718,0.0011928275277918315,0.5987627858015466,0.5778411493802518,0.020921636421294847,0.8637676629621872,-1.0312314717103529e-05,0.00010198380287497443,0.6799999999999999,50,21,2.4588078263386337e-15,32,0.0,6.938893903907228e-18
branch2,7,0.01512600999734362,0.017511665052927256,0.0011928275277918179,0.5987627858015456,0.5778411493802512,0.02092163642129449,0.8637676629621894,-1.0312314717102914e-05,0.00010198380287497491,0.6799999999999999,50,21,2.4588078263386337e-15,32,-4.336808689942018e-19,-7.979727989493313e-17
competing,7,0.030252019994687136,0.035023330105854435,0.002385655055583649,0.4997417600072683,0.4788201235859736,0.02092163642129468,0.8637676629621883,-1.0312314717103529e-05,0.00010198380287497491,0.6799999999999999,50,21,2.4588078263386337e-15,32,0.0,6.938893903907228e-18
initial,8,0.0029600471373126625,0.00895266706369659,0.0029963099631919645,0.7278187607506468,0.589475474392949,0.13834328635769777,0.33063299643027805,-1.326190557623439e-05,0.0001128640657584624,0.6799999999999999,50,21,2.4588078263386337e-15,32,-8.673617379884035e-19,0.0
branch1,8,0.00881284000996556,0.010725109069921966,0.0009561345299782026,0.5914431911121144,0.5668959555662592,0.024547235545855237,0.8217016677882308,-4.28246400263813e-06,2.827362909953389e-05,0.6799999999999999,50,21,2.4588078263386337e-15,32,4.336808689942018e-19,1.3877787807814457e-17
branch2,8,0.008812840009965642,0.010725109069922007,0.0009561345299781833,0.5914431911121133,0.5668959555662587,0.024547235545854577,0.8217016677882352,-4.282464002637895e-06,2.8273629099533892e-05,0.6799999999999999,50,21,2.4588078263386337e-15,32,-8.673617379884035e-19,6.938893903907228e-18
competing,8,0.0176256800199312,0.021450218139843973,0.0019122690599563859,0.5047997935421207,0.48025255799626576,0.024547235545854917,0.821701667788233,-4.28246400263813e-06,2.8273629099533892e-05,0.6799999999999999,50,21,2.4588078263386337e-15,32,1.3010426069826053e-18,0.0
initial,9,0.0015809766260999046,0.0054597618907421186,0.001939392632321107,0.7166347227905139,0.5789277888811608,0.1377069339093531,0.2895687866499633,-4.504737330799636e-06,3.762135525240224e-05,0.6799999999999999,50,20,2.4588078263386337e-15,32,0.0,-2.7755575615628914e-17
branch1,9,0.005131941113247635,0.006536367265814088,0.0007022130762832264,0.5858079229689127,0.5589304146425641,0.026877508326348658,0.7851365910982765,-1.0917095680901241e-06,8.71845253637893e-06,0.6799999999999999,50,20,2.4588078263386337e-15,32,0.0,-4.85722573273506e-17
branch2,9,0.005131941113247697,0.006536367265814114,0.0007022130762832084,0.5858079229689115,0.5589304146425637,0.026877508326347766,0.7851365910982828,-1.0917095680900731e-06,8.718452536378879e-06,0.6799999999999999,50,20,2.4588078263386337e-15,32,4.336808689942018e-19,6.591949208711867e-17
competing,9,0.010263882226495331,0.013072734531628202,0.0014044261525664348,0.5087915695733627,0.4819140612470144,0.02687750832634821,0.7851365910982796,-1.0917095680901241e-06,8.71845253637893e-06,0.6799999999999999,50,20,2.4588078263386337e-15,32,1.3010426069826053e-18,6.591949208711867e-17
initial,4,0.03527651400268297,0.06450821720677508,0.014615851602046065,0.8361344655433208,0.6852406661850662,0.15089379935825467,0.5468530294304583,-0.0008158839426859612,0.008922379810487206,0.7,50,23,5.149198930221687e-15,32,-2.0816681711721685e-17,-2.7755575615628914e-17
branch1,4,0.08133009064777556,0.0822529130881034,0.00046141122016391564,0.6273098030591412,0.6244891181198251,0.0028206849393160927,0.9887806716421171,-0.00012975169369848459,0.004612877660905121,0.7,50,23,5.149198930221687e-15,32,2.168404344971009e-18,-5.637851296924623e-18
branch2,4,0.08133009064777623,0.08225291308810398,0.00046141122016387086,0.6273098030591391,0.6244891181198233,0.0028206849393158182,0.9887806716421182,-0.00012975169369848881,0.004612877660905146,0.7,50,23,5.149198930221687e-15,32,8.456776945386935e-18,-6.418476861114186e-17
competing,4,0.1626601812955518,0.16450582617620738,0.0009228224403277865,0.4540230079191538,0.45120232297983787,0.002820684939315928,0.9887806716421177,-0.00012975169369848881,0.004612877660905146,0.7,50,23,5.149198930221687e-15,32,1.0625181290357943e-17,-7.37257477290143e-18
initial,5,0.01768575860285087,0.04132362199672979,0.011818931696939459,0.8069991123949233,0.6372641962685408,0.1697349161263826,0.42798181157136855,-0.00031620118755109163,0.002973464175965501,0.7,50,22,5.149198930221687e-15,32,0.0,-1.3877787807814457e-16
branch1,5,0.047895681920538294,0.04996174082169752,0.0010330294505796172,0.6077459852851039,0.5992995500044822,0.008446435280621703,0.9586471794781424,-0.00010064614323041863,0.0011814390865971178,0.7,50,22,5.149198930221687e-15,32,-8.239936510889834e-18,1.9081958235744878e-17
branch2,5,0.04789568192053875,0.049961740821697895,0.001033029450579566,0.607745985285102,0.5992995500044807,0.00844643528062132,0.9586471794781444,-0.00010064614323041585,0.0011814390865971193,0.7,50,22,5.149198930221687e-15,32,1.0842021724855044e-17,6.938893903907228e-17
competing,5,0.09579136384107705,0.09992348164339541,0.0020660589011591833,0.4691165491731139,0.4606701138924924,0.008446435280621532,0.9586471794781434,-0.00010064614323041863,0.0011814390865971193,0.7,50,22,5.149198930221687e-15,32,2.6020852139652106e-18,-3.122502256758253e-17
initial,6,0.009211378991890763,0.025953866281131853,0.008371243644620547,0.7812192853745925,0.6085724484715168,0.17264683690307578,0.35491355669761326,-0.00010940985026319063,0.000991149645245774,0.7,50,22,5.149198930221687e-15,32,-3.469446951953614e-18,-8.326672684688674e-17
branch1,6,0.028345760207367298,0.030424122432088176,0.0010391811123604375,0.593879635293451,0.5820865806949916,0.011793054598459406,0.9316870279706461,-3.151384874682833e-05,0.0003374815173124044,0.7,50,22,5.149198930221687e-15,32,2.6020852139652106e-18,-4.336808689942018e-17
branch2,6,0.028345760207367624,0.030424122432088425,0.0010391811123604004,0.5938796352934491,0.5820865806949902,0.011793054598458856,0.9316870279706492,-3.1513848746827995e-05,0.0003374815173124048,0.7,50,22,5.149198930221687e-15,32,4.336808689942018e-19,6.245004513516506e-17
competing,6,0.05669152041473492,0.0608482448641766,0.0020783622247208377,0.4783551052001258,0.4665620506016667,0.011793054598459132,0.9316870279706476,-3.151384874682833e-05,0.0003374815173124048,0.7,50,22,5.149198930221687e-15,32,3.469446951953614e-18,-4.683753385137379e-17
initial,7,0.004879973226872997,0.01595579736750028,0.005537912070313641,0.7603736493469497,0.5911332920677641,0.16924035727918563,0.30584326903103054,-4.1379779692929515e-05,0.0003303832134710837,0.7,50,21,5.149198930221687e-15,32,1.734723475976807e-18,0.0
branch1,7,0.01682087044342892,0.018454440385818463,0.0008167849711947694,0.5835906964678887,0.5703500380191747,0.013240658448714063,0.9114809277205241,-9.227870206512887e-06,0.00010095686305290745,0.7,50,21,5.149198930221687e-15,32,3.903127820947816e-18,-3.642919299551295e-17
branch2,7,0.01682087044342905,0.01845444038581857,0.0008167849711947608,0.5835906964678876,0.5703500380191738,0.013240658448713803,0.9114809277205258,-9.227870206512492e-06,0.00010095686305290716,0.7,50,21,5.149198930221687e-15,32,4.336808689942018e-19,1.734723475976807e-18
competing,7,0.033641740886857965,0.03690888077163704,0.0016335699423895302,0.48456967067361034,0.47132901222489637,0.013240658448713975,0.9114809277205248,-9.227870206512887e-06,0.00010095686305290745,0.7,50,21,5.149198930221687e-15,32,1.1275702593849246e-17,-3.469446951953614e-18
initial,8,0.0025161813855233764,0.009870030516557396,0.003676924565517009,0.7481266062408966,0.5772815417114675,0.1708450645294291,0.25493146969529373,-1.4127084072986236e-05,0.00011012773792714555,0.7,50,21,5.149198930221687e-15,32,1.734723475976807e-18,-5.551115123125783e-17
branch1,8,0.009979999033798329,0.011326992170305597,0.0006734965682536339,0.5758965356840705,0.5600708392506838,0.015825696433386726,0.8810811276061007,-3.609914525769004e-06,2.6983648739666512e-05,0.7,50,21,5.149198930221687e-15,32,6.505213034913027e-19,-1.0408340855860843e-17
branch2,8,0.009979999033798433,0.011326992170305677,0.0006734965682536225,0.5758965356840692,0.5600708392506829,0.015825696433386313,0.8810811276061036,-3.6099145257687747e-06,2.698364873966671e-05,0.7,50,21,5.149198930221687e-15,32,-8.673617379884035e-19,-4.163336342344337e-17
competing,8,0.01995999806759676,0.022653984340611274,0.0013469931365072563,0.48925313811407667,0.4734274416806902,0.015825696433386507,0.8810811276061021,-3.609914525769004e-06,2.698364873966671e-05,0.7,50,21,5.149198930221687e-15,32,0.0,-1.3877787807814457e-17
initial,9,0.0013337946636923607,0.006121802474001046,0.002394003905154343,0.7355252520671678,0.5662109671028185,0.16931428496434936,0.2178761352325418,-4.8179407888898244e-06,3.6709245974694176e-05,0.7,50,20,5.149198930221687e-15,32,-8.673617379884035e-19,-5.551115123125783e-17
branch1,9,0.005917776880516397,0.006933839878633202,0.0005080314990584024,0.5699771586171021,0.5523712804659371,0.01760587815116505,0.8534631580911137,-9.871590438621142e-07,8.573366191728869e-06,0.7,50,20,5.149198930221687e-15,32,-4.336808689942018e-19,-6.245004513516506e-17
branch2,9,0.005917776880516465,0.006933839878633245,0.0005080314990583894,0.5699771586171009,0.5523712804659363,0.017605878151164482,0.8534631580911182,-9.87159043862057e-07,8.573366191728856e-06,0.7,50,20,5.149198930221687e-15,32,1.3010426069826053e-18,6.245004513516506e-17
competing,9,0.011835553761032862,0.013867679757266447,0.0010160629981167918,0.492960805221552,0.47535492707038723,0.017605878151164777,0.853463158091116,-9.871590438621142e-07,8.573366191728869e-06,0.7,50,20,5.149198930221687e-15,32,8.673617379884035e-19,-1.0408340855860843e-17
initial,4,0.18525960530224342,0.18525960530224342,0.0,0.42149929141642145,0.42149929141642145,0.0,1.0,0.0008087105161494007,0.012122120132057403,0.34,100,48,5.419699820623236e-16,14,0.0,0.0
branch1,4,0.0026343364254025115,0.06329456165502416,0.03033011261481082,1.4847809899175857,0.6899889668363733,0.7947920230812123,0.04162026494093596,-0.001364283035865709,0.0017784738769414618,0.34,100,48,5.419699820623236e-16,14,6.938893903907228e-18,0.0
branch2,4,0.0026343364254024938,0.06329456165502426,0.030330112614810882,1.4847809899175874,0.689988966836373,0.7947920230812143,0.04162026494093562,-0.0013642830358657116,0.0017784738769414624,0.34,100,48,5.419699820623236e-16,14,0.0,1.1102230246251565e-16
competing,4,0.005268672850805005,0.1265891233100484,0.0606602252296217,1.3114941947776002,0.5167021716963869,0.7947920230812133,0.04162026494093579,-0.0013642830358657116,0.0017784738769414624,0.34,100,48,5.419699820623236e-16,14,-1.3877787807814457e-17,0.0
initial,5,0.12368491525490712,0.12368491525490712,0.0,0.4180035906441947,0.4180035906441947,0.0,1.0,0.00014358254443278367,0.0040407067089330805,0.34,100,47,5.419699820623236e-16,14,0.0,0.0
branch1,5,0.0006115090737943356,0.03217412393175006,0.01578130742897786,1.4799161528725557,0.6873185508198156,0.7925976020527401,0.01900623852545326,-0.00030920908308876413,0.0004024949272148374,0.34,100,47,5.419699820623236e-16,14,0.0,0.0
branch2,5,0.0006115090737943285,0.032174123931750134,0.015781307428977903,1.479916152872558,0.6873185508198152,0.7925976020527429,0.019006238525452992,-0.00030920908308876386,0.00040249492721483766,0.34,100,47,5.419699820623236e-16,14,0.0,-1.1102230246251565e-16
competing,5,0.0012230181475886641,0.06434824786350019,0.031562614857955765,1.341286716760568,0.5486891147078263,0.7925976020527414,0.019006238525453127,-0.00030920908308876413,0.00040249492721483766,0.34,100,47,5.419699820623236e-16,14,-1.3877787807814457e-17,2.220446049250313e-16
initial,6,0.08257547019753678,0.08257547019753678,0.0,0.4156737689223246,0.4156737689223246,0.0,1.0,2.549323108152678e-05,0.0013469022363105934,0.34,100,47,5.419699820623236e-16,14,0.0,0.0
branch1,6,0.00014206265981518245,0.016357374922605687,0.00810765613139525,1.4765403885647093,0.6855127362892648,0.7910276522754446,0.008684930221832456,-6.996412931818905e-05,9.103669342570451e-05,0.34,100,47,5.419699820623236e-16,14,3.469446951953614e-18,-1.1102230246251565e-16
branch2,6,0.00014206265981517985,0.016357374922605732,0.008107656131395276,1.4765403885647126,0.6855127362892643,0.7910276522754481,0.008684930221832272,-6.99641293181889e-05,9.103669342570444e-05,0.34,100,47,5.419699820623236e-16,14,0.0,1.1102230246251565e-16
competing,6,0.0002841253196303623,0.032714749845211416,0.016215312262790528,1.3610158584713867,0.5699882061959404,0.7910276522754464,0.008684930221832365,-6.996412931818905e-05,9.103669342570451e-05,0.34,100,47,5.419699820623236e-16,14,0.0,0.0
initial,7,0.0551296346048925,0.0551296346048925,0.0,0.4140096963262881,0.4140096963262881,0.0,1.0,4.5286598634023425e-06,0.00044896741210356307,0.34,100,46,5.419699820623236e-16,14,0.0,0.0
branch1,7,3.300149805181276e-05,0.008316081836699879,0.004141540169324033,1.4741368002883803,0.6842234383088271,0.7899133619795531,0.003968395056692822,-1.582421338462705e-05,2.058977800481381e-05,0.34,100,46,5.419699820623236e-16,14,0.0,1.1102230246251565e-16
branch2,7,3.3001498051812565e-05,0.008316081836699903,0.004141540169324045,1.474136800288381,0.6842234383088268,0.7899133619795542,0.003968395056692786,-1.582421338462707e-05,2.0589778004813794e-05,0.34,100,46,5.419699820623236e-16,14,0.0,0.0
competing,7,6.600299610362532e-05,0.016632163673399782,0.008283080338648078,1.3751157744941025,0.5852024125145491,0.7899133619795536,0.003968395056692804,-1.582421338462707e-05,2.058977800481381e-05,0.34,100,46,5.419699820623236e-16,14,0.0,-2.220446049250313e-16
initial,8,0.03680605139990374,0.03680605139990374,0.0,0.4127616258889108,0.4127616258889108,0.0,1.0,8.044850770106406e-07,0.00014965580403452917,0.34,100,46,5.419699820623236e-16,14,0.0,0.0
branch1,8,7.66604254454299e-06,0.004227875136754131,0.0021101045471047944,1.4723387551563132,0.6832569679839272,0.7890817871723861,0.0018132140369756626,-3.578977382220634e-06,4.65686368812436e-06,0.34,100,46,5.419699820623236e-16,14,-8.673617379884035e-19,-1.1102230246251565e-16
branch2,8,7.666042544543122e-06,0.004227875136754147,0.0021101045471048022,1.4723387551563112,0.6832569679839268,0.7890817871723843,0.0018132140369756871,-3.578977382220644e-06,4.656863688124361e-06,0.34,100,46,5.419699820623236e-16,14,-8.673617379884035e-19,1.1102230246251565e-16
competing,8,1.533208508908611e-05,0.008455750273508278,0.004220209094209597,1.385695357586319,0.5966135704139338,0.7890817871723852,0.0018132140369756748,-3.578977382220644e-06,4.656863688124361e-06,0.34,100,46,5.419699820623236e-16,14,-1.734723475976807e-18,-1.1102230246251565e-16
initial,9,0.024572725959779215,0.024572725959779215,0.0,0.41179090576991284,0.41179090576991284,0.0,1.0,1.429055587546893e-07,4.988526801150711e-05,0.34,100,45,5.419699820623236e-16,14,0.0,0.0
branch1,9,1.7807729743664114e-06,0.002149440949733327,0.0010738300883794804,1.4709403369621978,0.6825052771149283,0.7884350598472696,0.0008284819243754266,-8.094717153396142e-07,1.0532660098587103e-06,0.34,100,45,5.419699820623236e-16,14,0.0,0.0
branch2,9,1.780772974366426e-06,0.0021494409497333365,0.0010738300883794852,1.4709403369621967,0.6825052771149278,0.7884350598472691,0.0008284819243754298,-8.094717153396131e-07,1.0532660098587112e-06,0.34,100,45,5.419699820623236e-16,14,0.0,-2.220446049250313e-16
competing,9,3.5615459487328376e-06,0.0042988818994666635,0.0021476601767589656,1.3939239835666477,0.6054889237193785,0.7884350598472694,0.0008284819243754283,-8.094717153396142e-07,1.0532660098587112e-06,0.34,100,45,5.419699820623236e-16,14,0.0,-1.1102230246251565e-16
initial,4,0.16187056054557808,0.16187056054557808,0.0,0.45523956802636867,0.45523956802636867,0.0,1.0,0.0006713241651119798,0.012050353352627068,0.36000000000000004,100,48,6.148121041194169e-16,14,0.0,0.0
branch1,4,0.0038554686064870493,0.06868244415119051,0.03241348777235173,1.3895656803128589,0.6695654140153672,0.7200002662974917,0.056134703039979396,-0.0013264273040111123,0.0017547790839730518,0.36000000000000004,100,48,6.148121041194169e-16,14,0.0,0.0
branch2,4,0.003855468606486999,0.06868244415119067,0.03241348777235183,1.3895656803128622,0.6695654140153666,0.7200002662974956,0.05613470303997854,-0.0013264273040111158,0.0017547790839730509,0.36000000000000004,100,48,6.148121041194169e-16,14,0.0,0.0
competing,4,0.007710937212974048,0.1373648883023812,0.06482697554470357,1.2162788851728743,0.4962786188753806,0.7200002662974937,0.056134703039978966,-0.0013264273040111158,0.0017547790839730518,0.36000000000000004,100,48,6.148121041194169e-16,14,0.0,0.0
initial,5,0.10510132871273126,0.10510132871273126,0.0,0.45056607176250607,0.45056607176250607,0.0,1.0,0.00011569877734160351,0.004016784445338188,0.36000000000000004,100,47,6.148121041194169e-16,14,0.0,0.0
branch1,5,0.0009873319179534521,0.03593596306094451,0.017474315571495525,1.3841008570687392,0.6652033456677814,0.7188975114009579,0.02747475881692711,-0.0002859713617001002,0.00039635599738830924,0.36000000000000004,100,47,6.148121041194169e-16,14,6.938893903907228e-18,-1.1102230246251565e-16
branch2,5,0.0009873319179534378,0.0359359630609446,0.017474315571495577,1.3841008570687423,0.6652033456677808,0.7188975114009614,0.027474758816926643,-0.00028597136170010025,0.0003963559973883094,0.36000000000000004,100,47,6.148121041194169e-16,14,6.938893903907228e-18,1.1102230246251565e-16
competing,5,0.00197466383590689,0.07187192612188911,0.0349486311429911,1.245471420956752,0.5265739095557921,0.7188975114009597,0.027474758816926875,-0.00028597136170010025,0.0003963559973883094,0.36000000000000004,100,47,6.148121041194169e-16,14,2.7755575615628914e-17,1.1102230246251565e-16
initial,6,0.06824016164745633,0.06824016164745633,0.0,0.4474536678322571,0.4474536678322571,0.0,1.0,1.9958864661244223e-05,0.001338928148445214,0.36000000000000004,100,47,6.148121041194169e-16,14,0.0,0.0
branch1,6,0.00025310109852853325,0.018805935400310052,0.009276417150890759,1.3802869250213554,0.6622637910317629,0.7180231339895927,0.013458575345545449,-6.45831893038774e-05,8.945275668693023e-05,0.36000000000000004,100,47,6.148121041194169e-16,14,0.0,-2.220446049250313e-16
branch2,6,0.00025310109852852766,0.018805935400310114,0.009276417150890795,1.3802869250213592,0.6622637910317624,0.7180231339895968,0.013458575345545107,-6.45831893038772e-05,8.945275668693004e-05,0.36000000000000004,100,47,6.148121041194169e-16,14,-3.469446951953614e-18,0.0
competing,6,0.0005062021970570609,0.037611870800620166,0.018552834301781555,1.2647623949280333,0.5467392609384384,0.7180231339895947,0.013458575345545277,-6.45831893038774e-05,8.945275668693023e-05,0.36000000000000004,100,47,6.148121041194169e-16,14,-6.938893903907228e-18,2.220446049250313e-16
initial,7,0.04430694085997751,0.04430694085997751,0.0,0.445230562235579,0.445230562235579,0.0,1.0,3.448617823683468e-06,0.00044630938281515115,0.36000000000000004,100,46,6.148121041194169e-16,14,0.0,0.0
branch1,7,6.487849486128648e-05,0.009841562012312809,0.004888341758725762,1.37757062103357,0.6601629770610441,0.7174076439725262,0.006592296505383678,-1.4574339843366745e-05,2.01855825030886e-05,0.36000000000000004,100,46,6.148121041194169e-16,14,-1.734723475976807e-18,-2.220446049250313e-16
branch2,7,6.487849486128488e-05,0.009841562012312855,0.004888341758725786,1.3775706210335736,0.6601629770610433,0.7174076439725303,0.006592296505383483,-1.4574339843366715e-05,2.0185582503088496e-05,0.36000000000000004,100,46,6.148121041194169e-16,14,-1.734723475976807e-18,0.0
competing,7,0.00012975698972257136,0.019683124024625666,0.009776683517451548,1.278549595239294,0.5611419512667658,0.7174076439725282,0.00659229650538358,-1.4574339843366745e-05,2.01855825030886e-05,0.36000000000000004,100,46,6.148121041194169e-16,14,-3.469446951953614e-18,0.0
initial,8,0.028767600110637677,0.028767600110637677,0.0,0.44356319016022927,0.44356319016022927,0.0,1.0,5.958079395471514e-07,0.00014876979427173344,0.36000000000000004,100,46,6.148121041194169e-16,14,0.0,0.0
branch1,8,1.6629712461054745e-05,0.005150282478678165,0.002566826383108555,1.3755399444105574,0.6585879644477427,0.7169519799628148,0.003228893275252508,-3.288729905147576e-06,4.555028150683825e-06,0.36000000000000004,100,46,6.148121041194169e-16,14,0.0,-1.1102230246251565e-16
branch2,8,1.66297124610545e-05,0.005150282478678191,0.002566826383108568,1.3755399444105594,0.658587964447742,0.7169519799628172,0.0032288932752524446,-3.2887299051475768e-06,4.555028150683809e-06,0.36000000000000004,100,46,6.148121041194169e-16,14,8.673617379884035e-19,1.1102230246251565e-16
competing,8,3.3259424922109246e-05,0.010300564957356356,0.0051336527662171234,1.288896546840565,0.5719445668777492,0.716951979962816,0.0032288932752524762,-3.2887299051475768e-06,4.555028150683825e-06,0.36000000000000004,100,46,6.148121041194169e-16,14,0.0,-1.1102230246251565e-16
initial,9,0.018678219507900003,0.018678219507900003,0.0,0.44226635179412843,0.44226635179412843,0.0,1.0,1.0291736922704997e-07,4.958993142390608e-05,0.36000000000000004,100,45,6.148121041194169e-16,14,0.0,0.0
branch1,9,4.26253485405016e-06,0.00269524243088479,0.0013454899480153698,1.3739607264983118,0.6573630136517279,0.716597712846584,0.0015815033205198027,-7.421262154733363e-07,1.0278857875101126e-06,0.36000000000000004,100,45,6.148121041194169e-16,14,4.336808689942018e-19,-1.1102230246251565e-16
branch2,9,4.262534854050062e-06,0.002695242430884805,0.0013454899480153776,1.3739607264983145,0.6573630136517272,0.7165977128465871,0.0015815033205197576,-7.421262154733336e-07,1.0278857875101096e-06,0.36000000000000004,100,45,6.148121041194169e-16,14,-4.336808689942018e-19,1.1102230246251565e-16
competing,9,8.525069708100222e-06,0.005390484861769595,0.0026909798960307475,1.2969443731027637,0.5803466602561781,0.7165977128465856,0.0015815033205197802,-7.421262154733363e-07,1.0278857875101126e-06,0.36000000000000004,100,45,6.148121041194169e-16,14,0.0,0.0
initial,4,0.1426124920261904,0.1426124920261904,0.0,0.48690604324301706,0.48690604324301706,0.0,1.0,0.0005783303760166485,0.011964035047315129,0.38,100,48,6.26916585819222e-16,15,0.0,0.0
branch1,4,0.005471103058060268,0.07279459174915195,0.03366174434554584,1.3020687567313898,0.6550284039247685,0.6470403528066212,0.07515809796576,-0.001436062018042616,0.0020060527067931877,0.38,100,48,6.26916585819222e-16,15,0.0,1.1102230246251565e-16
branch2,4,0.005471103058060204,0.07279459174915207,0.03366174434554594,1.3020687567313927,0.655028403924768,0.6470403528066246,0.07515809796575902,-0.00143606201804262,0.002006052706793187,0.38,100,48,6.26916585819222e-16,15,-1.3877787807814457e-17,0.0
competing,4,0.010942206116120472,0.14558918349830402,0.06732348869109178,1.1287819615914048,0.4817416087847819,0.6470403528066229,0.07515809796575952,-0.00143606201804262,0.0020060527067931877,0.38,100,48,6.26916585819222e-16,15,-2.7755575615628914e-17,0.0
initial,5,0.09033428044940207,0.09033428044940207,0.0,0.4808476524291564,0.4808476524291564,0.0,1.0,9.745517648976469e-05,0.003988011666229444,0.38,100,47,6.26916585819222e-16,15,0.0,0.0
branch1,5,0.0015340275932285018,0.03900460736563905,0.01873528988620527,1.2959717176871624,0.6488151004499393,0.647156617237223,0.03932939457249599,-0.0003106396098423249,0.00047167106957495415,0.38,100,47,6.26916585819222e-16,15,6.938893903907228e-18,1.1102230246251565e-16
branch2,5,0.0015340275932284775,0.03900460736563912,0.018735289886205316,1.2959717176871655,0.648815100449939,0.6471566172372265,0.039329394572495305,-0.0003106396098423254,0.0004716710695749533,0.38,100,47,6.26916585819222e-16,15,6.938893903907228e-18,0.0
competing,5,0.0030680551864569793,0.07800921473127817,0.037470579772410584,1.1573422815751748,0.5101856643379501,0.6471566172372247,0.03932939457249565,-0.0003106396098423254,0.00047167106957495415,0.38,100,47,6.26916585819222e-16,15,2.7755575615628914e-17,0.0
initial,6,0.05721625513569196,0.05721625513569196,0.0,0.47681954004569244,0.47681954004569244,0.0,1.0,1.6492235716254408e-05,0.00132933722207398,0.38,100,47,6.26916585819222e-16,15,0.0,0.0
branch1,6,0.0004306772916824925,0.020903710899275868,0.010236516803796688,1.2916919152507973,0.6446380967971862,0.6470538184536111,0.020602910830412016,-7.32465985189016e-05,0.00011089486122122017,0.38,100,47,6.26916585819222e-16,15,0.0,0.0
branch2,6,0.0004306772916824822,0.020903710899275924,0.01023651680379672,1.2916919152508013,0.6446380967971858,0.6470538184536155,0.020602910830411467,-7.324659851890207e-05,0.0001108948612212198,0.38,100,47,6.26916585819222e-16,15,3.469446951953614e-18,0.0
competing,6,0.0008613545833649746,0.04180742179855179,0.020473033607593408,1.176167385157475,0.5291135667038618,0.6470538184536133,0.02060291083041174,-7.324659851890207e-05,0.00011089486122122017,0.38,100,47,6.26916585819222e-16,15,0.0,-1.1102230246251565e-16
initial,7,0.03623997852215865,0.03623997852215865,0.0,0.4739417700661715,0.4739417700661715,0.0,1.0,2.8025756853930464e-06,0.00044311240735818436,0.38,100,46,6.26916585819222e-16,15,0.0,0.0
branch1,7,0.00012090614290768487,0.011203195770678206,0.005541144813885261,1.2886422845443721,0.6416508863877366,0.6469913981566358,0.01079211194578327,-1.7270698475691784e-05,2.462761616791059e-05,0.38,100,46,6.26916585819222e-16,15,0.0,-2.220446049250313e-16
branch2,7,0.00012090614290768194,0.011203195770678246,0.005541144813885281,1.2886422845443757,0.641650886387736,0.6469913981566398,0.01079211194578297,-1.7270698475691753e-05,2.4627616167910406e-05,0.38,100,46,6.26916585819222e-16,15,1.734723475976807e-18,-1.1102230246251565e-16
competing,7,0.0002418122858153668,0.02240639154135645,0.011082289627770543,1.189621258750096,0.5426298605934584,0.6469913981566376,0.01079211194578312,-1.7270698475691784e-05,2.462761616791059e-05,0.38,100,46,6.26916585819222e-16,15,0.0,0.0
initial,8,0.022953907528935932,0.022953907528935932,0.0,0.4717833867837372,0.4717833867837372,0.0,1.0,4.7588386060136456e-07,0.0001477041357860936,0.38,100,46,6.26916585819222e-16,15,0.0,0.0
branch1,8,3.394013665202177e-05,0.006004247733105059,0.0029851537982265187,1.286364033985498,0.6394110130898583,0.6469530208956398,0.005652687590635078,-3.7029992990552736e-06,5.462654686452982e-06,0.38,100,46,6.26916585819222e-16,15,0.0,0.0
branch2,8,3.3940136652021144e-05,0.006004247733105083,0.0029851537982265304,1.2863640339855003,0.6394110130898578,0.6469530208956425,0.005652687590634952,-3.702999299055284e-06,5.4626546864529555e-06,0.38,100,46,6.26916585819222e-16,15,8.673617379884035e-19,-1.1102230246251565e-16
competing,8,6.788027330404291e-05,0.012008495466210141,0.0059703075964530495,1.199720636415506,0.5527676155198649,0.6469530208956411,0.005652687590635016,-3.702999299055284e-06,5.462654686452982e-06,0.38,100,46,6.26916585819222e-16,15,-1.734723475976807e-18,0.0
initial,9,0.014538688935039719,0.014538688935039719,0.0,0.47010466449687477,0.47010466449687477,0.0,1.0,8.075596972705841e-08,4.9234711928688876e-05,0.38,100,45,6.26916585819222e-16,15,0.0,0.0
branch1,9,9.527459388194169e-06,0.0032179164370549325,0.0016041944888333694,1.2845924963105935,0.6376690220114524,0.646923474299141,0.002960754132234021,-8.521506302043977e-07,1.284416327726775e-06,0.38,100,45,6.26916585819222e-16,15,-4.336808689942018e-19,1.1102230246251565e-16
branch2,9,9.52745938819397e-06,0.003217916437054945,0.0016041944888333754,1.2845924963105957,0.6376690220114518,0.6469234742991438,0.0029607541322339472,-8.521506302043989e-07,1.2844163277267674e-06,0.38,100,45,6.26916585819222e-16,15,4.336808689942018e-19,1.1102230246251565e-16
competing,9,1.9054918776388138e-05,0.006435832874109877,0.003208388977666745,1.2075761429150451,0.5606526686159027,0.6469234742991424,0.002960754132233984,-8.521506302043989e-07,1.284416327726775e-06,0.38,100,45,6.26916585819222e-16,15,-8.673617379884035e-19,0.0
initial,4,0.12680555519968925,0.12680555519968925,0.0,0.516275106803893,0.516275106803893,0.0,1.0,0.0005180343945810359,0.01186226564852449,0.4,100,48,6.970823292967339e-16,15,0.0,0.0
branch1,4,0.0075457496780620675,0.07548310550774817,0.03396867791484305,1.221692707697202,0.6459616039690682,0.5757311037281337,0.09996607356446818,-0.0015005794075928036,0.002266330168326777,0.4,100,48,6.970823292967339e-16,15,0.0,0.0
branch2,4,0.007545749678061939,0.07548310550774827,0.03396867791484317,1.2216927076972062,0.6459616039690679,0.5757311037281383,0.09996607356446635,-0.0015005794075928145,0.002266330168326777,0.4,100,48,6.970823292967339e-16,15,-1.3877787807814457e-17,0.0
competing,4,0.015091499356124007,0.15096621101549645,0.06793735582968621,1.0484059125572176,0.47267480882908164,0.5757311037281361,0.09996607356446727,-0.0015005794075928145,0.002266330168326777,0.4,100,48,6.970823292967339e-16,15,2.7755575615628914e-17,-1.1102230246251565e-16
initial,5,0.07861500396409832,0.07861500396409832,0.0,0.5086385415271402,0.5086385415271402,0.0,1.0,8.565822756691658e-05,0.003954088505209688,0.4,100,47,6.970823292967339e-16,15,0.0,0.0
branch1,5,0.0023004238275622104,0.04122412743875472,0.019461851805596255,1.214932380034011,0.6377463153176268,0.5771860647163842,0.05580285067233677,-0.0003360261787725204,0.0005653788756812361,0.4,100,47,6.970823292967339e-16,15,0.0,0.0
branch2,5,0.0023004238275621623,0.04122412743875477,0.0194618518055963,1.2149323800340153,0.6377463153176265,0.5771860647163887,0.055802850672335536,-0.00033602617877252186,0.0005653788756812352,0.4,100,47,6.970823292967339e-16,15,6.938893903907228e-18,1.1102230246251565e-16
competing,5,0.004600847655124373,0.08244825487750948,0.03892370361119256,1.076302943922024,0.49911687920563763,0.5771860647163864,0.05580285067233616,-0.00033602617877252186,0.0005653788756812361,0.4,100,47,6.970823292967339e-16,15,-1.3877787807814457e-17,-1.1102230246251565e-16
initial,6,0.04873034716224375,0.04873034716224375,0.0,0.5035755496587593,0.5035755496587593,0.0,1.0,1.4346535684249049e-05,0.001318029501727098,0.4,100,47,6.970823292967339e-16,15,0.0,0.0
branch1,6,0.0007024339796415399,0.022518532763932092,0.010908049392145276,1.2101598567217735,0.6322361050686122,0.5779237516531613,0.03119359449415939,-8.407454441672262e-05,0.00014102285101231886,0.4,100,47,6.970823292967339e-16,15,0.0,0.0
branch2,6,0.0007024339796415166,0.022518532763932134,0.010908049392145309,1.210159856721779,0.6322361050686118,0.5779237516531673,0.031193594494158296,-8.407454441672342e-05,0.00014102285101231816,0.4,100,47,6.970823292967339e-16,15,0.0,-1.1102230246251565e-16
competing,6,0.0014048679592830564,0.045037065527864226,0.021816098784290583,1.094635326628452,0.5167115749752877,0.5779237516531643,0.03119359449415884,-8.407454441672342e-05,0.00014102285101231886,0.4,100,47,6.970823292967339e-16,15,0.0,0.0
initial,7,0.0302066351184993,0.0302066351184993,0.0,0.4999562389746499,0.4999562389746499,0.0,1.0,2.4238765140182196e-06,0.0004393431672427999,0.4,100,46,6.970823292967339e-16,15,0.0,0.0
branch1,7,0.00021447962363831246,0.012301249141712836,0.0060433847590372625,1.2067565455430953,0.6282934950747764,0.5784630504683187,0.017435597081846287,-2.1034202712779704e-05,3.0847633547669585e-05,0.4,100,46,6.970823292967339e-16,15,-1.734723475976807e-18,2.220446049250313e-16
branch2,7,0.0002144796236383043,0.012301249141712874,0.006043384759037285,1.2067565455431006,0.6282934950747759,0.5784630504683247,0.01743559708184557,-2.103420271277971e-05,3.084763354766937e-05,0.4,100,46,6.970823292967339e-16,15,0.0,0.0
competing,7,0.00042895924727661674,0.02460249828342571,0.012086769518074547,1.1077355197488201,0.5292724692804983,0.5784630504683218,0.017435597081845926,-2.103420271277971e-05,3.0847633547669585e-05,0.4,100,46,6.970823292967339e-16,15,0.0,0.0
initial,8,0.01872426281400686,0.01872426281400686,0.0,0.49724188992903023,0.49724188992903023,0.0,1.0,4.082926525215455e-07,0.00014644772241433123,0.4,100,46,6.970823292967339e-16,15,0.0,0.0
branch1,8,6.548246228730222e-05,0.006719821758162546,0.0033271696479376216,1.2042160253142193,0.6253367061102254,0.5788793192039939,0.009744672499350283,-4.4233455116315224e-06,7.404986964661017e-06,0.4,100,46,6.970823292967339e-16,15,0.0,0.0
branch2,8,6.548246228729993e-05,0.0067198217581625665,0.0033271696479376337,1.2042160253142238,0.625336706110225,0.5788793192039987,0.009744672499349911,-4.423345511631537e-06,7.404986964660974e-06,0.4,100,46,6.970823292967339e-16,15,-8.673617379884035e-19,1.1102230246251565e-16
competing,8,0.00013096492457460217,0.013439643516325112,0.006654339295875255,1.1175726277442284,0.538693308540232,0.5788793192039963,0.009744672499350097,-4.423345511631537e-06,7.404986964661017e-06,0.4,100,46,6.970823292967339e-16,15,0.0,1.1102230246251565e-16
initial,9,0.011606652850390054,0.011606652850390054,0.0,0.4951307581872353,0.4951307581872353,0.0,1.0,6.866428361510309e-08,4.881590747142879e-05,0.4,100,45,6.970823292967339e-16,15,0.0,0.0
branch1,9,1.999220796148196e-05,0.00367084002061304,0.0018254239063257788,1.202240884694526,0.6230371949618003,0.5792036897327255,0.005446221532188485,-1.1066531569477816e-06,1.8470389513534933e-06,0.4,100,45,6.970823292967339e-16,15,0.0,2.220446049250313e-16
branch2,9,1.9992207961481187e-05,0.00367084002061305,0.0018254239063257845,1.2022408846945303,0.6230371949618001,0.5792036897327302,0.005446221532188259,-1.1066531569477884e-06,1.8470389513534808e-06,0.4,100,45,6.970823292967339e-16,15,0.0,0.0
competing,9,3.9984415922963146e-05,0.00734168004122609,0.0036508478126515633,1.1252245312989786,0.5460208415662507,0.579203689732728,0.005446221532188372,-1.1066531569477884e-06,1.8470389513534933e-06,0.4,100,45,6.970823292967339e-16,15,0.0,-1.1102230246251565e-16
initial,4,0.11381028769182,0.11381028769182,0.0,0.5433055899665087,0.5433055899665087,0.0,1.0,0.00045356463638436523,0.01174447802214369,0.42000000000000004,100,48,7.4693843014237e-16,16,0.0,0.0
branch1,4,0.010135500826871213,0.07669754506697729,0.03328102212005304,1.1479277711805622,0.6419713945176522,0.5059563766629102,0.13214896015276933,-0.0015106240881823346,0.002546282130367827,0.42000000000000004,100,48,7.4693843014237e-16,16,0.0,-1.1102230246251565e-16
branch2,4,0.010135500826871036,0.07669754506697737,0.03328102212005317,1.1479277711805667,0.6419713945176518,0.5059563766629148,0.1321489601527669,-0.0015106240881823478,0.002546282130367822,0.42000000000000004,100,48,7.4693843014237e-16,16,0.0,0.0
competing,4,0.020271001653742248,0.15339509013395466,0.0665620442401062,0.9746409760405781,0.46868459937766566,0.5059563766629125,0.1321489601527681,-0.0015106240881823478,0.002546282130367827,0.42000000000000004,100,48,7.4693843014237e-16,16,2.7755575615628914e-17,0.0
initial,5,0.06927991992268837,0.06927991992268837,0.0,0.5339200341157933,0.5339200341157933,0.0,1.0,7.476445979727812e-05,0.0039148258936493,0.42000000000000004,100,47,7.4693843014237e-16,16,0.0,0.0
branch1,5,0.0033380386412290223,0.04250752756410829,0.019584744461439634,1.1404743755294835,0.6316148199160045,0.508859555613479,0.07852817683161448,-0.00035062965118936565,0.0006626784398623021,0.42000000000000004,100,47,7.4693843014237e-16,16,0.0,0.0
branch2,5,0.0033380386412289543,0.04250752756410835,0.019584744461439697,1.1404743755294875,0.6316148199160042,0.5088595556134833,0.07852817683161277,-0.0003506296511893674,0.0006626784398623001,0.42000000000000004,100,47,7.4693843014237e-16,16,0.0,0.0
competing,5,0.006676077282457976,0.08501505512821664,0.03916948892287933,1.0018449394174964,0.49298538380401535,0.5088595556134811,0.07852817683161362,-0.0003506296511893674,0.0006626784398623021,0.42000000000000004,100,47,7.4693843014237e-16,16,0.0,0.0
initial,6,0.042157774252847155,0.042157774252847155,0.0,0.5277226948344632,0.5277226948344632,0.0,1.0,1.303601742000292e-05,0.0013049419645228652,0.42000000000000004,100,47,7.4693843014237e-16,16,0.0,0.0
branch1,6,0.001101479684414005,0.023562231882874308,0.011230376099230152,1.1351834725760312,0.6246850321358008,0.5104984404402303,0.04674768035088354,-9.243563298727809e-05,0.00017304951655904406,0.42000000000000004,100,47,7.4693843014237e-16,16,0.0,1.1102230246251565e-16
branch2,6,0.0011014796844139702,0.023562231882874353,0.011230376099230192,1.1351834725760364,0.6246850321358005,0.5104984404402358,0.046747680350881976,-9.243563298727923e-05,0.00017304951655904314,0.42000000000000004,100,47,7.4693843014237e-16,16,0.0,0.0
competing,6,0.002202959368827975,0.047124463765748664,0.022460752198460346,1.0196589424827096,0.5091605020424764,0.5104984404402331,0.04674768035088275,-9.243563298727923e-05,0.00017304951655904406,0.42000000000000004,100,47,7.4693843014237e-16,16,0.0,1.1102230246251565e-16
initial,7,0.025655230577842032,0.025655230577842032,0.0,0.5232868295701458,0.5232868295701458,0.0,1.0,2.2122468851364984e-06,0.0004349806548415007,0.42000000000000004,100,46,7.4693843014237e-16,16,0.0,0.0
branch1,7,0.0003634582757489902,0.013061611503909725,0.006349076614080367,1.131406578901932,0.6197253957728487,0.5116811831290834,0.027826449717953748,-2.4366188078991868e-05,3.69201970480061e-05,0.42000000000000004,100,46,7.4693843014237e-16,16,1.734723475976807e-18,0.0
branch2,7,0.00036345827574897627,0.013061611503909764,0.006349076614080393,1.1314065789019376,0.6197253957728482,0.5116811831290893,0.0278264497179526,-2.436618807899189e-05,3.692019704800583e-05,0.42000000000000004,100,46,7.4693843014237e-16,16,1.734723475976807e-18,1.1102230246251565e-16
competing,7,0.0007269165514979664,0.02612322300781949,0.01269815322816076,1.032385553107657,0.5207043699785705,0.5116811831290864,0.027826449717953172,-2.436618807899189e-05,3.69201970480061e-05,0.42000000000000004,100,46,7.4693843014237e-16,16,3.469446951953614e-18,0.0
initial,8,0.015612423873320427,0.015612423873320427,0.0,0.5199610349438285,0.5199610349438285,0.0,1.0,3.7223506502098084e-07,0.00014499355161393628,0.42000000000000004,100,46,7.4693843014237e-16,16,0.0,0.0
branch1,8,0.00011991639902789079,0.007240681940867962,0.0035603827709200357,1.128589466592555,0.6160049857865701,0.5125844808059851,0.016561478602043947,-5.2198124732532055e-06,9.59319440957868e-06,0.42000000000000004,100,46,7.4693843014237e-16,16,0.0,-1.1102230246251565e-16
branch2,8,0.0001199163990278863,0.007240681940867986,0.003560382770920049,1.1285894665925598,0.6160049857865697,0.5125844808059902,0.016561478602043274,-5.219812473253255e-06,9.593194409578647e-06,0.42000000000000004,100,46,7.4693843014237e-16,16,8.673617379884035e-19,-1.1102230246251565e-16
competing,8,0.0002398327980557771,0.014481363881735949,0.007120765541840084,1.0419460690225644,0.5293615882165768,0.5125844808059876,0.01656147860204361,-5.219812473253255e-06,9.59319440957868e-06,0.42000000000000004,100,46,7.4693843014237e-16,16,3.469446951953614e-18,0.0
initial,9,0.009500906175552375,0.009500906175552375,0.0,0.5173742331138258,0.5173742331138258,0.0,1.0,6.242894013352671e-08,4.833118387128873e-05,0.42000000000000004,100,45,7.4693843014237e-16,16,0.0,0.0
branch1,9,3.95637179229838e-05,0.004013850104915446,0.0019871431934962314,1.1263997859722845,0.613111596930628,0.5132881890416564,0.00985680005203314,-1.3583499299514786e-06,2.5168760190033123e-06,0.42000000000000004,100,45,7.4693843014237e-16,16,0.0,1.1102230246251565e-16
branch2,9,3.9563717922982036e-05,0.004013850104915457,0.0019871431934962375,1.1263997859722894,0.6131115969306278,0.5132881890416616,0.009856800052032676,-1.3583499299514934e-06,2.516876019003294e-06,0.42000000000000004,100,45,7.4693843014237e-16,16,0.0,0.0
competing,9,7.912743584596583e-05,0.008027700209830903,0.003974286386992469,1.0493834325767375,0.5360952435350784,0.5132881890416591,0.009856800052032908,-1.3583499299514934e-06,2.5168760190033123e-06,0.42000000000000004,100,45,7.4693843014237e-16,16,0.0,0.0
initial,4,0.10305549164215834,0.10305549164215834,0.0,0.5681219205052167,0.5681219205052167,0.0,1.0,0.0003596533639932255,0.011610479779922935,0.44,100,48,8.581817145970697e-16,18,0.0,0.0
branch1,4,0.013282126454930918,0.07648218340529297,0.03160002847518103,1.080334005783534,0.6426743654842808,0.4376596402992531,0.17366301357463237,-0.0014602595083751911,0.0028818289243055578,0.44,100,48,8.581817145970697e-16,18,0.0,1.1102230246251565e-16
branch2,4,0.013282126454930663,0.0764821834052931,0.03160002847518122,1.0803340057835387,0.6426743654842804,0.4376596402992583,0.17366301357462877,-0.0014602595083752022,0.0028818289243055487,0.44,100,48,8.581817145970697e-16,18,-1.3877787807814457e-17,0.0
competing,4,0.02656425290986158,0.15296436681058606,0.06320005695036225,0.90704721064355,0.4693875703442943,0.4376596402992557,0.17366301357463057,-0.0014602595083752022,0.0028818289243055578,0.44,100,48,8.581817145970697e-16,18,-2.7755575615628914e-17,0.0
initial,5,0.061775764720920154,0.061775764720920154,0.0,0.5568488296102846,0.5568488296102846,0.0,1.0,5.4246621613880536e-05,0.0038701596508493416,0.44,100,47,8.581817145970697e-16,18,0.0,0.0
branch1,5,0.0046971662502743065,0.04284085093656206,0.019071842343143876,1.0721591755144662,0.6300526340936315,0.4421065414208346,0.109642225763204,-0.00035306863268932595,0.0007879937953036263,0.44,100,47,8.581817145970697e-16,18,0.0,0.0
branch2,5,0.004697166250274197,0.04284085093656213,0.01907184234314397,1.0721591755144708,0.6300526340936312,0.4421065414208396,0.10964222576320125,-0.00035306863268932796,0.0007879937953036227,0.44,100,47,8.581817145970697e-16,18,-6.938893903907228e-18,0.0
competing,5,0.009394332500548504,0.08568170187312418,0.03814368468628784,0.9335297394024794,0.49142319798164236,0.4421065414208371,0.10964222576320264,-0.00035306863268932796,0.0007879937953036263,0.44,100,47,8.581817145970697e-16,18,0.0,-5.551115123125783e-17
initial,6,0.03700759543637356,0.03700759543637356,0.0,0.5494386842235404,0.5494386842235404,0.0,1.0,9.5122097933743e-06,0.0012900532168625652,0.44,100,47,8.581817145970697e-16,18,0.0,0.0
branch1,6,0.0016649591540697597,0.024001553987679232,0.011168297416804737,1.06632578132348,0.6216061168739524,0.44471966444952776,0.0693688064916312,-9.728669647664764e-05,0.00020515446796257495,0.44,100,47,8.581817145970697e-16,18,-3.469446951953614e-18,-5.551115123125783e-17
branch2,6,0.0016649591540697014,0.024001553987679294,0.011168297416804796,1.066325781323486,0.621606116873952,0.4447196644495341,0.06936880649162859,-9.728669647664902e-05,0.00020515446796257365,0.44,100,47,8.581817145970697e-16,18,0.0,5.551115123125783e-17
competing,6,0.0033299183081394613,0.048003107975358526,0.022336594833609533,0.9508012512301588,0.506081586780628,0.44471966444953087,0.0693688064916299,-9.728669647664902e-05,0.00020515446796257495,0.44,100,47,8.581817145970697e-16,18,0.0,-5.551115123125783e-17
initial,7,0.022173281249572803,0.022173281249572803,0.0,0.5441238946093091,0.5441238946093091,0.0,1.0,1.4187318193985989e-06,0.00043001773895488723,0.44,100,46,8.581817145970697e-16,18,0.0,0.0
branch1,7,0.0005901743904314124,0.013446572949073119,0.0064281992793208545,1.0621560696766275,0.6155758578180816,0.4465802118585458,0.04389032005899269,-2.680508812103065e-05,4.719601790670086e-05,0.44,100,46,8.581817145970697e-16,18,-1.734723475976807e-18,1.1102230246251565e-16
branch2,7,0.0005901743904313861,0.013446572949073171,0.006428199279320893,1.0621560696766337,0.615575857818081,0.44658021185855273,0.04389032005899056,-2.6805088121030667e-05,4.7196017906701004e-05,0.44,100,46,8.581817145970697e-16,18,0.0,-5.551115123125783e-17
competing,7,0.0011803487808627984,0.02689314589814629,0.012856398558641747,0.9631350438823526,0.5165548320238034,0.4465802118585493,0.04389032005899162,-2.6805088121030667e-05,4.7196017906701004e-05,0.44,100,46,8.581817145970697e-16,18,-3.469446951953614e-18,-5.551115123125783e-17
initial,8,0.01328481073158621,0.01328481073158621,0.0,0.5401417433309303,0.5401417433309303,0.0,1.0,2.494176854965458e-07,0.00014333924631845224,0.44,100,46,8.581817145970697e-16,18,0.0,0.0
branch1,8,0.00020916473752776444,0.00753317347615854,0.0036620043693153873,1.059048549830476,0.6110548601970135,0.4479936896334625,0.027765819835391035,-5.989761983528339e-06,1.2432880295961885e-05,0.44,100,46,8.581817145970697e-16,18,1.734723475976807e-18,5.551115123125783e-17
branch2,8,0.0002091647375277547,0.007533173476158571,0.003662004369315408,1.0590485498304818,0.611054860197013,0.4479936896334688,0.027765819835389633,-5.989761983528404e-06,1.243288029596183e-05,0.44,100,46,8.581817145970697e-16,18,0.0,-5.551115123125783e-17
competing,8,0.00041832947505551917,0.015066346952317112,0.007324008738630795,0.9724051522604857,0.5244114626270201,0.44799368963346564,0.027765819835390334,-5.989761983528404e-06,1.2432880295961885e-05,0.44,100,46,8.581817145970697e-16,18,1.734723475976807e-18,0.0
initial,9,0.007959451487148949,0.007959451487148949,0.0,0.5370439100166428,0.5370439100166428,0.0,1.0,3.7188465363368473e-08,4.777974877278247e-05,0.44,100,45,8.581817145970697e-16,18,0.0,0.0
branch1,9,7.412893050138473e-05,0.004220328129092336,0.0020730995992954753,1.0566338529709318,0.6075380442497722,0.44909580872115945,0.017564731517055666,-1.6378631484284767e-06,3.255420189560115e-06,0.44,100,45,8.581817145970697e-16,18,8.673617379884035e-19,1.6653345369377348e-16
branch2,9,7.412893050138111e-05,0.004220328129092353,0.0020730995992954858,1.0566338529709371,0.6075380442497719,0.4490958087211654,0.01756473151705474,-1.637863148428496e-06,3.2554201895600875e-06,0.44,100,45,8.581817145970697e-16,18,0.0,-1.1102230246251565e-16
competing,9,0.00014825786100276583,0.00844065625818469,0.004146199198590961,0.979617499575385,0.5305216908542225,0.44909580872116245,0.017564731517055197,-1.637863148428496e-06,3.255420189560115e-06,0.44,100,45,8.581817145970697e-16,18,1.734723475976807e-18,5.551115123125783e-17
initial,4,0.0940520974515081,0.0940520974515081,0.0,0.5909766055080824,0.5909766055080824,0.0,1.0,0.0002902599872467361,0.01146047774212907,0.46,100,48,9.506077912482735e-16,19,0.0,0.0
branch1,4,0.017007366574936855,0.07530842598076108,0.02915052970291212,1.018527175211974,0.6465408129054016,0.3719863623065724,0.22583617109832702,-0.0013477688513508135,0.0031984841961243604,0.46,100,48,9.506077912482735e-16,19,-1.3877787807814457e-17,5.551115123125783e-17
branch2,4,0.01700736657493649,0.07530842598076123,0.02915052970291237,1.0185271752119793,0.6465408129054011,0.3719863623065783,0.22583617109832171,-0.0013477688513508289,0.0031984841961243543,0.46,100,48,9.506077912482735e-16,19,6.938893903907228e-18,-5.551115123125783e-17
competing,4,0.03401473314987334,0.1506168519615223,0.05830105940582449,0.8452403800719904,0.47325401776541504,0.37198636230657534,0.22583617109832435,-0.0013477688513508289,0.0031984841961243604,0.46,100,48,9.506077912482735e-16,19,-1.3877787807814457e-17,5.551115123125783e-17
initial,5,0.05565308952640576,0.05565308952640576,0.0,0.577723537141072,0.577723537141072,0.0,1.0,3.381250078132931e-05,0.003820158612885576,0.46,100,47,9.506077912482735e-16,19,0.0,0.0
branch1,5,0.006422034863592413,0.04257628952888265,0.018077127332645115,1.0096040509109299,0.631291552897227,0.37831249801370287,0.1508359449509068,-0.0003738372648033079,0.0009136114329802232,0.46,100,47,9.506077912482735e-16,19,6.938893903907228e-18,-5.551115123125783e-17
branch2,5,0.006422034863592254,0.042576289528882705,0.01807712733264522,1.009604050910935,0.6312915528972268,0.3783124980137081,0.15083594495090288,-0.0003738372648033049,0.0009136114329802204,0.46,100,47,9.506077912482735e-16,19,1.3877787807814457e-17,5.551115123125783e-17
competing,5,0.012844069727184666,0.08515257905776535,0.036154254665290333,0.8709746147989433,0.4926621167852379,0.3783124980137055,0.15083594495090483,-0.0003738372648033079,0.0009136114329802232,0.46,100,47,9.506077912482735e-16,19,2.7755575615628914e-17,-5.551115123125783e-17
initial,6,0.032901721478425246,0.032901721478425246,0.0,0.5690383830012496,0.5690383830012496,0.0,1.0,6.7570034555286775e-06,0.0012733862040149348,0.46,100,47,9.506077912482735e-16,19,0.0,0.0
branch1,6,0.0024315270806811945,0.02400926353089502,0.010788868225106912,1.003205965124028,0.6215525904419209,0.3816533746821071,0.10127453836942212,-9.947027385377295e-05,0.00023518201760444734,0.46,100,47,9.506077912482735e-16,19,0.0,-5.551115123125783e-17
branch2,6,0.0024315270806811065,0.024009263530895067,0.010788868225106978,1.003205965124034,0.6215525904419206,0.3816533746821134,0.10127453836941824,-9.947027385377396e-05,0.0002351820176044459,0.46,100,47,9.506077912482735e-16,19,3.469446951953614e-18,-5.551115123125783e-17
competing,6,0.004863054161362301,0.048018527061790085,0.02157773645021389,0.8876814350307067,0.5060280603485965,0.38165337468211025,0.10127453836942017,-9.947027385377396e-05,0.00023518201760444734,0.46,100,47,9.506077912482735e-16,19,6.938893903907228e-18,0.0
initial,7,0.0194567474487767,0.0194567474487767,0.0,0.562794479506345,0.562794479506345,0.0,1.0,7.811484699465194e-07,0.0004244620680060305,0.46,100,46,9.506077912482735e-16,19,0.0,0.0
branch1,7,0.0009207005725711115,0.013548669868894294,0.006313984648161592,0.998625097969134,0.6144952715903057,0.3841298263788283,0.06795505252400469,-2.790821951007014e-05,5.900657285464304e-05,0.46,100,46,9.506077912482735e-16,19,-1.734723475976807e-18,0.0
branch2,7,0.0009207005725710688,0.013548669868894341,0.006313984648161636,0.9986250979691407,0.6144952715903053,0.3841298263788354,0.0679550525240013,-2.7908219510070207e-05,5.9006572854643154e-05,0.46,100,46,9.506077912482735e-16,19,0.0,0.0
competing,7,0.0018414011451421803,0.027097339737788634,0.01262796929632323,0.8996040721748594,0.5154742457960276,0.38412982637883186,0.067955052524003,-2.7908219510070207e-05,5.9006572854643154e-05,0.46,100,46,9.506077912482735e-16,19,-3.469446951953614e-18,-1.1102230246251565e-16
initial,8,0.01150504820695849,0.01150504820695849,0.0,0.5581211706769912,0.5581211706769912,0.0,1.0,1.5611223175639678e-07,0.00014148735600223145,0.46,100,46,9.506077912482735e-16,19,0.0,0.0
branch1,8,0.0003485558820032391,0.00765070951042625,0.003651076814211506,0.9952139988171707,0.609119611122929,0.38609438769424165,0.0455586349904193,-6.6085033255776515e-06,1.5442380737119785e-05,0.46,100,46,9.506077912482735e-16,19,-8.673617379884035e-19,0.0
branch2,8,0.0003485558820032218,0.007650709510426282,0.0036510768142115307,0.9952139988171769,0.6091196111229285,0.3860943876942484,0.045558634990416846,-6.6085033255777514e-06,1.544238073711971e-05,0.46,100,46,9.506077912482735e-16,19,-8.673617379884035e-19,0.0
competing,8,0.0006971117640064609,0.015301419020852532,0.007302153628423036,0.9085706012471806,0.5224762135529356,0.38609438769424503,0.04555863499041808,-6.6085033255777514e-06,1.5442380737119785e-05,0.46,100,46,9.506077912482735e-16,19,-1.734723475976807e-18,-5.551115123125783e-17
initial,9,0.006803225642680746,0.006803225642680746,0.0,0.5544842688950096,0.5544842688950096,0.0,1.0,1.81770329003742e-08,4.716245200069379e-05,0.46,100,45,9.506077912482735e-16,19,0.0,0.0
branch1,9,0.0001319510572435155,0.004319786580869268,0.0020939177618128765,0.9925643869546052,0.6049499200581138,0.38761446689649154,0.030545735251801043,-1.8554735560609297e-06,4.001494475298659e-06,0.46,100,45,9.506077912482735e-16,19,0.0,-5.551115123125783e-17
branch2,9,0.00013195105724350838,0.004319786580869285,0.002093917761812888,0.9925643869546114,0.6049499200581133,0.3876144668964979,0.030545735251799277,-1.855473556060958e-06,4.001494475298625e-06,0.46,100,45,9.506077912482735e-16,19,0.0,1.1102230246251565e-16
competing,9,0.0002639021144870239,0.008639573161738554,0.004187835523625765,0.9155480335590587,0.5279335666625641,0.3876144668964947,0.030545735251800158,-1.855473556060958e-06,4.001494475298659e-06,0.46,100,45,9.506077912482735e-16,19,0.0,-1.1102230246251565e-16
initial,4,0.08639572459807449,0.08639572459807449,0.0,0.6122042720537685,0.6122042720537685,0.0,1.0,0.00023963591926573236,0.011295082889068967,0.48,100,48,1.0808663935159053e-15,20,0.0,0.0
branch1,4,0.021308061966986324,0.07507419015820607,0.02688306409560988,0.9621674454439235,0.6473196130686016,0.3148478323753219,0.2838267308922442,-0.0013038687397386108,0.003486405377825516,0.48,100,48,1.0808663935159053e-15,20,-1.3877787807814457e-17,0.0
branch2,4,0.021308061966985866,0.07507419015820617,0.02688306409561015,0.9621674454439288,0.6473196130686013,0.31484783237532754,0.28382673089223776,-0.0013038687397386114,0.003486405377825511,0.48,100,48,1.0808663935159053e-15,20,0.0,0.0
competing,4,0.04261612393397219,0.15014838031641226,0.05376612819122003,0.7888806503039398,0.4740328179286151,0.3148478323753247,0.283826730892241,-0.0013038687397386114,0.003486405377825516,0.48,100,48,1.0808663935159053e-15,20,1.3877787807814457e-17,0.0
initial,5,0.050553903594808276,0.050553903594808276,0.0,0.5969430228095864,0.5969430228095864,0.0,1.0,2.0331117973136477e-05,0.0037650262395787946,0.48,100,47,1.0808663935159053e-15,20,0.0,0.0
branch1,5,0.00854547244902027,0.04240184163264358,0.01692818459181165,0.9524707348829164,0.6321126965910652,0.3203580382918512,0.20153540789703422,-0.0003854253226331952,0.0010338299368077592,0.48,100,47,1.0808663935159053e-15,20,6.938893903907228e-18,5.551115123125783e-17
branch2,5,0.008545472449020045,0.0424018416326436,0.01692818459181178,0.9524707348829216,0.6321126965910651,0.32035803829185655,0.20153540789702878,-0.00038542532263319257,0.001033829936807756,0.48,100,47,1.0808663935159053e-15,20,0.0,-5.551115123125783e-17
competing,5,0.017090944898040316,0.08480368326528717,0.03385636918362343,0.81384129877093,0.4934832604790761,0.32035803829185383,0.20153540789703153,-0.0003854253226331952,0.0010338299368077592,0.48,100,47,1.0808663935159053e-15,20,-1.3877787807814457e-17,1.1102230246251565e-16
initial,6,0.02955352256546249,0.02955352256546249,0.0,0.5869253892135947,0.5869253892135947,0.0,1.0,4.993492578872539e-06,0.0012550087456738642,0.48,100,47,1.0808663935159053e-15,20,0.0,0.0
branch1,6,0.003437784048586074,0.024100969291107617,0.01033159262126077,0.9454880311812267,0.6209172032910464,0.3245708278901804,0.14264090406747632,-0.00010497698035300938,0.0002608480009773599,0.48,100,47,1.0808663935159053e-15,20,0.0,-5.551115123125783e-17
branch2,6,0.0034377840485859492,0.024100969291107652,0.010331592621260852,0.9454880311812328,0.620917203291046,0.32457082789018665,0.14264090406747093,-0.00010497698035301087,0.00026084800097735795,0.48,100,47,1.0808663935159053e-15,20,-3.469446951953614e-18,1.1102230246251565e-16
competing,6,0.006875568097172023,0.04820193858221527,0.02066318524252162,0.8299635010879055,0.505392673197722,0.3245708278901835,0.14264090406747362,-0.00010497698035301087,0.0002608480009773599,0.48,100,47,1.0808663935159053e-15,20,0.0,5.551115123125783e-17
initial,7,0.017283505731363814,0.017283505731363814,0.0,0.5797146654586768,0.5797146654586768,0.0,1.0,4.384615137159441e-07,0.0004183362485601324,0.48,100,46,1.0808663935159053e-15,20,0.0,0.0
branch1,7,0.0013832054273443944,0.01373095647375793,0.006173875523206768,0.9404788142633154,0.612586056938955,0.3278927573243604,0.10073627645589897,-2.7324807819923077e-05,7.134555663698695e-05,0.48,100,46,1.0808663935159053e-15,20,-1.734723475976807e-18,0.0
branch2,7,0.0013832054273443261,0.013730956473757985,0.006173875523206829,0.9404788142633224,0.6125860569389544,0.32789275732436807,0.10073627645589359,-2.7324807819922986e-05,7.13455566369869e-05,0.48,100,46,1.0808663935159053e-15,20,0.0,-1.1102230246251565e-16
competing,7,0.0027664108546887204,0.027461912947515914,0.012347751046413597,0.8414577884690411,0.5135650311446768,0.3278927573243643,0.10073627645589626,-2.7324807819923077e-05,7.134555663698695e-05,0.48,100,46,1.0808663935159053e-15,20,0.0,0.0
initial,8,0.010106385785356652,0.010106385785356652,0.0,0.5743234748685774,0.5743234748685774,0.0,1.0,9.474012374668062e-08,0.00013944541618700972,0.48,100,46,1.0808663935159053e-15,20,0.0,0.0
branch1,8,0.0005564050850278096,0.007815370603188567,0.003629482759080379,0.9367517448497765,0.606457861775,0.3302938830747765,0.07119369167225464,-7.511645801346792e-06,1.8403444671052285e-05,0.48,100,46,1.0808663935159053e-15,20,-8.673617379884035e-19,0.0
branch2,8,0.0005564050850277795,0.007815370603188602,0.0036294827590804112,0.9367517448497833,0.6064578617749995,0.3302938830747838,0.07119369167225047,-7.511645801346932e-06,1.840344467105221e-05,0.48,100,46,1.0808663935159053e-15,20,0.0,0.0
competing,8,0.001112810170055589,0.01563074120637717,0.00725896551816079,0.8501083472797867,0.5198144642050065,0.3302938830747801,0.07119369167225255,-7.511645801346932e-06,1.8403444671052285e-05,0.48,100,46,1.0808663935159053e-15,20,-1.734723475976807e-18,5.551115123125783e-17
initial,9,0.005909877411519298,0.005909877411519298,0.0,0.5701255767034429,0.5701255767034429,0.0,1.0,9.571316093350556e-09,4.64818053956011e-05,0.48,100,45,1.0808663935159053e-15,20,0.0,0.0
branch1,9,0.00022380797883995882,0.00444751275651805,0.002111852388839046,0.9338580123409863,0.6017122522426394,0.3321457600983469,0.05032205439140273,-1.965928133196669e-06,4.920846899017901e-06,0.48,100,45,1.0808663935159053e-15,20,-8.673617379884035e-19,5.551115123125783e-17
branch2,9,0.00022380797883994586,0.004447512756518065,0.0021118523888390595,0.9338580123409927,0.6017122522426389,0.3321457600983537,0.050322054391399654,-1.965928133196706e-06,4.920846899017896e-06,0.48,100,45,1.0808663935159053e-15,20,0.0,1.1102230246251565e-16
competing,9,0.0004476159576799047,0.008895025513036114,0.004223704777678106,0.8568416589454401,0.5246958988470897,0.33214576009835034,0.050322054391401194,-1.965928133196706e-06,4.920846899017901e-06,0.48,100,45,1.0808663935159053e-15,20,-1.734723475976807e-18,5.551115123125783e-17
initial,4,0.07976129055232403,0.07976129055232403,0.0,0.6321792432535174,0.6321792432535174,0.0,1.0,0.00020080444591938644,0.011115295564803248,0.5,100,48,1.1977769823680386e-15,22,0.0,0.0
branch1,4,0.0261527558133817,0.07437178137267322,0.024109512779645764,0.9109501772977111,0.6496696729285746,0.2612805043691366,0.35164890944767835,-0.0012576200836653144,0.003737430746706411,0.5,100,48,1.1977769823680386e-15,22,0.0,-5.551115123125783e-17
branch2,4,0.0261527558133811,0.07437178137267335,0.02410951277964612,0.9109501772977169,0.6496696729285741,0.26128050436914274,0.3516489094476697,-0.0012576200836653126,0.0037374307467064015,0.5,100,48,1.1977769823680386e-15,22,6.938893903907228e-18,0.0
competing,4,0.05230551162676279,0.14874356274534656,0.04821902555929189,0.7376633821577276,0.476382877788588,0.26128050436913963,0.351648909447674,-0.0012576200836653144,0.003737430746706411,0.5,100,48,1.1977769823680386e-15,22,-1.3877787807814457e-17,0.0
initial,5,0.0461978786203803,0.0461978786203803,0.0,0.6149642798512922,0.6149642798512922,0.0,1.0,1.1849504617098628e-05,0.003705095610811511,0.5,100,47,1.1977769823680386e-15,22,0.0,0.0
branch1,5,0.011083687501988689,0.0423403376126264,0.015628325055318852,0.9004561691984575,0.6324030078923043,0.2680531613061531,0.26177607754085075,-0.0003822871486095672,0.0011427224543063073,0.5,100,47,1.1977769823680386e-15,22,6.938893903907228e-18,1.1102230246251565e-16
branch2,5,0.011083687501988404,0.042340337612626386,0.015628325055318994,0.9004561691984627,0.6324030078923044,0.2680531613061582,0.26177607754084414,-0.0003822871486095651,0.0011427224543063023,0.5,100,47,1.1977769823680386e-15,22,-6.938893903907228e-18,1.1102230246251565e-16
competing,5,0.022167375003977093,0.08468067522525279,0.03125665011063784,0.761826733086471,0.4937735717803153,0.26805316130615564,0.2617760775408475,-0.0003822871486095672,0.0011427224543063073,0.5,100,47,1.1977769823680386e-15,22,0.0,5.551115123125783e-17
initial,6,0.02674874010568626,0.02674874010568626,0.0,0.6035446509336929,0.6035446509336929,0.0,1.0,2.7244365683671826e-06,0.0012350318678341458,0.5,100,47,1.1977769823680386e-15,22,0.0,0.0
branch1,6,0.004713949156386598,0.024379139187851888,0.009832595015732646,0.8928715433648239,0.619004577279974,0.2738669660848498,0.19335995090161168,-0.00010648292453153931,0.00027999233801494786,0.5,100,47,1.1977769823680386e-15,22,-3.469446951953614e-18,5.551115123125783e-17
branch2,6,0.004713949156386428,0.024379139187851905,0.00983259501573274,0.8928715433648299,0.6190045772799739,0.27386696608485595,0.19335995090160457,-0.00010648292453154078,0.0002799923380149457,0.5,100,47,1.1977769823680386e-15,22,-3.469446951953614e-18,0.0
competing,6,0.009427898312773027,0.04875827837570379,0.019665190031465385,0.7773470132715027,0.5034800471866497,0.2738669660848529,0.19335995090160815,-0.00010648292453154078,0.00027999233801494786,0.5,100,47,1.1977769823680386e-15,22,-6.938893903907228e-18,5.551115123125783e-17
initial,7,0.015492284693508288,0.015492284693508288,0.0,0.5953447343843662,0.5953447343843662,0.0,1.0,2.7507280275668025e-07,0.0004116772892843405,0.5,100,46,1.1977769823680386e-15,22,0.0,0.0
branch1,7,0.0020053688405093154,0.01399343432720988,0.005994032743350282,0.8874181821126375,0.6098810051426682,0.2775371769699693,0.1433078394922629,-2.813104446269428e-05,8.353521769988799e-05,0.5,100,46,1.1977769823680386e-15,22,0.0,-5.551115123125783e-17
branch2,7,0.002005368840509217,0.013993434327209918,0.005994032743350352,0.8874181821126444,0.6098810051426679,0.2775371769699767,0.14330783949225548,-2.8131044462694427e-05,8.35352176998878e-05,0.5,100,46,1.1977769823680386e-15,22,-1.734723475976807e-18,-1.1102230246251565e-16
competing,7,0.004010737681018532,0.027986868654419798,0.011988065486700634,0.7883971563183632,0.5108599793483901,0.27753717696997304,0.14330783949225917,-2.8131044462694427e-05,8.353521769988799e-05,0.5,100,46,1.1977769823680386e-15,22,0.0,0.0
initial,8,0.008971475564142253,0.008971475564142253,0.0,0.5892131395669602,0.5892131395669602,0.0,1.0,3.4406920673861785e-08,0.00013722576309516978,0.5,100,46,1.1977769823680386e-15,22,0.0,0.0
branch1,8,0.0008528649625674695,0.008036171109831309,0.0035916530736319193,0.8833636664794243,0.6029753174181656,0.28038834906125865,0.1061282731429262,-8.149341329635178e-06,2.1060989258348454e-05,0.5,100,46,1.1977769823680386e-15,22,8.673617379884035e-19,1.1102230246251565e-16
branch2,8,0.0008528649625674223,0.008036171109831337,0.0035916530736319575,0.8833636664794312,0.6029753174181652,0.28038834906126603,0.10612827314291996,-8.149341329635345e-06,2.106098925834832e-05,0.5,100,46,1.1977769823680386e-15,22,-8.673617379884035e-19,-5.551115123125783e-17
competing,8,0.0017057299251348919,0.016072342219662646,0.007183306147263877,0.7967202689094346,0.5163319198481723,0.2803883490612623,0.10612827314292309,-8.149341329635345e-06,2.1060989258348454e-05,0.5,100,46,1.1977769823680386e-15,22,0.0,0.0
initial,9,0.005195632998451246,0.005195632998451246,0.0,0.5844374238023542,0.5844374238023542,0.0,1.0,6.159689213944968e-09,4.574192103163243e-05,0.5,100,45,1.1977769823680386e-15,22,0.0,0.0
branch1,9,0.00036269195603710045,0.004613194741911067,0.0021252513929369836,0.880217409991966,0.5976482954894715,0.2825691145024944,0.07862056044199238,-2.0543331476769945e-06,6.098680716314693e-06,0.5,100,45,1.1977769823680386e-15,22,-8.673617379884035e-19,5.551115123125783e-17
branch2,9,0.00036269195603707985,0.004613194741911079,0.0021252513929369997,0.8802174099919723,0.5976482954894712,0.282569114502501,0.0786205604419877,-2.054333147677009e-06,6.098680716314682e-06,0.5,100,45,1.1977769823680386e-15,22,0.0,1.1102230246251565e-16
competing,9,0.0007253839120741803,0.009226389483822145,0.004250502785873984,0.8032010565964196,0.5206319420939219,0.28256911450249766,0.07862056044199005,-2.054333147677009e-06,6.098680716314693e-06,0.5,100,45,1.1977769823680386e-15,22,-1.734723475976807e-18,0.0
initial,4,0.07389305826037577,0.07389305826037577,0.0,0.6512840974176114,0.6512840974176114,0.0,1.0,0.00010859266383494,0.010922472109382663,0.52,100,48,1.3284017307941624e-15,23,0.0,0.0
branch1,4,0.03148030481390248,0.07352040705032858,0.02102005111821306,0.8645982931750478,0.6525480660892199,0.21205022708582782,0.4281845827152801,-0.001172917793184911,0.003945473269281444,0.52,100,48,1.3284017307941624e-15,23,-1.3877787807814457e-17,5.551115123125783e-17
branch2,4,0.031480304813901704,0.07352040705032864,0.02102005111821346,0.8645982931750539,0.6525480660892197,0.2120502270858342,0.4281845827152692,-0.0011729177931849163,0.003945473269281434,0.52,100,48,1.3284017307941624e-15,23,1.3877787807814457e-17,0.0
competing,4,0.06296060962780418,0.14704081410065722,0.04204010223642652,0.6913114980350645,0.4792612709492335,0.21205022708583102,0.42818458271527465,-0.0011729177931849163,0.003945473269281444,0.52,100,48,1.3284017307941624e-15,23,0.0,2.7755575615628914e-17
initial,5,0.042369814734766024,0.042369814734766024,0.0,0.632263817382017,0.632263817382017,0.0,1.0,6.838984893321814e-06,0.0036408181936892076,0.52,100,47,1.3284017307941624e-15,23,0.0,0.0
branch1,5,0.014031870715516342,0.042559169789295276,0.014263649536889472,0.8532848113882391,0.6313719881938954,0.22191282319434374,0.32970264187450665,-0.0003630402691727546,0.001234594238493597,0.52,100,47,1.3284017307941624e-15,23,-1.0408340855860843e-17,-5.551115123125783e-17
branch2,5,0.014031870715515943,0.042559169789295234,0.014263649536889645,0.8532848113882447,0.6313719881938955,0.22191282319434924,0.3297026418744976,-0.00036304026917275274,0.0012345942384935917,0.52,100,47,1.3284017307941624e-15,23,0.0,0.0
competing,5,0.028063741431032286,0.08511833957859051,0.028527299073779117,0.7146553752762529,0.49274255208190637,0.2219128231943465,0.3297026418745021,-0.0003630402691727546,0.001234594238493597,0.52,100,47,1.3284017307941624e-15,23,-6.938893903907228e-18,2.7755575615628914e-17
initial,6,0.024329645160101738,0.024329645160101738,0.0,0.6193432844587506,0.6193432844587506,0.0,1.0,9.397790486413508e-07,0.0012136060580185016,0.52,100,47,1.3284017307941624e-15,23,0.0,0.0
branch1,6,0.006279258371731461,0.024680522116508494,0.009200631872388516,0.8450838998581619,0.616956820786437,0.22812707907172478,0.2544216180714971,-0.00010349301156510205,0.0003024452070450588,0.52,100,47,1.3284017307941624e-15,23,0.0,1.3877787807814457e-16
branch2,6,0.0062792583717312086,0.02468052211650848,0.009200631872388634,0.8450838998581686,0.6169568207864372,0.22812707907173135,0.254421618071487,-0.0001034930115651035,0.0003024452070450584,0.52,100,47,1.3284017307941624e-15,23,3.469446951953614e-18,0.0
competing,6,0.012558516743462669,0.049361044233016974,0.01840126374477715,0.7295593697648409,0.5014322906931129,0.22812707907172805,0.25442161807149205,-0.0001034930115651035,0.0003024452070450588,0.52,100,47,1.3284017307941624e-15,23,0.0,-2.7755575615628914e-17
initial,7,0.013966869266745733,0.013966869266745733,0.0,0.6101524621221596,0.6101524621221596,0.0,1.0,1.6338595065544781e-07,0.0004045353526896116,0.52,100,46,1.3284017307941624e-15,23,0.0,0.0
branch1,7,0.002811025775923513,0.014308993691944862,0.005748983958010674,0.8391722596337845,0.6066952871289883,0.2324769725047962,0.19645167483063175,-2.8171065781618425e-05,9.481567086800956e-05,0.52,100,46,1.3284017307941624e-15,23,0.0,-5.551115123125783e-17
branch2,7,0.002811025775923368,0.014308993691944888,0.005748983958010761,0.8391722596337919,0.6066952871289881,0.23247697250480384,0.1964516748306213,-2.817106578161847e-05,9.481567086800944e-05,0.52,100,46,1.3284017307941624e-15,23,-1.734723475976807e-18,-2.7755575615628914e-17
competing,7,0.005622051551846881,0.02861798738388975,0.011497967916021435,0.7401512338395103,0.5076742613347103,0.2324769725048,0.1964516748306265,-2.817106578161847e-05,9.481567086800956e-05,0.52,100,46,1.3284017307941624e-15,23,0.0,2.7755575615628914e-17
initial,8,0.008018116256194911,0.008018116256194911,0.0,0.6032564706832781,0.6032564706832781,0.0,1.0,8.566648534787107e-09,0.0001348451175636803,0.52,100,46,1.3284017307941624e-15,23,0.0,0.0
branch1,8,0.0012579914662521298,0.008292777706067428,0.003517393119907649,0.8347798630387825,0.5990462873600599,0.23573357567872255,0.15169723714307665,-8.421583400378314e-06,2.3175489746083546e-05,0.52,100,46,1.3284017307941624e-15,23,0.0,0.0
branch2,8,0.0012579914662520575,0.008292777706067452,0.003517393119907697,0.8347798630387896,0.5990462873600595,0.2357335756787301,0.1516972371430675,-8.421583400378511e-06,2.3175489746083495e-05,0.52,100,46,1.3284017307941624e-15,23,8.673617379884035e-19,0.0
competing,8,0.0025159829325041875,0.01658555541213488,0.007034786239815346,0.7481364654687929,0.5124028897900665,0.23573357567872633,0.1516972371430721,-8.421583400378511e-06,2.3175489746083546e-05,0.52,100,46,1.3284017307941624e-15,23,0.0,0.0
initial,9,0.00460311952203998,0.00460311952203998,0.0,0.5978912275962668,0.5978912275962668,0.0,1.0,2.3590793556075586e-09,4.494837252111082e-05,0.52,100,45,1.3284017307941624e-15,23,0.0,0.0
branch1,9,0.0005629260874754974,0.004804937222796256,0.0021210055676603792,0.8313735801989165,0.5931234779577771,0.2382501022411394,0.1171557632022297,-2.1752646819110088e-06,7.265327645826074e-06,0.52,100,45,1.3284017307941624e-15,23,0.0,0.0
branch2,9,0.000562926087475462,0.0048049372227962645,0.002121005567660401,0.8313735801989234,0.5931234779577769,0.23825010224114662,0.11715576320222214,-2.175264681911041e-06,7.265327645826074e-06,0.52,100,45,1.3284017307941624e-15,23,8.673617379884035e-19,-1.1102230246251565e-16
competing,9,0.0011258521749509594,0.00960987444559252,0.00424201113532078,0.7543572268033705,0.5161071245622275,0.238250102241143,0.11715576320222593,-2.175264681911041e-06,7.265327645826074e-06,0.52,100,45,1.3284017307941624e-15,23,0.0,-5.551115123125783e-17
initial,4,0.06859307955051488,0.06859307955051488,0.0,0.6698909076317441,0.6698909076317441,0.0,1.0,3.431457285025136e-05,0.010718275377208708,0.54,100,48,1.5383083756318192e-15,25,0.0,0.0
branch1,4,0.037200862055032924,0.07245819786000521,0.017628667902486145,0.822855836112287,0.6561863661624252,0.16666946994986168,0.5134113620505417,-0.0010521664679322004,0.004106684769193736,0.54,100,48,1.5383083756318192e-15,25,-6.938893903907228e-18,8.326672684688674e-17
branch2,4,0.03720086205503195,0.07245819786000506,0.017628667902486562,0.8228558361122934,0.6561863661624258,0.16666946994986767,0.5134113620505294,-0.0010521664679322112,0.00410668476919372,0.54,100,48,1.5383083756318192e-15,25,-2.0816681711721685e-17,-2.7755575615628914e-17
competing,4,0.07440172411006488,0.14491639572001025,0.03525733580497271,0.6495690409723038,0.4828995710224392,0.16666946994986462,0.5134113620505356,-0.0010521664679322112,0.004106684769193736,0.54,100,48,1.5383083756318192e-15,25,-4.163336342344337e-17,2.7755575615628914e-17
initial,5,0.03890944269607846,0.03890944269607846,0.0,0.649303662997046,0.649303662997046,0.0,1.0,2.5347103446915472e-06,0.003572747186712064,0.54,100,47,1.5383083756318192e-15,25,0.0,0.0
branch1,5,0.017361318940984586,0.04271036557114463,0.012674523315080025,0.810702119354557,0.6306627269569623,0.1800393923975947,0.4064895888578859,-0.00032819315872089125,0.0013044419461932357,0.54,100,47,1.5383083756318192e-15,25,-3.469446951953614e-18,0.0
branch2,5,0.017361318940984027,0.04271036557114455,0.012674523315080264,0.8107021193545634,0.6306627269569628,0.18003939239760075,0.4064895888578736,-0.0003281931587208957,0.0013044419461932283,0.54,100,47,1.5383083756318192e-15,25,-6.938893903907228e-18,-1.6653345369377348e-16
competing,5,0.03472263788196861,0.08542073114228918,0.02534904663016029,0.6720726832425712,0.4920332908449735,0.18003939239759775,0.4064895888578797,-0.0003281931587208957,0.0013044419461932357,0.54,100,47,1.5383083756318192e-15,25,-6.938893903907228e-18,-5.551115123125783e-17
initial,6,0.022182300916823904,0.022182925953799677,3.1251848788716835e-07,0.6347434273467346,0.6347387311990239,4.696147710747701e-06,0.9999718235107002,-7.812962197292008e-08,0.0011909157123479789,0.54,100,47,1.5383083756318192e-15,25,-5.738648217647885e-19,-4.4442971709485884e-17
branch1,6,0.008137741369281373,0.024934192917975002,0.008398225774346813,0.8018737684219528,0.6152525346573704,0.18662123376458242,0.3263687497747278,-9.588361982892678e-05,0.0003274480488198852,0.54,100,47,1.5383083756318192e-15,25,3.469446951953614e-18,-2.7755575615628914e-17
branch2,6,0.00813774136928102,0.02493419291797498,0.008398225774346981,0.80187376842196,0.6152525346573705,0.1866212337645895,0.32636874977471386,-9.588361982892829e-05,0.00032744804881988383,0.54,100,47,1.5383083756318192e-15,25,0.0,0.0
competing,6,0.016275482738562393,0.049868385835949984,0.016796451548693796,0.6863492383286323,0.49972800456404626,0.18662123376458595,0.3263687497747208,-9.588361982892829e-05,0.0003274480488198852,0.54,100,47,1.5383083756318192e-15,25,0.0,5.551115123125783e-17
initial,7,0.01262472973742765,0.012625280896542782,2.755795575668613e-07,0.6245853872837527,0.6245791506910161,6.236592736647725e-06,0.9999563448037593,-1.1457190560869278e-07,0.00039697190415550554,0.54,100,46,1.5383083756318192e-15,25,-1.5177771623612994e-18,-7.288294994649627e-17
branch1,7,0.0038164239552041777,0.014593801051426169,0.005388688548110996,0.7954916331707159,0.6038797751355078,0.191611858035208,0.26150993437252734,-2.8061117936665104e-05,0.00010442001605109862,0.54,100,46,1.5383083756318192e-15,25,0.0,8.326672684688674e-17
branch2,7,0.003816423955203976,0.014593801051426176,0.005388688548111099,0.7954916331707234,0.6038797751355078,0.19161185803521566,0.2615099343725134,-2.8061117936665504e-05,0.00010442001605109831,0.54,100,46,1.5383083756318192e-15,25,1.734723475976807e-18,-1.3877787807814457e-16
competing,7,0.007632847910408153,0.029187602102852345,0.010777377096222094,0.6964706073764418,0.5048587493412299,0.19161185803521183,0.26150993437252035,-2.8061117936665504e-05,0.00010442001605109862,0.54,100,46,1.5383083756318192e-15,25,3.469446951953614e-18,1.3877787807814457e-16
initial,8,0.007189396675624107,0.00719003076931335,3.170468446214347e-07,0.6168935027957559,0.6168824784748628,1.1024320893195137e-05,0.9999118093218808,-3.0404940890581526e-08,0.0001323239680524333,0.54,100,46,1.5383083756318192e-15,25,3.508833984000939e-19,-2.3623748898922436e-17
branch1,8,0.0017891464762599064,0.00853971112920224,0.0033752823264711664,0.7907520752192009,0.5953785121717631,0.19537356304743783,0.20950901607687572,-8.259889025034818e-06,2.6118306639684655e-05,0.54,100,46,1.5383083756318192e-15,25,0.0,-2.7755575615628914e-17
branch2,8,0.0017891464762598034,0.008539711129202245,0.0033752823264712214,0.7907520752192081,0.595378512171763,0.1953735630474451,0.20950901607686354,-8.259889025035e-06,2.611830663968458e-05,0.54,100,46,1.5383083756318192e-15,25,-1.734723475976807e-18,2.7755575615628914e-17
competing,8,0.00357829295251971,0.017079422258404482,0.006750564652942388,0.7041086776492114,0.5087351146017699,0.19537356304744147,0.20950901607686964,-8.259889025035e-06,2.6118306639684655e-05,0.54,100,46,1.5383083756318192e-15,25,-3.469446951953614e-18,0.0
initial,9,0.00409332258388494,0.004093773689976256,2.2555304565826018e-07,0.6109331412246044,0.6109208968592252,1.2244365379181546e-05,0.999889806783306,-2.559230132841721e-08,4.4107989350664595e-05,0.54,100,45,1.5383083756318192e-15,25,-8.29509953157977e-19,-1.5590488427162652e-17
branch1,9,0.0008386532509447729,0.004999479701289836,0.002080413225172532,0.7870792472698603,0.5887134924116288,0.19836575485823138,0.16774810601359283,-2.261561841047548e-06,8.329810166673614e-06,0.54,100,45,1.5383083756318192e-15,25,0.0,1.1102230246251565e-16
branch2,9,0.0008386532509447177,0.004999479701289837,0.0020804132251725596,0.7870792472698676,0.5887134924116288,0.19836575485823874,0.16774810601358175,-2.2615618410475995e-06,8.329810166673602e-06,0.54,100,45,1.5383083756318192e-15,25,8.673617379884035e-19,-2.7755575615628914e-17
competing,9,0.0016773065018894904,0.009998959402579673,0.004160826450345091,0.7100628938743144,0.5116971390160794,0.19836575485823504,0.1677481060135873,-2.2615618410475995e-06,8.329810166673614e-06,0.54,100,45,1.5383083756318192e-15,25,0.0,0.0
initial,4,0.06371025547958735,0.06393612387795908,0.00011293419918586126,0.6883524332056846,0.6874676896068211,0.0008847435988635677,0.9964672803937432,-2.8233549796481297e-05,0.010504612625367792,0.56,100,48,1.7444629597026744e-15,27,6.044427111606687e-18,-8.771195575407731e-17
branch1,4,0.04319935271880328,0.07227787689432852,0.014539262087762623,0.7854824418013399,0.6568092967596486,0.12867314504169128,0.5976843063882669,-0.0008991950294717804,0.004219402330748463,0.56,100,48,1.7444629597026744e-15,27,-3.469446951953614e-18,-2.7755575615628914e-17
branch2,4,0.04319935271880223,0.07227787689432828,0.014539262087763023,0.7854824418013459,0.6568092967596494,0.12867314504169652,0.5976843063882543,-0.0008991950294717883,0.0042194023307484535,0.56,100,48,1.7444629597026744e-15,27,6.938893903907228e-18,-5.551115123125783e-17
competing,4,0.0863987054376055,0.14455575378865682,0.029078524175525644,0.6121956466613565,0.48352250161966265,0.12867314504169391,0.5976843063882604,-0.0008991950294717883,0.004219402330748463,0.56,100,48,1.7444629597026744e-15,27,2.7755575615628914e-17,-5.551115123125783e-17
initial,5,0.03570341461326147,0.03591511354521312,0.00010584946597582472,0.6665017894680348,0.6653194163924046,0.001182373075630252,0.9941055753120439,-1.8412904115175914e-05,0.0035015165891047148,0.56,100,47,1.7444629597026744e-15,27,1.5720931501039814e-18,4.206704429243757e-17
branch1,5,0.021018659746256923,0.04279105661598043,0.010886198434861752,0.7724689352896614,0.6302852311599223,0.14218370412973907,0.4911928194455346,-0.00029660249747873424,0.0013483661819745961,0.56,100,47,1.7444629597026744e-15,27,0.0,5.551115123125783e-17
branch2,5,0.02101865974625631,0.04279105661598033,0.010886198434862009,0.7724689352896672,0.6302852311599227,0.1421837041297445,0.49119281944552134,-0.00029660249747873836,0.001348366181974589,0.56,100,47,1.7444629597026744e-15,27,3.469446951953614e-18,-2.7755575615628914e-17
competing,5,0.04203731949251323,0.08558211323196076,0.02177239686972376,0.6338394991776752,0.49165579504793344,0.14218370412974177,0.49119281944552795,-0.00029660249747873836,0.0013483661819745961,0.56,100,47,1.7444629597026744e-15,27,6.938893903907228e-18,2.7755575615628914e-17
initial,6,0.020226391115055302,0.02034665738825727,6.013313660098439e-05,0.6501278394078649,0.6491397727817231,0.0009880666261418004,0.9940891385298807,-6.772009612098657e-06,0.0011671721567551596,0.56,100,47,1.7444629597026744e-15,27,2.710505431213761e-20,1.431146867680866e-17
branch1,6,0.01027509395949279,0.02513457280338315,0.0074297394219451805,0.7630053956942442,0.6139184963446407,0.1490868993496035,0.4088032066377411,-8.537174994297986e-05,0.00034703499027000453,0.56,100,47,1.7444629597026744e-15,27,-1.734723475976807e-18,0.0
branch2,6,0.010275093959492396,0.02513457280338308,0.007429739421945343,0.7630053956942505,0.6139184963446412,0.14908689934960942,0.40880320663772657,-8.537174994298261e-05,0.00034703499027000345,0.56,100,47,1.7444629597026744e-15,27,-1.734723475976807e-18,-1.3877787807814457e-16
competing,6,0.020550187918985184,0.05026914560676623,0.014859478843890522,0.6474808656009232,0.49839396625131677,0.1490868993496065,0.40880320663773384,-8.537174994298261e-05,0.00034703499027000453,0.56,100,47,1.7444629597026744e-15,27,0.0,-5.551115123125783e-17
initial,7,0.011409028335810357,0.011492078434628308,4.152504940897572e-05,0.6390500396763364,0.6380139018197133,0.00103613785662317,0.9927732742784193,-2.2664112866262564e-06,0.0003890573856737773,0.56,100,46,1.7444629597026744e-15,27,9.486769009248164e-20,-1.6263032587282567e-17
branch1,7,0.005026662575375358,0.014880104617210618,0.004926721020917629,0.7561427169983054,0.6011043169821981,0.1550384000161072,0.3378109700627657,-2.6900736796511108e-05,0.00011165608515358108,0.56,100,46,1.7444629597026744e-15,27,1.734723475976807e-18,5.551115123125783e-17
branch2,7,0.0050266625753751255,0.014880104617210604,0.004926721020917738,0.7561427169983119,0.6011043169821982,0.15503840001611366,0.3378109700627504,-2.6900736796511643e-05,0.00011165608515358074,0.56,100,46,1.7444629597026744e-15,27,1.734723475976807e-18,2.7755575615628914e-17
competing,7,0.010053325150750483,0.02976020923442122,0.009853442041835367,0.6571216912040307,0.5020832911879203,0.15503840001611044,0.33781097006275806,-2.6900736796511643e-05,0.00011165608515358108,0.56,100,46,1.7444629597026744e-15,27,3.469446951953614e-18,2.7755575615628914e-17
initial,8,0.006446849615677221,0.006495633888705506,2.4392136514142533e-05,0.6305204623967516,0.6295781296510402,0.0009423327457114682,0.9924896824753148,-7.554996369768641e-07,0.00012968579522545484,0.56,100,46,1.7444629597026744e-15,27,-5.55653613398821e-19,-4.098284211995207e-17
branch1,8,0.0024580578327753747,0.00878313736847991,0.003162539767852267,0.7510479674660038,0.5918652004875967,0.159182766978407,0.2798610256964236,-7.664474313792247e-06,2.8585143976231113e-05,0.56,100,46,1.7444629597026744e-15,27,1.734723475976807e-18,5.551115123125783e-17
branch2,8,0.0024580578327752503,0.008783137368479906,0.0031625397678523275,0.7510479674660101,0.5918652004875968,0.15918276697841327,0.2798610256964096,-7.664474313792398e-06,2.858514397623107e-05,0.56,100,46,1.7444629597026744e-15,27,8.673617379884035e-19,0.0
competing,8,0.0049161156655506254,0.017566274736959816,0.006325079535704594,0.6644045698960137,0.5052218029176035,0.15918276697841013,0.27986102569641663,-7.664474313792398e-06,2.8585143976231113e-05,0.56,100,46,1.7444629597026744e-15,27,1.734723475976807e-18,2.7755575615628914e-17
initial,9,0.003640287095121029,0.003670308989454374,1.5010947166672436e-05,0.623965858684194,0.6230532696830997,0.0009125890010942721,0.9918203359936166,-2.518331582127281e-07,4.3228598408306204e-05,0.56,100,45,1.7444629597026744e-15,27,2.236166980751353e-19,-1.713039432527097e-17
branch1,9,0.0012018081590720216,0.005190580545126082,0.00199438619302703,0.7471031174493746,0.5845455255171365,0.16255759193223815,0.23153636642832004,-2.2504935437233677e-06,9.200460122880708e-06,0.56,100,45,1.7444629597026744e-15,27,0.0,2.7755575615628914e-17
branch2,9,0.0012018081590719504,0.00519058054512607,0.00199438619302706,0.7471031174493813,0.5845455255171368,0.16255759193224448,0.23153636642830683,-2.250493543723413e-06,9.200460122880693e-06,0.56,100,45,1.7444629597026744e-15,27,0.0,2.7755575615628914e-17
competing,9,0.002403616318143972,0.010381161090252153,0.0039887723860540895,0.6700867640538285,0.5075291721215872,0.16255759193224134,0.2315363664283134,-2.250493543723413e-06,9.200460122880708e-06,0.56,100,45,1.7444629597026744e-15,27,1.734723475976807e-18,-5.551115123125783e-17
initial,4,0.05913137516836347,0.0598310435670474,0.00034983419934197244,0.7069984031812581,0.7040576573821524,0.002940745799105682,0.9883059302166463,-8.437001236266027e-05,0.010283564938342007,0.58,100,48,1.873022917934512e-15,28,-1.1275702593849246e-17,-4.466912950640278e-17
branch1,4,0.049341286585901936,0.07241881167509852,0.011538762544598295,0.7522485230751781,0.656322295893455,0.09592622718172303,0.6813324527785385,-0.0007315547142906771,0.00428391772844255,0.58,100,48,1.873022917934512e-15,28,-6.938893903907228e-18,2.7755575615628914e-17
branch2,4,0.04934128658590064,0.07241881167509803,0.011538762544598694,0.7522485230751846,0.6563222958934567,0.09592622718172794,0.6813324527785252,-0.0007315547142906792,0.004283917728442536,0.58,100,48,1.873022917934512e-15,28,6.938893903907228e-18,0.0
competing,4,0.09868257317180257,0.14483762335019656,0.023077525089196988,0.578961727935195,0.4830355007534695,0.09592622718172553,0.6813324527785317,-0.0007315547142906792,0.00428391772844255,0.58,100,48,1.873022917934512e-15,28,2.0816681711721685e-17,-8.326672684688674e-17
initial,5,0.03267866292956969,0.03357303705108022,0.00044718706075526696,0.6842065847710384,0.6788064005762411,0.005400184194797201,0.9733603450843671,-3.6956720757931376e-05,0.00342781737561443,0.58,100,47,1.873022917934512e-15,28,2.168404344971009e-19,6.331740687315346e-17
branch1,5,0.02492752017642076,0.04280846654162554,0.008940473182602385,0.7383565715715102,0.6302038759128697,0.10815269565864054,0.5823035065314023,-0.00025633142004635414,0.0013638943038847425,0.58,100,47,1.873022917934512e-15,28,6.938893903907228e-18,-4.163336342344337e-17
branch2,5,0.024927520176420026,0.04280846654162535,0.008940473182602665,0.7383565715715161,0.6302038759128706,0.10815269565864556,0.5823035065313876,-0.0002563314200463571,0.0013638943038847347,0.58,100,47,1.873022917934512e-15,28,-3.469446951953614e-18,-6.938893903907228e-17
competing,5,0.04985504035284079,0.08561693308325088,0.01788094636520505,0.5997271354595242,0.4915744398008811,0.10815269565864302,0.582303506531395,-0.0002563314200463571,0.0013638943038847425,0.58,100,47,1.873022917934512e-15,28,0.0,2.7755575615628914e-17
initial,6,0.01840711118879002,0.019014689013365012,0.0003037889122874956,0.6658363685631361,0.6604239154235996,0.005412453139536572,0.9680469228737877,-1.3118979871630002e-05,0.0011426057018953317,0.58,100,47,1.873022917934512e-15,28,1.951563910473908e-18,-3.903127820947816e-17
branch1,6,0.012657295261686578,0.025383973886013392,0.006363339312163407,0.7282535882513114,0.6122728755765862,0.11598071267472522,0.49863332347110423,-7.938405734426064e-05,0.00036046445725472915,0.58,100,47,1.873022917934512e-15,28,0.0,-1.3877787807814457e-17
branch2,6,0.012657295261686102,0.02538397388601328,0.0063633393121635875,0.7282535882513176,0.6122728755765869,0.11598071267473072,0.4986333234710877,-7.938405734426331e-05,0.0003604644572547278,0.58,100,47,1.873022917934512e-15,28,3.469446951953614e-18,-6.938893903907228e-17
competing,6,0.02531459052337268,0.05076794777202667,0.012726678624326995,0.6127290581579903,0.49674834548326235,0.11598071267472797,0.49863332347109596,-7.938405734426331e-05,0.00036046445725472915,0.58,100,47,1.873022917934512e-15,28,3.469446951953614e-18,-4.163336342344337e-17
initial,7,0.010282956043314214,0.010709356114250484,0.00021320003546813494,0.6538953582055625,0.6480910737687244,0.005804284436838141,0.9601843410203834,-6.48286515725515e-06,0.0003808685674810214,0.58,100,46,1.873022917934512e-15,28,-4.87890977618477e-19,-2.688821387764051e-17
branch1,7,0.006432969685915014,0.015125390536352508,0.004346210425218746,0.720902714120353,0.5987686364018983,0.12213407771845486,0.4253093280767828,-2.4677383993797372e-05,0.00011598297038324723,0.58,100,46,1.873022917934512e-15,28,1.734723475976807e-18,-1.1102230246251565e-16
branch2,7,0.006432969685914723,0.015125390536352468,0.004346210425218874,0.7209027141203596,0.5987686364018987,0.12213407771846096,0.42530932807676464,-2.4677383993798013e-05,0.00011598297038324689,0.58,100,46,1.873022917934512e-15,28,-1.734723475976807e-18,-1.1102230246251565e-16
competing,7,0.012865939371829737,0.03025078107270498,0.008692420850437619,0.6218816883260784,0.4997476106076205,0.1221340777184579,0.4253093280767737,-2.4677383993798013e-05,0.00011598297038324723,0.58,100,46,1.873022917934512e-15,28,3.469446951953614e-18,-4.163336342344337e-17
initial,8,0.0057655545850576854,0.006027892195685364,0.00013116880531383876,0.6444817414081979,0.6389197352881565,0.00556200612004146,0.9564793791741243,-2.220328449924178e-06,0.00012695618916175962,0.58,100,46,1.873022917934512e-15,28,7.589415207398531e-19,-3.0357660829594124e-17
branch1,8,0.003268028079575979,0.009003950938637803,0.002867961429530912,0.7154460637174729,0.5887614755991569,0.12668458811831587,0.36295489633913924,-6.6963676772997306e-06,3.042465675699871e-05,0.58,100,46,1.873022917934512e-15,28,0.0,8.326672684688674e-17
branch2,8,0.0032680280795758174,0.00900395093863779,0.0028679614295309855,0.715446063717479,0.5887614755991571,0.1266845881183219,0.3629548963391218,-6.6963676772998856e-06,3.0424656756998722e-05,0.58,100,46,1.873022917934512e-15,28,8.673617379884035e-19,-5.551115123125783e-17
competing,8,0.006536056159151796,0.018007901877275592,0.005735922859061897,0.6288026661474828,0.5021180780291639,0.1266845881183189,0.3629548963391305,-6.6963676772998856e-06,3.0424656756998722e-05,0.58,100,46,1.873022917934512e-15,28,1.734723475976807e-18,5.551115123125783e-17
initial,9,0.003227563374049382,0.003394904842706941,8.367073432877985e-05,0.637336422198851,0.6317199496691153,0.005616472529735819,0.9507080532707571,-7.593514084566209e-07,4.2318729720367747e-05,0.58,100,45,1.873022917934512e-15,28,-6.505213034913027e-19,-8.066464163292153e-17
branch1,9,0.0016598582653947354,0.0053611353310348605,0.0018506385328200627,0.711224784727921,0.5809532789819536,0.13027150574596744,0.3096094694319781,-2.1324355547398296e-06,9.79735252624529e-06,0.58,100,45,1.873022917934512e-15,28,-4.336808689942018e-19,-8.326672684688674e-17
branch2,9,0.0016598582653946422,0.005361135331034845,0.0018506385328201013,0.7112247847279272,0.5809532789819538,0.13027150574597332,0.3096094694319616,-2.1324355547398775e-06,9.79735252624529e-06,0.58,100,45,1.873022917934512e-15,28,0.0,2.7755575615628914e-17
competing,9,0.0033197165307893776,0.010722270662069705,0.003701277065640164,0.6342084313323746,0.5039369255864042,0.13027150574597035,0.3096094694319699,-2.1324355547398775e-06,9.79735252624529e-06,0.58,100,45,1.873022917934512e-15,28,-8.673617379884035e-19,0.0
initial,4,0.05477467216620245,0.05788601786674121,0.0015556728502693809,0.7261318446543786,0.712319852796767,0.013811991857611611,0.9462504795596519,-0.00017261041613861704,0.01005731266354991,0.6,100,48,2.0524898630455703e-15,29,-1.3010426069826053e-18,5.204170427930421e-18
branch1,4,0.05548047497804387,0.07294509691494261,0.008732310968449362,0.7229310305810166,0.6545120544640513,0.06841897611696532,0.7605785354255776,-0.0006598834764754991,0.004302129738289739,0.6,100,48,2.0524898630455703e-15,29,1.3877787807814457e-17,2.7755575615628914e-17
branch2,4,0.0554804749780424,0.07294509691494198,0.00873231096844979,0.7229310305810233,0.6545120544640534,0.06841897611696984,0.760578535425564,-0.0006598834764755048,0.004302129738289724,0.6,100,48,2.0524898630455703e-15,29,6.938893903907228e-18,5.551115123125783e-17
competing,4,0.11096094995608627,0.1458901938298846,0.01746462193689915,0.5496442354410336,0.481225259324066,0.06841897611696761,0.7605785354255707,-0.0006598834764755048,0.004302129738289739,0.6,100,48,2.0524898630455703e-15,29,3.469446951953614e-17,-4.163336342344337e-17
initial,5,0.029796170029237998,0.03338218615513602,0.0017930080629490147,0.7026750832478592,0.6799465739858175,0.022728509262041667,0.8925769537910776,-8.701140434229838e-05,0.003352372266665122,0.6,100,47,2.0524898630455703e-15,29,-3.903127820947816e-18,6.245004513516506e-17
branch1,5,0.028992666861466235,0.04289529908166492,0.0069513161100993445,0.7081424695635733,0.6297986075136598,0.07834386204991346,0.6758938038004916,-0.00020910207209544113,0.0013501814074214453,0.6,100,47,2.0524898630455703e-15,29,-1.734723475976807e-18,4.163336342344337e-17
branch2,5,0.02899266686146538,0.042895299081664694,0.006951316110099657,0.7081424695635792,0.6297986075136609,0.07834386204991829,0.6758938038004751,-0.0002091020720954444,0.0013501814074214392,0.6,100,47,2.0524898630455703e-15,29,1.734723475976807e-18,-1.3877787807814457e-17
competing,5,0.05798533372293162,0.08579059816332962,0.013902632220199001,0.5695130334515872,0.49116917140167127,0.07834386204991589,0.6758938038004834,-0.0002091020720954444,0.0013501814074214453,0.6,100,47,2.0524898630455703e-15,29,3.469446951953614e-18,5.551115123125783e-17
initial,6,0.01668880701074277,0.01893203271737962,0.0011216128533184234,0.6821695038579324,0.6611499897978858,0.02101951406004675,0.8815116295157485,-3.60640781466391e-05,0.001117457227354107,0.6,100,47,2.0524898630455703e-15,29,8.673617379884035e-19,-9.71445146547012e-17
branch1,6,0.015231412376214467,0.02570415831626129,0.00523637297002341,0.6973992299865849,0.610183749663395,0.08721548032318992,0.592566081674753,-7.136450638104986e-05,0.0003673398875055543,0.6,100,47,2.0524898630455703e-15,29,1.734723475976807e-18,1.3877787807814457e-17
branch2,6,0.015231412376213931,0.025704158316261126,0.005236372970023598,0.6973992299865909,0.6101837496633961,0.08721548032319472,0.5925660816747359,-7.136450638105241e-05,0.0003673398875055532,0.6,100,47,2.0524898630455703e-15,29,-1.734723475976807e-18,9.71445146547012e-17
competing,6,0.030462824752428397,0.05140831663252242,0.010472745940047008,0.5818746998932637,0.49465921957007136,0.08721548032319233,0.5925660816747443,-7.136450638105241e-05,0.0003673398875055543,0.6,100,47,2.0524898630455703e-15,29,6.938893903907228e-18,-1.3877787807814457e-17
initial,7,0.009225451209444634,0.010802337477565389,0.0007884431340603768,0.6693984540941093,0.646856105023189,0.022542349070920294,0.854023606335603,-1.5208954384296733e-05,0.0003724857427968491,0.6,100,46,2.0524898630455703e-15,29,6.505213034913027e-19,-6.245004513516506e-17
branch1,7,0.008011432302173126,0.015401494667686245,0.0036950311827565587,0.6895551028047727,0.5961843882755647,0.09337071452920798,0.5201723907343778,-2.148004573455924e-05,0.00011707121103167594,0.6,100,46,2.0524898630455703e-15,29,1.734723475976807e-18,0.0
branch2,7,0.008011432302172777,0.015401494667686182,0.0036950311827567022,0.6895551028047789,0.5961843882755653,0.09337071452921361,0.5201723907343573,-2.1480045734559915e-05,0.00011707121103167544,0.6,100,46,2.0524898630455703e-15,29,8.673617379884035e-19,2.7755575615628914e-17
competing,7,0.016022864604345904,0.030802989335372427,0.007390062365513261,0.590534077010498,0.4971633624812871,0.09337071452921078,0.5201723907343676,-2.1480045734559915e-05,0.00011707121103167594,0.6,100,46,2.0524898630455703e-15,29,0.0,8.326672684688674e-17
initial,8,0.005130488170334601,0.0061188301352988386,0.0004941709824821184,0.6590693080521997,0.6370480443866451,0.022021263665554475,0.8384753387314016,-5.1494340136786435e-06,0.00012416191426837167,0.6,100,46,2.0524898630455703e-15,29,4.336808689942018e-19,9.367506770274758e-17
branch1,8,0.004211865386497671,0.009229376524398073,0.002508755568950201,0.6837312055927619,0.5856704726960222,0.09806073289673971,0.4563542700163447,-6.03349439335543e-06,3.1529677976860975e-05,0.6,100,46,2.0524898630455703e-15,29,0.0,-4.163336342344337e-17
branch2,8,0.0042118653864974594,0.009229376524398038,0.0025087555689502898,0.6837312055927681,0.5856704726960227,0.09806073289674551,0.4563542700163235,-6.033494393355612e-06,3.1529677976860995e-05,0.6,100,46,2.0524898630455703e-15,29,-8.673617379884035e-19,-6.938893903907228e-17
competing,8,0.00842373077299513,0.01845875304879611,0.00501751113790049,0.5970878080227718,0.4990270751260293,0.0980607328967426,0.4563542700163341,-6.033494393355612e-06,3.1529677976860995e-05,0.6,100,46,2.0524898630455703e-15,29,0.0,-4.163336342344337e-17
initial,9,0.0028457003515706377,0.0034748041174681096,0.000314551882948736,0.6513273413810454,0.6291352411809004,0.022192100200145105,0.8189527395990702,-1.742220634525135e-06,4.138730475584646e-05,0.6,100,45,2.0524898630455703e-15,29,0.0,-4.5102810375396984e-17
branch1,9,0.0022137411580871935,0.005533893709009875,0.0016600762754613403,0.6792301514403812,0.5774292894114285,0.10180086202895282,0.4000331908223941,-1.911491169403609e-06,1.0063609776004624e-05,0.6,100,45,2.0524898630455703e-15,29,8.673617379884035e-19,-4.163336342344337e-17
branch2,9,0.002213741158087067,0.005533893709009851,0.0016600762754613919,0.6792301514403876,0.577429289411429,0.10180086202895867,0.400033190822373,-1.911491169403658e-06,1.0063609776004636e-05,0.6,100,45,2.0524898630455703e-15,29,0.0,-1.249000902703301e-16
competing,9,0.00442748231617426,0.011067787418019726,0.003320152550922732,0.602213798044835,0.5004129360158792,0.10180086202895575,0.40003319082238353,-1.911491169403658e-06,1.0063609776004636e-05,0.6,100,45,2.0524898630455703e-15,29,8.673617379884035e-19,2.7755575615628914e-17
initial,4,0.05058577009908758,0.05816431347809462,0.003789271689503526,0.7460212413944014,0.7111208206975297,0.03490042069687169,0.8697045847216746,-0.0003649195489004395,0.009828061258844265,0.62,100,48,2.2638605290829866e-15,31,-1.1275702593849246e-17,2.7755575615628914e-17
branch1,4,0.0614679832259966,0.07338781010899757,0.005959913441500492,0.6973097094197757,0.6529993579907282,0.04431035142904748,0.8375775641036662,-0.0005591223479203012,0.004277146120309095,0.62,100,48,2.2638605290829866e-15,31,-1.214306433183765e-17,6.938893903907228e-18
branch2,4,0.06146798322599511,0.07338781010899688,0.005959913441500883,0.6973097094197818,0.6529993579907305,0.0443103514290512,0.8375775641036538,-0.000559122347920298,0.004277146120309088,0.62,100,48,2.2638605290829866e-15,31,5.204170427930421e-18,6.245004513516506e-17
competing,4,0.1229359664519917,0.14677562021799445,0.011919826883001375,0.5240229142797924,0.47971256285074304,0.04431035142904934,0.83757756410366,-0.0005591223479203012,0.004277146120309095,0.62,100,48,2.2638605290829866e-15,31,0.0,3.469446951953614e-17
initial,5,0.02704445623084123,0.03452360355781713,0.003739573663487951,0.7220546479898405,0.673222405556037,0.048832242433803505,0.78336133670257,-0.00015559828906910463,0.003275910569974419,0.62,100,47,2.2638605290829866e-15,31,8.673617379884035e-19,6.938893903907228e-17
branch1,5,0.03310629551562157,0.043509406724975844,0.005201555604677137,0.6816063635675348,0.626955623542849,0.05465074002468577,0.7608997227860947,-0.00015698841814938008,0.0013080718291244534,0.62,100,47,2.2638605290829866e-15,31,1.734723475976807e-18,6.938893903907228e-17
branch2,5,0.03310629551562072,0.043509406724975414,0.005201555604677348,0.6816063635675399,0.6269556235428511,0.054650740024688914,0.7608997227860829,-0.00015698841814938317,0.0013080718291244501,0.62,100,47,2.2638605290829866e-15,31,-3.469446951953614e-18,-7.632783294297951e-17
competing,5,0.06621259103124229,0.08701881344995126,0.010403111209354485,0.5429769274555483,0.488326187430861,0.054650740024687325,0.7608997227860889,-0.00015698841814938317,0.0013080718291244534,0.62,100,47,2.2638605290829866e-15,31,0.0,-4.163336342344337e-17
initial,6,0.015050189624117334,0.019750203152624983,0.0023500067642538247,0.6993941147095836,0.6540985835798415,0.0452955311297421,0.7620270793071324,-5.815678851519662e-05,0.0010919697861319425,0.62,100,47,2.2638605290829866e-15,31,-8.673617379884035e-19,-4.85722573273506e-17
branch1,6,0.017928716457721344,0.026156580114953372,0.004113931828616014,0.670225263370506,0.6072757484149506,0.06294951495555533,0.6854380954592658,-6.159131355129311e-05,0.0003676022928840585,0.62,100,47,2.2638605290829866e-15,31,0.0,1.249000902703301e-16
branch2,6,0.017928716457720824,0.026156580114953212,0.0041139318286161925,0.6702252633705107,0.6072757484149517,0.06294951495555916,0.6854380954592502,-6.159131355129575e-05,0.0003676022928840579,0.62,100,47,2.2638605290829866e-15,31,3.469446951953614e-18,-1.5265566588595902e-16
competing,6,0.03585743291544217,0.052313160229906584,0.008227863657232206,0.5547007332771842,0.4917512183216269,0.06294951495555724,0.685438095459258,-6.159131355129575e-05,0.0003676022928840585,0.62,100,47,2.2638605290829866e-15,31,3.469446951953614e-18,4.163336342344337e-17
initial,7,0.008227538232778085,0.011380315685356659,0.0015763887262892876,0.6857526328868494,0.6394100157576356,0.04634261712921382,0.7229622147797418,-2.3079198547613467e-05,0.0003639899293022016,0.62,100,46,2.2638605290829866e-15,31,-8.673617379884035e-19,1.3877787807814457e-17
branch1,7,0.009723603495915428,0.015746000577992143,0.0030111985410383566,0.6618855713115338,0.5930241253589467,0.06886144595258724,0.6175284604971948,-1.7467268880122554e-05,0.00011483824962360853,0.62,100,46,2.2638605290829866e-15,31,2.6020852139652106e-18,-9.71445146547012e-17
branch2,7,0.009723603495915053,0.015746000577992036,0.0030111985410384914,0.6618855713115394,0.5930241253589476,0.06886144595259178,0.6175284604971752,-1.746726888012294e-05,0.00011483824962360765,0.62,100,46,2.2638605290829866e-15,31,0.0,2.7755575615628914e-17
competing,7,0.01944720699183048,0.031492001155984176,0.006022397082076848,0.5628645455172586,0.49400309956466915,0.0688614459525895,0.617528460497185,-1.746726888012294e-05,0.00011483824962360853,0.62,100,46,2.2638605290829866e-15,31,0.0,-2.7755575615628914e-17
initial,8,0.004533732416182199,0.006551411732910239,0.0010088396583640196,0.6745262182251935,0.628509340102073,0.046016878123120504,0.6920237348856481,-7.801297051682223e-06,0.00012132997643996334,0.62,100,46,2.2638605290829866e-15,31,0.0,-6.938893903907228e-18
branch1,8,0.0052710609258852245,0.00949469271055906,0.0021118158923369174,0.6556904528100166,0.5821277873164803,0.0735626654935363,0.5551586645898788,-5.502598266363177e-06,3.184486998529901e-05,0.62,100,46,2.2638605290829866e-15,31,8.673617379884035e-19,0.0
branch2,8,0.005271060925885017,0.009494692710559006,0.002111815892336994,0.6556904528100215,0.582127787316481,0.0735626654935405,0.5551586645898601,-5.502598266363232e-06,3.1844869985299034e-05,0.62,100,46,2.2638605290829866e-15,31,8.673617379884035e-19,1.3877787807814457e-17
competing,8,0.010542121851770243,0.01898938542111807,0.004223631784673911,0.5690470552400259,0.49548438974648745,0.07356266549353839,0.5551586645898694,-5.502598266363232e-06,3.1844869985299034e-05,0.62,100,46,2.2638605290829866e-15,31,3.469446951953614e-18,1.3877787807814457e-17
initial,9,0.002490307419277207,0.003773511870854952,0.0006416022257888726,0.6661499016187956,0.6199721311552173,0.046177770463578335,0.6599442388167143,-2.6352725174763943e-06,4.044332547960783e-05,0.62,100,45,2.2638605290829866e-15,31,0.0,-4.163336342344337e-17
branch1,9,0.002856478909106292,0.005725567975799975,0.0014345445333468414,0.6509072848112327,0.573645947190675,0.07726133762055773,0.49889878544445815,-1.6018542521392227e-06,9.973460597069893e-06,0.62,100,45,2.2638605290829866e-15,31,0.0,2.7755575615628914e-17
branch2,9,0.0028564789091061727,0.005725567975799945,0.0014345445333468862,0.6509072848112374,0.5736459471906756,0.0772613376205618,0.4988987854444399,-1.6018542521392022e-06,9.973460597069902e-06,0.62,100,45,2.2638605290829866e-15,31,0.0,-4.163336342344337e-17
competing,9,0.005712957818212464,0.01145113595159992,0.002869089066693728,0.5738909314156856,0.4966295937951258,0.07726133762055978,0.49889878544444893,-1.6018542521392227e-06,9.973460597069902e-06,0.62,100,45,2.2638605290829866e-15,31,0.0,2.7755575615628914e-17
initial,4,0.04653544313875794,0.0592593168450417,0.006361936853141884,0.766885259672916,0.7064580662497467,0.060427193423169274,0.7852848398580824,-0.0005289577037040584,0.009597971535693464,0.6399999999999999,100,48,2.5338734075563236e-15,32,-3.469446951953614e-18,-6.938893903907228e-18
branch1,4,0.06716148773244084,0.07384704698536235,0.0033427796264607584,0.6751638237391979,0.6514398143653706,0.023724009373827352,0.9094674800707103,-0.0004301134323622583,0.004363374656118962,0.6399999999999999,100,48,2.5338734075563236e-15,32,-6.071532165918825e-18,-3.469446951953614e-18
branch2,4,0.06716148773243932,0.07384704698536157,0.003342779626461125,0.6751638237392036,0.6514398143653732,0.023724009373830332,0.9094674800706993,-0.0004301134323622562,0.0043633746561189376,0.6399999999999999,100,48,2.5338734075563236e-15,32,-3.469446951953614e-18,1.3877787807814457e-17
competing,4,0.13432297546488015,0.14769409397072392,0.006685559252921884,0.5018770285992145,0.4781530192253856,0.023724009373828868,0.9094674800707048,-0.0004301134323622583,0.004363374656118962,0.6399999999999999,100,48,2.5338734075563236e-15,32,3.469446951953614e-18,-2.0816681711721685e-17
initial,5,0.024432568934475072,0.03572951606210584,0.005648473563815382,0.742367648865981,0.6663556302680175,0.0760120185979635,0.6838203151703997,-0.000214333311097142,0.003199144447380751,0.6399999999999999,100,47,2.5338734075563236e-15,32,1.734723475976807e-18,-2.7755575615628914e-17
branch1,5,0.03715582569664912,0.04490587963695601,0.003875026970153445,0.6585269409180908,0.6206373086417899,0.03788963227630097,0.8274156078677755,-0.00013631342009996666,0.001240019237501569,0.6399999999999999,100,47,2.5338734075563236e-15,32,4.336808689942018e-18,-3.469446951953614e-17
branch2,5,0.03715582569664824,0.04490587963695553,0.003875026970153646,0.6585269409180955,0.620637308641792,0.03788963227630354,0.8274156078677648,-0.00013631342009997764,0.0012400192375015657,0.6399999999999999,100,47,2.5338734075563236e-15,32,-1.734723475976807e-18,-5.551115123125783e-17
competing,5,0.07431165139329736,0.08981175927391155,0.007750053940307091,0.5198975048061041,0.4820078725298019,0.037889632276302286,0.82741560786777,-0.00013631342009997764,0.001240019237501569,0.6399999999999999,100,47,2.5338734075563236e-15,32,1.0408340855860843e-17,-7.632783294297951e-17
initial,6,0.013480971640220022,0.02091667008992579,0.003717849224852884,0.7177460159934346,0.6445348043294293,0.07321121166400527,0.6445084988318928,-7.690901044365417e-05,0.0010663806789918406,0.6399999999999999,100,47,2.5338734075563236e-15,32,0.0,-2.7755575615628914e-17
branch1,6,0.020669858740082515,0.02670604394735534,0.0030180926036364117,0.6465131232278072,0.6038108956871919,0.042702227540615284,0.7739768114224729,-5.242940408535467e-05,0.0003614982101138827,0.6399999999999999,100,47,2.5338734075563236e-15,32,0.0,-2.7755575615628914e-17
branch2,6,0.020669858740081953,0.026706043947355124,0.003018092603636584,0.6465131232278117,0.6038108956871933,0.04270222754061847,0.773976811422458,-5.242940408535664e-05,0.00036149821011388135,0.6399999999999999,100,47,2.5338734075563236e-15,32,2.6020852139652106e-18,6.938893903907228e-18
competing,6,0.04133971748016447,0.05341208789471046,0.006036185207272995,0.5309885931344852,0.48828636559386834,0.042702227540616866,0.7739768114224654,-5.242940408535664e-05,0.0003614982101138827,0.6399999999999999,100,47,2.5338734075563236e-15,32,3.469446951953614e-18,0.0
initial,7,0.0072888058131424715,0.012222999624561725,0.0024670969057096264,0.7030593654314895,0.6292051267003905,0.07385423873109896,0.5963189100076425,-2.9793442296103372e-05,0.00035546022721990244,0.6399999999999999,100,46,2.5338734075563236e-15,32,8.673617379884035e-19,1.3877787807814457e-17
branch1,7,0.011519100368895628,0.016206958787932053,0.0023439292095182133,0.6376783885345167,0.5889020820236335,0.048776306510883306,0.7107502721283481,-1.2855545109469305e-05,0.00010945486364944948,0.6399999999999999,100,46,2.5338734075563236e-15,32,-1.734723475976807e-18,-3.469446951953614e-17
branch2,7,0.011519100368895228,0.016206958787931915,0.002343929209518344,0.6376783885345217,0.5889020820236347,0.048776306510887046,0.7107502721283294,-1.2855545109469683e-05,0.0001094548636494486,0.6399999999999999,100,46,2.5338734075563236e-15,32,-8.673617379884035e-19,0.0
competing,7,0.023038200737790858,0.03241391757586397,0.004687858419036557,0.5386573627402413,0.4898810562293562,0.04877630651088516,0.7107502721283387,-1.2855545109469683e-05,0.00010945486364944948,0.6399999999999999,100,46,2.5338734075563236e-15,32,-3.469446951953614e-18,0.0
initial,8,0.003972355763540858,0.007181622260034217,0.0016046332482466791,0.691049496118742,0.6170287474917499,0.07402074862699214,0.553127917301784,-1.0077885929803871e-05,0.000118486742419165,0.6399999999999999,100,46,2.5338734075563236e-15,32,8.673617379884035e-19,1.3877787807814457e-17
branch1,8,0.006416545916434839,0.009808293683443152,0.001695873883504157,0.6311094156639332,0.5780658696227206,0.05304354604121267,0.654195941060193,-4.94292487601846e-06,3.136830980341378e-05,0.6399999999999999,100,46,2.5338734075563236e-15,32,-8.673617379884035e-19,-2.7755575615628914e-17
branch2,8,0.006416545916434617,0.009808293683443086,0.0016958738835042347,0.6311094156639375,0.5780658696227213,0.05304354604121616,0.6541959410601746,-4.942924876018792e-06,3.13683098034138e-05,0.6399999999999999,100,46,2.5338734075563236e-15,32,0.0,3.469446951953614e-17
competing,8,0.012833091832869455,0.019616587366886238,0.0033917477670083918,0.5444660180939422,0.49142247205272777,0.05304354604121442,0.6541959410601837,-4.942924876018792e-06,3.13683098034138e-05,0.6399999999999999,100,46,2.5338734075563236e-15,32,-8.673617379884035e-19,5.551115123125783e-17
initial,9,0.0021603868115918,0.004209663779154425,0.0010246384837813121,0.6819408882086916,0.6078191663234054,0.07412172188528611,0.5131969974157287,-3.406533640531312e-06,3.949558080589695e-05,0.6399999999999999,100,45,2.5338734075563236e-15,32,4.336808689942018e-19,9.71445146547012e-17
branch1,9,0.0035728763200999405,0.005941641384122805,0.0011843825320114322,0.6260427017423708,0.5695299840539485,0.05651271768842219,0.6013281665984327,-1.2861545969769656e-06,9.535616402894277e-06,0.6399999999999999,100,45,2.5338734075563236e-15,32,0.0,6.245004513516506e-17
branch2,9,0.003572876320099799,0.005941641384122764,0.0011843825320114818,0.6260427017423751,0.5695299840539493,0.05651271768842582,0.601328166598413,-1.2861545969769918e-06,9.535616402894287e-06,0.6399999999999999,100,45,2.5338734075563236e-15,32,1.3010426069826053e-18,-1.3877787807814457e-17
competing,9,0.00714575264019974,0.01188328276824557,0.002368765064022914,0.5490263483468234,0.4925136306583994,0.056512717688424016,0.6013281665984228,-1.2861545969769918e-06,9.535616402894287e-06,0.6399999999999999,100,45,2.5338734075563236e-15,32,2.6020852139652106e-18,-4.163336342344337e-17
initial,4,0.042618405539916845,0.06047409227585289,0.008927843367968024,0.7888672660220104,0.701385058126512,0.08748220789549846,0.7047382430398916,-0.0006599409035093377,0.009369097593669384,0.6599999999999999,100,48,3.2181766991936926e-15,32,-3.469446951953614e-18,-2.7755575615628914e-17
branch1,4,0.0724341439680103,0.0757906097594619,0.001678232895725806,0.656269372247883,0.6449452189522723,0.01132415329561059,0.9557139624274817,-0.00027492997376980474,0.0045049295160494805,0.6599999999999999,100,48,3.2181766991936926e-15,32,-1.0408340855860843e-17,6.071532165918825e-17
branch2,4,0.07243414396800875,0.07579060975946074,0.0016782328957259903,0.6562693722478883,0.6449452189522762,0.011324153295612129,0.9557139624274759,-0.0002749299737698038,0.004504929516049451,0.6599999999999999,100,48,3.2181766991936926e-15,32,9.540979117872439e-18,-3.469446951953614e-17
competing,4,0.14486828793601905,0.15158121951892264,0.0033564657914517963,0.48298257710789927,0.47165842381228795,0.011324153295611386,0.9557139624274787,-0.00027492997376980474,0.0045049295160494805,0.6599999999999999,100,48,3.2181766991936926e-15,32,-8.673617379884035e-19,-6.938893903907228e-17
initial,5,0.021982844607501703,0.03729970872080494,0.007658432056651614,0.7634985840773479,0.657753952291312,0.10574463178603602,0.5893570046899633,-0.00026126235439485434,0.003122747750229531,0.6599999999999999,100,47,3.2181766991936926e-15,32,6.938893903907228e-18,-2.7755575615628914e-17
branch1,5,0.04103231966648875,0.046328522839731795,0.0026481015866215243,0.6386790476524813,0.6143994927025018,0.02427955494997942,0.8856815877431566,-0.00012553499297191642,0.0011899075072179168,0.6599999999999999,100,47,3.2181766991936926e-15,32,-4.336808689942018e-18,4.5102810375396984e-17
branch2,5,0.041032319666487925,0.04632852283973133,0.0026481015866217,0.6386790476524853,0.6143994927025038,0.02427955494998143,0.8856815877431476,-0.00012553499297192708,0.0011899075072179216,0.6599999999999999,100,47,3.2181766991936926e-15,32,5.204170427930421e-18,3.469446951953614e-17
competing,5,0.08206463933297667,0.09265704567946312,0.005296203173243225,0.5000496115404942,0.47577005659051375,0.024279554949980405,0.8856815877431521,-0.00012553499297192708,0.0011899075072179216,0.6599999999999999,100,47,3.2181766991936926e-15,32,0.0,5.898059818321144e-17
initial,6,0.011979683838182119,0.0224863890377326,0.005253352599775243,0.7374238462409842,0.6324741807455115,0.10494966549547265,0.5327526717642381,-9.1808901929215e-05,0.001040914378073969,0.6599999999999999,100,47,3.2181766991936926e-15,32,-3.469446951953614e-18,4.163336342344337e-17
branch1,6,0.023371497598622747,0.027688608544280385,0.0021585554728288186,0.626039675064477,0.5977890323769329,0.028250642687544045,0.8440834995823789,-4.702045803506719e-05,0.0003495329111079168,0.6599999999999999,100,47,3.2181766991936926e-15,32,8.673617379884035e-19,2.42861286636753e-17
branch2,6,0.0233714975986222,0.027688608544280117,0.0021585554728289595,0.6260396750644809,0.5977890323769345,0.028250642687546356,0.8440834995823673,-4.702045803506863e-05,0.0003495329111079155,0.6599999999999999,100,47,3.2181766991936926e-15,32,0.0,4.5102810375396984e-17
competing,6,0.046742995197244945,0.0553772170885605,0.0043171109456577785,0.5105151449711547,0.48226450228360956,0.02825064268754517,0.8440834995823732,-4.702045803506863e-05,0.0003495329111079168,0.6599999999999999,100,47,3.2181766991936926e-15,32,-3.469446951953614e-18,-4.5102810375396984e-17
initial,7,0.006413889068626411,0.013364513903755437,0.003475312417564513,0.7213270675792319,0.6164503286986133,0.10487673888061878,0.47991936817276265,-3.514041286877623e-05,0.0003469714604285096,0.6599999999999999,100,46,3.2181766991936926e-15,32,0.0,-1.249000902703301e-16
branch1,7,0.013339938859746258,0.016764813814335172,0.0017124374772944577,0.6167132602475114,0.5840675721060519,0.03264568814145937,0.7957105284604837,-1.1472519402432568e-05,0.00010317254343619968,0.6599999999999999,100,46,3.2181766991936926e-15,32,-8.673617379884035e-19,1.457167719820518e-16
branch2,7,0.013339938859745841,0.016764813814334985,0.0017124374772945724,0.6167132602475158,0.5840675721060535,0.03264568814146222,0.7957105284604677,-1.1472519402433626e-05,0.0001031725434361995,0.6599999999999999,100,46,3.2181766991936926e-15,32,-1.3010426069826053e-18,6.938893903907228e-17
competing,7,0.0266798777194921,0.03352962762867016,0.00342487495458903,0.5176922344532356,0.4850465463117749,0.03264568814146079,0.7957105284604757,-1.1472519402433626e-05,0.00010317254343619968,0.6599999999999999,100,46,3.2181766991936926e-15,32,-1.734723475976807e-18,-4.85722573273506e-17
initial,8,0.0034468575594340436,0.008005274360834503,0.0022792084007002295,0.7087865394193609,0.603456832429691,0.10532970698966991,0.43057332004730053,-1.1910369579314587e-05,0.0001156571535023107,0.6599999999999999,100,46,3.2181766991936926e-15,32,0.0,1.3877787807814457e-17
branch1,8,0.00761106186538177,0.010226399118830717,0.0013076686267244736,0.6097690726641151,0.5728478441595741,0.03692122850454089,0.7442562897204834,-4.730646398412657e-06,3.014784690719807e-05,0.6599999999999999,100,46,3.2181766991936926e-15,32,-8.673617379884035e-19,4.85722573273506e-17
branch2,8,0.007611061865381535,0.010226399118830613,0.0013076686267245387,0.6097690726641188,0.5728478441595755,0.03692122850454347,0.744256289720468,-4.730646398413038e-06,3.0147846907198093e-05,0.6599999999999999,100,46,3.2181766991936926e-15,32,0.0,-9.020562075079397e-17
competing,8,0.015222123730763305,0.02045279823766133,0.0026153372534490123,0.5231256750941238,0.4862044465895816,0.036921228504542186,0.7442562897204756,-4.730646398413038e-06,3.0147846907198093e-05,0.6599999999999999,100,46,3.2181766991936926e-15,32,0.0,-2.7755575615628914e-17
initial,9,0.0018568104747149951,0.004787518936184357,0.0014653542307346808,0.6987661179719269,0.5935269965716029,0.10523912140032397,0.38784399591218527,-4.033661695118686e-06,3.855238450010393e-05,0.6599999999999999,100,45,3.2181766991936926e-15,32,0.0,1.3877787807814457e-17
branch1,9,0.0043405108092775145,0.006205961476850687,0.0009327253337865861,0.6044181377561642,0.5646938800421366,0.039724257714027655,0.699409886037542,-1.1465742677072152e-06,8.927165534284437e-06,0.6599999999999999,100,45,3.2181766991936926e-15,32,2.168404344971009e-19,-1.1102230246251565e-16
branch2,9,0.004340510809277368,0.0062059614768506235,0.0009327253337866282,0.6044181377561679,0.5646938800421376,0.03972425771403028,0.6994098860375255,-1.1465742677072821e-06,8.927165534284479e-06,0.6599999999999999,100,45,3.2181766991936926e-15,32,-8.673617379884035e-19,4.163336342344337e-17
competing,9,0.008681021618554881,0.012411922953701311,0.0018654506675732144,0.5274017843606166,0.48767752664658764,0.03972425771402898,0.6994098860375336,-1.1465742677072821e-06,8.927165534284479e-06,0.6599999999999999,100,45,3.2181766991936926e-15,32,8.673617379884035e-19,-4.85722573273506e-17
initial,4,0.03885233936281858,0.06254162931118473,0.011844644974183069,0.8119967471805453,0.6929807187465793,0.11901602843396598,0.6212236520015055,-0.0007555650686049248,0.009143334873973412,0.6799999999999999,100,48,5.249943842684382e-15,32,1.3877787807814457e-17,-1.3877787807814457e-17
branch1,4,0.07718211871064706,0.07894848841528554,0.0008831848523192398,0.6403968679248043,0.634739921141322,0.005656946783482308,0.9776263011478193,-0.0001457699168898431,0.004589103417284241,0.6799999999999999,100,48,5.249943842684382e-15,32,-3.2526065174565133e-18,-3.2959746043559335e-17
branch2,4,0.07718211871064543,0.07894848841528426,0.0008831848523194147,0.6403968679248097,0.634739921141326,0.005656946783483556,0.9776263011478143,-0.0001457699168898591,0.004589103417284214,0.6799999999999999,100,48,5.249943842684382e-15,32,7.806255641895632e-18,5.117434254131581e-17
competing,4,0.1543642374212925,0.1578969768305698,0.0017663697046386546,0.46711007278482064,0.4614531260013377,0.0056569467834829594,0.9776263011478168,-0.0001457699168898591,0.004589103417284241,0.6799999999999999,100,48,5.249943842684382e-15,32,4.336808689942018e-18,-1.8214596497756474e-17
initial,5,0.01972406532483319,0.039344307529768495,0.009810121102467652,0.7851831597358441,0.6470807954210246,0.13810236431481948,0.5013194172984152,-0.0002952926715223008,0.0030473382978960777,0.6799999999999999,100,47,5.249943842684382e-15,32,0.0,0.0
branch1,5,0.04463853711652825,0.04782845307969741,0.0015949579815845796,0.6218315464266287,0.6080269127728031,0.013804633653825657,0.9333050567649817,-0.00011282028973639832,0.0011887244863196752,0.6799999999999999,100,47,5.249943842684382e-15,32,-2.168404344971009e-18,1.3877787807814457e-17
branch2,5,0.04463853711652733,0.04782845307969677,0.0015949579815847195,0.6218315464266329,0.6080269127728057,0.013804633653827109,0.9333050567649748,-0.00011282028973640527,0.0011887244863196791,0.6799999999999999,100,47,5.249943842684382e-15,32,2.6020852139652106e-18,5.204170427930421e-18
competing,5,0.08927707423305559,0.09565690615939418,0.0031899159631692993,0.48320211031464166,0.46939747666081527,0.013804633653826361,0.9333050567649783,-0.00011282028973640527,0.0011887244863196791,0.6799999999999999,100,47,5.249943842684382e-15,32,-6.938893903907228e-18,3.122502256758253e-17
initial,6,0.01055231728295184,0.02428307174381787,0.006865377230433017,0.7585682992509867,0.6196626345760269,0.1389056646749597,0.4345544663491064,-0.00010262948381344231,0.001015776589455618,0.6799999999999999,100,47,5.249943842684382e-15,32,-1.734723475976807e-18,8.326672684688674e-17
branch1,6,0.025953503923450756,0.028986397661986955,0.0015164468692681005,0.6085747754222605,0.5901547675284322,0.018420007893828312,0.8953683802346517,-3.997564605570111e-05,0.00034024888891470814,0.6799999999999999,100,47,5.249943842684382e-15,32,-1.734723475976807e-18,-6.245004513516506e-17
branch2,6,0.025953503923450125,0.028986397661986588,0.0015164468692682302,0.6085747754222646,0.5901547675284343,0.018420007893830234,0.8953683802346413,-3.9975646055702814e-05,0.0003402488889147071,0.6799999999999999,100,47,5.249943842684382e-15,32,2.6020852139652106e-18,1.3877787807814457e-17
competing,6,0.05190700784690088,0.05797279532397354,0.0030328937385363307,0.4930502453289383,0.47463023743510907,0.018420007893829273,0.8953683802346465,-3.9975646055702814e-05,0.00034024888891470814,0.6799999999999999,100,47,5.249943842684382e-15,32,8.673617379884035e-19,-2.42861286636753e-17
initial,7,0.00560915034872215,0.014692290849255404,0.004541570250266627,0.7404794319869141,0.6029189078262085,0.13756052416070566,0.3817750687263599,-3.900739367891171e-05,0.00033859219712053016,0.6799999999999999,100,46,5.249943842684382e-15,32,0.0,-2.7755575615628914e-17
branch1,7,0.015126009997344248,0.01751166505292766,0.0011928275277917062,0.5987627858015397,0.5778411493802479,0.020921636421291884,0.8637676629622052,-1.0312314717102694e-05,0.00010198380287497561,0.6799999999999999,100,46,5.249943842684382e-15,32,8.673617379884035e-19,-2.7755575615628914e-17
branch2,7,0.015126009997343757,0.017511665052927373,0.0011928275277918094,0.5987627858015444,0.5778411493802501,0.02092163642129416,0.8637676629621914,-1.0312314717103847e-05,0.00010198380287497531,0.6799999999999999,100,46,5.249943842684382e-15,32,-2.6020852139652106e-18,1.3877787807814457e-16
competing,7,0.030252019994688004,0.03502333010585504,0.0023856550555835156,0.49974176000726417,0.4788201235859711,0.02092163642129304,0.8637676629621982,-1.0312314717103847e-05,0.00010198380287497561,0.6799999999999999,100,46,5.249943842684382e-15,32,3.469446951953614e-18,3.8163916471489756e-17
initial,8,0.002960047125842169,0.008952667086706771,0.0029963099804323013,0.727818761235035,0.5894754740716736,0.1383432871633614,0.3306329942992462,-1.3261905594977582e-05,0.00011286406576020605,0.6799999999999999,100,46,5.249943842684382e-15,32,0.0,2.7755575615628914e-17
branch1,8,0.008812840026818189,0.010725109068827805,0.0009561345210048085,0.5914431908730793,0.5668959555790115,0.024547235294067746,0.8217016694433844,-4.282463991520546e-06,2.827362909318055e-05,0.6799999999999999,100,46,5.249943842684382e-15,32,-1.3010426069826053e-18,2.42861286636753e-17
branch2,8,0.008812840026817904,0.010725109068827647,0.000956134521004871,0.5914431908730833,0.5668959555790134,0.02454723529406996,0.82170166944337,-4.282463991520974e-06,2.8273629093180654e-05,0.6799999999999999,100,46,5.249943842684382e-15,32,4.336808689942018e-19,-7.979727989493313e-17
competing,8,0.017625680053636093,0.02145021813765545,0.0019122690420096795,0.5047997933030881,0.4802525580090193,0.024547235294068843,0.8217016694433772,-4.282463991520974e-06,2.8273629093180654e-05,0.6799999999999999,100,46,5.249943842684382e-15,32,-2.6020852139652106e-18,-1.734723475976807e-17
initial,9,0.0015809766260999826,0.005459761890742231,0.0019393926323211241,0.7166347227905084,0.5789277888811585,0.1377069339093499,0.2895687866499716,-4.504737330799736e-06,3.762135525240302e-05,0.6799999999999999,100,45,5.249943842684382e-15,32,4.336808689942018e-19,5.551115123125783e-17
branch1,9,0.005131941113247957,0.006536367265814379,0.0007022130762832111,0.5858079229689058,0.5589304146425591,0.026877508326346625,0.7851365910982908,-1.0917095680902093e-06,8.718452536379206e-06,0.6799999999999999,100,45,5.249943842684382e-15,32,-6.505213034913027e-19,9.71445146547012e-17
branch2,9,0.005131941113247769,0.006536367265814272,0.0007022130762832511,0.5858079229689098,0.558930414642561,0.02687750832634889,0.7851365910982748,-1.0917095680902129e-06,8.718452536379231e-06,0.6799999999999999,100,45,5.249943842684382e-15,32,8.673617379884035e-19,-5.898059818321144e-17
competing,9,0.010263882226495727,0.01307273453162865,0.0014044261525664624,0.5087915695733584,0.48191406124701064,0.026877508326347745,0.7851365910982829,-1.0917095680902129e-06,8.718452536379231e-06,0.6799999999999999,100,45,5.249943842684382e-15,32,-1.734723475976807e-18,-2.42861286636753e-17
initial,4,0.03527651403142514,0.06450821738768235,0.014615851678128608,0.8361344653396288,0.6852406654839645,0.15089379985566434,0.5468530283424183,-0.0008158839421038046,0.008922379810351258,0.7,100,48,1.1036749771529635e-14,32,-6.938893903907228e-18,-2.7755575615628914e-17
branch1,4,0.08133009069418216,0.0822529131013222,0.00046141120357001854,0.6273098029164922,0.6244891180796478,0.002820684836844477,0.9887806720474049,-0.0001297516928146719,0.004612877660707717,0.7,100,48,1.1036749771529635e-14,32,-3.3610267347050637e-18,-8.760353553682876e-17
branch2,4,0.08133009069418048,0.08225291310132067,0.00046141120357009834,0.6273098029164974,0.6244891180796525,0.002820684836844971,0.9887806720474029,-0.0001297516928147067,0.004612877660707688,0.7,100,48,1.1036749771529635e-14,32,-1.0299920638612292e-17,-2.6454533008646308e-17
competing,4,0.16266018138836263,0.16450582620264287,0.0009228224071401169,0.4540230077765085,0.4512023229396638,0.0028206848368447514,0.9887806720474038,-0.0001297516928147067,0.004612877660707717,0.7,100,48,1.1036749771529635e-14,32,2.168404344971009e-19,-2.905661822261152e-17
initial,5,0.017685758602851476,0.04132362199673024,0.01181893169693938,0.8069991123949165,0.6372641962685386,0.16973491612637787,0.4279818115713786,-0.0003162011875510848,0.002973464175965535,0.7,100,47,1.1036749771529635e-14,32,0.0,5.551115123125783e-17
branch1,5,0.047895681920539585,0.04996174082169879,0.001033029450579604,0.6077459852850986,0.5992995500044771,0.008446435280621405,0.9586471794781438,-0.00010064614323041667,0.0011814390865971286,0.7,100,47,1.1036749771529635e-14,32,-2.6020852139652106e-18,9.540979117872439e-17
branch2,5,0.04789568192053864,0.049961740821698054,0.0010330294505797092,0.6077459852851025,0.5992995500044801,0.008446435280622427,0.958647179478139,-0.00010064614323042219,0.0011814390865971306,0.7,100,47,1.1036749771529635e-14,32,-4.7704895589362195e-18,-3.8163916471489756e-17
competing,5,0.09579136384107823,0.09992348164339684,0.002066058901159313,0.4691165491731114,0.4606701138924896,0.008446435280621915,0.9586471794781415,-0.00010064614323042219,0.0011814390865971306,0.7,100,47,1.1036749771529635e-14,32,-6.938893903907228e-18,-8.153200337090993e-17
initial,6,0.009211378967480416,0.02595386623981346,0.008371243636166521,0.7812192858162628,0.6085724487368491,0.1726468370794136,0.3549135563221051,-0.00010940984986245527,0.0009911496452219696,0.7,100,47,1.1036749771529635e-14,32,3.469446951953614e-18,2.7755575615628914e-17
branch1,6,0.028345760187102005,0.030424122431764174,0.001039181122331083,0.5938796354126064,0.5820865806967664,0.011793054715839859,0.9316870273144752,-3.1513848734259226e-05,0.00033748151713141797,0.7,100,47,1.1036749771529635e-14,32,3.469446951953614e-18,5.377642775528102e-17
branch2,6,0.028345760187101342,0.030424122431763703,0.0010391811223311807,0.5938796354126102,0.5820865806967691,0.01179305471584117,0.9316870273144678,-3.151384873426034e-05,0.00033748151713141683,0.7,100,47,1.1036749771529635e-14,32,-1.3010426069826053e-18,-3.642919299551295e-17
competing,6,0.056691520374203344,0.06084824486352788,0.002078362244662264,0.4783551053192841,0.4665620506034436,0.011793054715840516,0.9316870273144714,-3.151384873426034e-05,0.00033748151713141797,0.7,100,47,1.1036749771529635e-14,32,5.204170427930421e-18,6.938893903907228e-18
initial,7,0.004879973226872933,0.015955797367500444,0.0055379120703137556,0.7603736493469516,0.5911332920677627,0.16924035727918896,0.3058432690310234,-4.13797796929304e-05,0.00033038321347108603,0.7,100,46,1.1036749771529635e-14,32,0.0,0.0
branch1,7,0.01682087044342949,0.01845444038581878,0.0008167849711946435,0.583590696467884,0.5703500380191723,0.013240658448711692,0.9114809277205393,-9.227870206512128e-06,0.00010095686305290644,0.7,100,46,1.1036749771529635e-14,32,2.6020852139652106e-18,3.469446951953614e-18
branch2,7,0.016820870443428986,0.018454440385818442,0.0008167849711947291,0.5835906964678882,0.5703500380191748,0.013240658448713338,0.9114809277205288,-9.227870206512096e-06,0.00010095686305290582,0.7,100,46,1.1036749771529635e-14,32,-2.168404344971009e-18,2.2551405187698492e-17
competing,7,0.03364174088685848,0.03690888077163722,0.0016335699423893726,0.4845696706736081,0.47132901222489565,0.013240658448712472,0.9114809277205342,-9.227870206512128e-06,0.00010095686305290644,0.7,100,46,1.1036749771529635e-14,32,-6.5052130349130266e-18,0.0
initial,8,0.0025161813774360496,0.009870030534173213,0.003676924578368581,0.7481266066426625,0.5772815414883702,0.1708450651542923,0.25493146842091546,-1.4127084085948115e-05,0.00011012773792897103,0.7,100,46,1.1036749771529635e-14,32,8.673617379884035e-19,2.7755575615628914e-17
branch1,8,0.009979999046389451,0.011326992173368196,0.0006734965634893721,0.575896535526366,0.5600708392168862,0.01582569630947984,0.8810811284794767,-3.6099145198728134e-06,2.698364872427423e-05,0.7,100,46,1.1036749771529635e-14,32,4.336808689942018e-19,-1.0408340855860843e-17
branch2,8,0.009979999046389163,0.011326992173368005,0.000673496563489422,0.5758965355263697,0.5600708392168883,0.015825696309481357,0.8810811284794662,-3.6099145198731904e-06,2.69836487242743e-05,0.7,100,46,1.1036749771529635e-14,32,-2.168404344971009e-18,2.7755575615628914e-17
competing,8,0.019959998092778614,0.0226539843467362,0.0013469931269787941,0.48925313795637465,0.4734274416468941,0.0158256963094806,0.8810811284794715,-3.6099145198731904e-06,2.69836487242743e-05,0.7,100,46,1.1036749771529635e-14,32,-1.734723475976807e-18,-4.85722573273506e-17
initial,9,0.001333794663692409,0.006121802474001048,0.002394003905154319,0.7355252520671638,0.5662109671028185,0.16931428496434536,0.21787613523254962,-4.817940788889868e-06,3.670924597469421e-05,0.7,100,45,1.1036749771529635e-14,32,0.0,-5.551115123125783e-17
branch1,9,0.005917776880516645,0.006933839878633391,0.0005080314990583726,0.5699771586170974,0.5523712804659341,0.017605878151163427,0.8534631580911263,-9.871590438621606e-07,8.573366191729127e-06,0.7,100,45,1.1036749771529635e-14,32,2.168404344971009e-19,-1.0408340855860843e-16
branch2,9,0.005917776880516449,0.006933839878633258,0.0005080314990584046,0.5699771586171011,0.5523712804659362,0.01760587815116499,0.8534631580911143,-9.871590438621625e-07,8.573366191729122e-06,0.7,100,45,1.1036749771529635e-14,32,-4.336808689942018e-19,-1.1102230246251565e-16
competing,9,0.011835553761033095,0.01386767975726665,0.001016062998116777,0.49296080522154984,0.47535492707038557,0.017605878151164208,0.8534631580911203,-9.871590438621625e-07,8.573366191729127e-06,0.7,100,45,1.1036749771529635e-14,32,8.673617379884035e-19,5.898059818321144e-17
